ISO-10303-21;
HEADER;
/* Generated by software containing ST-Developer
 * from STEP Tools, Inc. (www.steptools.com) 
 */
/* OPTION: using custom renumber hook */

FILE_DESCRIPTION(
/* description */ ('STEP AP214'),
/* implementation_level */ '2;1');

FILE_NAME(
/* name */ 'FTSH-110-01-L-DV-007-K-P-TR',
/* time_stamp */ '2026-08-08T12:18:32+02:00',
/* author */ ('License CC BY-ND 4.0'),
/* organization */ ('CADENAS'),
/* preprocessor_version */ 'ST-DEVELOPER v20',
/* originating_system */ 'PARTsolutions',
/* authorisation */ '  ');

FILE_SCHEMA (('AUTOMOTIVE_DESIGN {1 0 10303 214 3 1 1}'));
ENDSEC;

DATA;
#10=PROPERTY_DEFINITION_REPRESENTATION(#14,#12);
#11=PROPERTY_DEFINITION_REPRESENTATION(#15,#13);
#12=REPRESENTATION('',(#16),#14927);
#13=REPRESENTATION('',(#17),#14927);
#14=PROPERTY_DEFINITION('pmi validation property','',#14943);
#15=PROPERTY_DEFINITION('pmi validation property','',#14943);
#16=VALUE_REPRESENTATION_ITEM('number of annotations',COUNT_MEASURE(0.));
#17=VALUE_REPRESENTATION_ITEM('number of views',COUNT_MEASURE(0.));
#18=CIRCLE('',#9755,0.0250000000000005);
#19=CIRCLE('',#9756,0.0250000000000005);
#20=CIRCLE('',#9758,0.0250000000000005);
#21=CIRCLE('',#9759,0.0250000000000005);
#22=CIRCLE('',#9761,0.0250000000000005);
#23=CIRCLE('',#9762,0.0250000000000005);
#24=CIRCLE('',#9764,0.0250000000000005);
#25=CIRCLE('',#9765,0.0250000000000005);
#26=CIRCLE('',#9767,0.0250000000000005);
#27=CIRCLE('',#9768,0.0250000000000005);
#28=CIRCLE('',#9770,0.0250000000000005);
#29=CIRCLE('',#9771,0.0250000000000005);
#30=CIRCLE('',#9773,0.0250000000000005);
#31=CIRCLE('',#9774,0.0250000000000005);
#32=CIRCLE('',#9776,0.0250000000000005);
#33=CIRCLE('',#9777,0.0250000000000005);
#34=CIRCLE('',#9779,0.0250000000000005);
#35=CIRCLE('',#9780,0.0250000000000005);
#36=CIRCLE('',#9799,0.0250000000000005);
#37=CIRCLE('',#9800,0.0250000000000005);
#38=CIRCLE('',#9802,0.0250000000000005);
#39=CIRCLE('',#9803,0.0250000000000005);
#40=CIRCLE('',#9805,0.0250000000000005);
#41=CIRCLE('',#9806,0.0250000000000005);
#42=CIRCLE('',#9808,0.0250000000000005);
#43=CIRCLE('',#9809,0.0250000000000005);
#44=CIRCLE('',#9811,0.0250000000000005);
#45=CIRCLE('',#9812,0.0250000000000005);
#46=CIRCLE('',#9814,0.0250000000000005);
#47=CIRCLE('',#9815,0.0250000000000005);
#48=CIRCLE('',#9817,0.0250000000000005);
#49=CIRCLE('',#9818,0.0250000000000005);
#50=CIRCLE('',#9820,0.0250000000000005);
#51=CIRCLE('',#9821,0.0250000000000005);
#52=CIRCLE('',#9850,0.0250000000000005);
#53=CIRCLE('',#9851,0.0250000000000005);
#54=CIRCLE('',#9856,0.0250000000000005);
#55=CIRCLE('',#9857,0.0250000000000005);
#56=CIRCLE('',#9911,0.00999999999999479);
#57=CIRCLE('',#9912,0.00999999999999479);
#58=CIRCLE('',#9915,0.0099999999999931);
#59=CIRCLE('',#9916,0.0099999999999931);
#60=CIRCLE('',#9925,0.0099999999999948);
#61=CIRCLE('',#9926,0.0099999999999948);
#62=CIRCLE('',#9929,0.00999999999999479);
#63=CIRCLE('',#9930,0.00999999999999479);
#64=CIRCLE('',#9939,0.00999999999999309);
#65=CIRCLE('',#9940,0.00999999999999309);
#66=CIRCLE('',#9943,0.0099999999999948);
#67=CIRCLE('',#9944,0.0099999999999948);
#68=CYLINDRICAL_SURFACE('',#9754,0.0250000000000005);
#69=CYLINDRICAL_SURFACE('',#9757,0.0250000000000005);
#70=CYLINDRICAL_SURFACE('',#9760,0.0250000000000005);
#71=CYLINDRICAL_SURFACE('',#9763,0.0250000000000005);
#72=CYLINDRICAL_SURFACE('',#9766,0.0250000000000005);
#73=CYLINDRICAL_SURFACE('',#9769,0.0250000000000005);
#74=CYLINDRICAL_SURFACE('',#9772,0.0250000000000005);
#75=CYLINDRICAL_SURFACE('',#9775,0.0250000000000005);
#76=CYLINDRICAL_SURFACE('',#9778,0.0250000000000005);
#77=CYLINDRICAL_SURFACE('',#9798,0.0250000000000005);
#78=CYLINDRICAL_SURFACE('',#9801,0.0250000000000005);
#79=CYLINDRICAL_SURFACE('',#9804,0.0250000000000005);
#80=CYLINDRICAL_SURFACE('',#9807,0.0250000000000005);
#81=CYLINDRICAL_SURFACE('',#9810,0.0250000000000005);
#82=CYLINDRICAL_SURFACE('',#9813,0.0250000000000005);
#83=CYLINDRICAL_SURFACE('',#9816,0.0250000000000005);
#84=CYLINDRICAL_SURFACE('',#9819,0.0250000000000005);
#85=CYLINDRICAL_SURFACE('',#9849,0.0250000000000005);
#86=CYLINDRICAL_SURFACE('',#9855,0.0250000000000005);
#87=CYLINDRICAL_SURFACE('',#9910,0.00999999999999479);
#88=CYLINDRICAL_SURFACE('',#9914,0.0099999999999931);
#89=CYLINDRICAL_SURFACE('',#9924,0.0099999999999948);
#90=CYLINDRICAL_SURFACE('',#9928,0.00999999999999479);
#91=CYLINDRICAL_SURFACE('',#9938,0.00999999999999309);
#92=CYLINDRICAL_SURFACE('',#9942,0.0099999999999948);
#93=CONTEXT_DEPENDENT_SHAPE_REPRESENTATION(#101,#14945);
#94=CONTEXT_DEPENDENT_SHAPE_REPRESENTATION(#102,#14947);
#95=CONTEXT_DEPENDENT_SHAPE_REPRESENTATION(#103,#14949);
#96=CONTEXT_DEPENDENT_SHAPE_REPRESENTATION(#104,#14951);
#97=NEXT_ASSEMBLY_USAGE_OCCURRENCE('NAUO1',
'FTSH-110-01-L-DV-007-K-P-TR_body','FTSH-110-01-L-DV-007-K-P-TR_body',#14952,
#14953,'');
#98=NEXT_ASSEMBLY_USAGE_OCCURRENCE('NAUO2',
'FTSH-110-01-L-DV-007-K-P-TR_pins1','FTSH-110-01-L-DV-007-K-P-TR_pins1',
#14952,#14954,'');
#99=NEXT_ASSEMBLY_USAGE_OCCURRENCE('NAUO3',
'FTSH-110-01-L-DV-007-K-P-TR_pins2','FTSH-110-01-L-DV-007-K-P-TR_pins2',
#14952,#14955,'');
#100=NEXT_ASSEMBLY_USAGE_OCCURRENCE('NAUO4',
'FTSH-110-01-L-DV-007-K-P-TR_pp_pad',
'FTSH-110-01-L-DV-007-K-P-TR_pp_pad',#14952,#14956,'');
#101=(
REPRESENTATION_RELATIONSHIP(' ',' ',#9420,#9419)
REPRESENTATION_RELATIONSHIP_WITH_TRANSFORMATION(#105)
SHAPE_REPRESENTATION_RELATIONSHIP()
);
#102=(
REPRESENTATION_RELATIONSHIP(' ',' ',#9421,#9419)
REPRESENTATION_RELATIONSHIP_WITH_TRANSFORMATION(#106)
SHAPE_REPRESENTATION_RELATIONSHIP()
);
#103=(
REPRESENTATION_RELATIONSHIP(' ',' ',#9422,#9419)
REPRESENTATION_RELATIONSHIP_WITH_TRANSFORMATION(#107)
SHAPE_REPRESENTATION_RELATIONSHIP()
);
#104=(
REPRESENTATION_RELATIONSHIP(' ',' ',#9423,#9419)
REPRESENTATION_RELATIONSHIP_WITH_TRANSFORMATION(#108)
SHAPE_REPRESENTATION_RELATIONSHIP()
);
#105=ITEM_DEFINED_TRANSFORMATION(' ',' ',#9424,#9549);
#106=ITEM_DEFINED_TRANSFORMATION(' ',' ',#9424,#9725);
#107=ITEM_DEFINED_TRANSFORMATION(' ',' ',#9424,#9905);
#108=ITEM_DEFINED_TRANSFORMATION(' ',' ',#9424,#9957);
#109=SHAPE_REPRESENTATION_RELATIONSHIP('','',#9420,#113);
#110=SHAPE_REPRESENTATION_RELATIONSHIP('','',#9421,#114);
#111=SHAPE_REPRESENTATION_RELATIONSHIP('','',#9422,#115);
#112=SHAPE_REPRESENTATION_RELATIONSHIP('','',#9423,#116);
#113=ADVANCED_BREP_SHAPE_REPRESENTATION('',(#9410),#14928);
#114=ADVANCED_BREP_SHAPE_REPRESENTATION('',(#9411),#14929);
#115=ADVANCED_BREP_SHAPE_REPRESENTATION('',(#9412),#14930);
#116=ADVANCED_BREP_SHAPE_REPRESENTATION('',(#9413),#14931);
#117=ORIENTED_EDGE('',*,*,#2739,.T.);
#118=ORIENTED_EDGE('',*,*,#2740,.T.);
#119=ORIENTED_EDGE('',*,*,#2741,.T.);
#120=ORIENTED_EDGE('',*,*,#2742,.T.);
#121=ORIENTED_EDGE('',*,*,#2743,.F.);
#122=ORIENTED_EDGE('',*,*,#2744,.F.);
#123=ORIENTED_EDGE('',*,*,#2745,.T.);
#124=ORIENTED_EDGE('',*,*,#2746,.T.);
#125=ORIENTED_EDGE('',*,*,#2747,.T.);
#126=ORIENTED_EDGE('',*,*,#2748,.T.);
#127=ORIENTED_EDGE('',*,*,#2749,.T.);
#128=ORIENTED_EDGE('',*,*,#2750,.T.);
#129=ORIENTED_EDGE('',*,*,#2751,.T.);
#130=ORIENTED_EDGE('',*,*,#2752,.T.);
#131=ORIENTED_EDGE('',*,*,#2753,.F.);
#132=ORIENTED_EDGE('',*,*,#2754,.T.);
#133=ORIENTED_EDGE('',*,*,#2755,.T.);
#134=ORIENTED_EDGE('',*,*,#2756,.T.);
#135=ORIENTED_EDGE('',*,*,#2757,.T.);
#136=ORIENTED_EDGE('',*,*,#2758,.T.);
#137=ORIENTED_EDGE('',*,*,#2759,.F.);
#138=ORIENTED_EDGE('',*,*,#2749,.F.);
#139=ORIENTED_EDGE('',*,*,#2760,.F.);
#140=ORIENTED_EDGE('',*,*,#2741,.F.);
#141=ORIENTED_EDGE('',*,*,#2761,.F.);
#142=ORIENTED_EDGE('',*,*,#2745,.F.);
#143=ORIENTED_EDGE('',*,*,#2762,.F.);
#144=ORIENTED_EDGE('',*,*,#2757,.F.);
#145=ORIENTED_EDGE('',*,*,#2763,.T.);
#146=ORIENTED_EDGE('',*,*,#2764,.T.);
#147=ORIENTED_EDGE('',*,*,#2765,.T.);
#148=ORIENTED_EDGE('',*,*,#2766,.T.);
#149=ORIENTED_EDGE('',*,*,#2767,.F.);
#150=ORIENTED_EDGE('',*,*,#2768,.F.);
#151=ORIENTED_EDGE('',*,*,#2769,.F.);
#152=ORIENTED_EDGE('',*,*,#2770,.T.);
#153=ORIENTED_EDGE('',*,*,#2771,.F.);
#154=ORIENTED_EDGE('',*,*,#2772,.T.);
#155=ORIENTED_EDGE('',*,*,#2773,.T.);
#156=ORIENTED_EDGE('',*,*,#2774,.F.);
#157=ORIENTED_EDGE('',*,*,#2775,.F.);
#158=ORIENTED_EDGE('',*,*,#2776,.T.);
#159=ORIENTED_EDGE('',*,*,#2777,.T.);
#160=ORIENTED_EDGE('',*,*,#2778,.F.);
#161=ORIENTED_EDGE('',*,*,#2779,.T.);
#162=ORIENTED_EDGE('',*,*,#2780,.T.);
#163=ORIENTED_EDGE('',*,*,#2781,.F.);
#164=ORIENTED_EDGE('',*,*,#2782,.T.);
#165=ORIENTED_EDGE('',*,*,#2781,.T.);
#166=ORIENTED_EDGE('',*,*,#2783,.T.);
#167=ORIENTED_EDGE('',*,*,#2784,.F.);
#168=ORIENTED_EDGE('',*,*,#2785,.T.);
#169=ORIENTED_EDGE('',*,*,#2784,.T.);
#170=ORIENTED_EDGE('',*,*,#2786,.T.);
#171=ORIENTED_EDGE('',*,*,#2787,.F.);
#172=ORIENTED_EDGE('',*,*,#2788,.T.);
#173=ORIENTED_EDGE('',*,*,#2789,.T.);
#174=ORIENTED_EDGE('',*,*,#2790,.T.);
#175=ORIENTED_EDGE('',*,*,#2791,.F.);
#176=ORIENTED_EDGE('',*,*,#2792,.T.);
#177=ORIENTED_EDGE('',*,*,#2791,.T.);
#178=ORIENTED_EDGE('',*,*,#2793,.T.);
#179=ORIENTED_EDGE('',*,*,#2794,.F.);
#180=ORIENTED_EDGE('',*,*,#2795,.T.);
#181=ORIENTED_EDGE('',*,*,#2794,.T.);
#182=ORIENTED_EDGE('',*,*,#2796,.T.);
#183=ORIENTED_EDGE('',*,*,#2797,.F.);
#184=ORIENTED_EDGE('',*,*,#2798,.T.);
#185=ORIENTED_EDGE('',*,*,#2799,.T.);
#186=ORIENTED_EDGE('',*,*,#2800,.T.);
#187=ORIENTED_EDGE('',*,*,#2801,.F.);
#188=ORIENTED_EDGE('',*,*,#2802,.T.);
#189=ORIENTED_EDGE('',*,*,#2801,.T.);
#190=ORIENTED_EDGE('',*,*,#2803,.T.);
#191=ORIENTED_EDGE('',*,*,#2804,.F.);
#192=ORIENTED_EDGE('',*,*,#2805,.T.);
#193=ORIENTED_EDGE('',*,*,#2804,.T.);
#194=ORIENTED_EDGE('',*,*,#2806,.T.);
#195=ORIENTED_EDGE('',*,*,#2807,.F.);
#196=ORIENTED_EDGE('',*,*,#2808,.T.);
#197=ORIENTED_EDGE('',*,*,#2809,.T.);
#198=ORIENTED_EDGE('',*,*,#2810,.T.);
#199=ORIENTED_EDGE('',*,*,#2811,.F.);
#200=ORIENTED_EDGE('',*,*,#2812,.T.);
#201=ORIENTED_EDGE('',*,*,#2811,.T.);
#202=ORIENTED_EDGE('',*,*,#2813,.T.);
#203=ORIENTED_EDGE('',*,*,#2814,.F.);
#204=ORIENTED_EDGE('',*,*,#2815,.T.);
#205=ORIENTED_EDGE('',*,*,#2814,.T.);
#206=ORIENTED_EDGE('',*,*,#2816,.T.);
#207=ORIENTED_EDGE('',*,*,#2817,.F.);
#208=ORIENTED_EDGE('',*,*,#2818,.T.);
#209=ORIENTED_EDGE('',*,*,#2819,.T.);
#210=ORIENTED_EDGE('',*,*,#2820,.T.);
#211=ORIENTED_EDGE('',*,*,#2821,.F.);
#212=ORIENTED_EDGE('',*,*,#2822,.T.);
#213=ORIENTED_EDGE('',*,*,#2821,.T.);
#214=ORIENTED_EDGE('',*,*,#2823,.T.);
#215=ORIENTED_EDGE('',*,*,#2824,.F.);
#216=ORIENTED_EDGE('',*,*,#2825,.T.);
#217=ORIENTED_EDGE('',*,*,#2824,.T.);
#218=ORIENTED_EDGE('',*,*,#2826,.T.);
#219=ORIENTED_EDGE('',*,*,#2827,.F.);
#220=ORIENTED_EDGE('',*,*,#2828,.T.);
#221=ORIENTED_EDGE('',*,*,#2829,.T.);
#222=ORIENTED_EDGE('',*,*,#2830,.T.);
#223=ORIENTED_EDGE('',*,*,#2831,.F.);
#224=ORIENTED_EDGE('',*,*,#2832,.T.);
#225=ORIENTED_EDGE('',*,*,#2831,.T.);
#226=ORIENTED_EDGE('',*,*,#2833,.T.);
#227=ORIENTED_EDGE('',*,*,#2834,.F.);
#228=ORIENTED_EDGE('',*,*,#2835,.T.);
#229=ORIENTED_EDGE('',*,*,#2834,.T.);
#230=ORIENTED_EDGE('',*,*,#2836,.T.);
#231=ORIENTED_EDGE('',*,*,#2837,.F.);
#232=ORIENTED_EDGE('',*,*,#2838,.T.);
#233=ORIENTED_EDGE('',*,*,#2839,.T.);
#234=ORIENTED_EDGE('',*,*,#2840,.T.);
#235=ORIENTED_EDGE('',*,*,#2841,.F.);
#236=ORIENTED_EDGE('',*,*,#2842,.T.);
#237=ORIENTED_EDGE('',*,*,#2841,.T.);
#238=ORIENTED_EDGE('',*,*,#2843,.T.);
#239=ORIENTED_EDGE('',*,*,#2844,.F.);
#240=ORIENTED_EDGE('',*,*,#2845,.T.);
#241=ORIENTED_EDGE('',*,*,#2844,.T.);
#242=ORIENTED_EDGE('',*,*,#2846,.T.);
#243=ORIENTED_EDGE('',*,*,#2847,.F.);
#244=ORIENTED_EDGE('',*,*,#2848,.T.);
#245=ORIENTED_EDGE('',*,*,#2849,.T.);
#246=ORIENTED_EDGE('',*,*,#2850,.T.);
#247=ORIENTED_EDGE('',*,*,#2851,.F.);
#248=ORIENTED_EDGE('',*,*,#2852,.T.);
#249=ORIENTED_EDGE('',*,*,#2851,.T.);
#250=ORIENTED_EDGE('',*,*,#2853,.T.);
#251=ORIENTED_EDGE('',*,*,#2854,.F.);
#252=ORIENTED_EDGE('',*,*,#2855,.T.);
#253=ORIENTED_EDGE('',*,*,#2854,.T.);
#254=ORIENTED_EDGE('',*,*,#2856,.T.);
#255=ORIENTED_EDGE('',*,*,#2857,.F.);
#256=ORIENTED_EDGE('',*,*,#2858,.T.);
#257=ORIENTED_EDGE('',*,*,#2787,.T.);
#258=ORIENTED_EDGE('',*,*,#2859,.T.);
#259=ORIENTED_EDGE('',*,*,#2779,.F.);
#260=ORIENTED_EDGE('',*,*,#2860,.T.);
#261=ORIENTED_EDGE('',*,*,#2797,.T.);
#262=ORIENTED_EDGE('',*,*,#2861,.T.);
#263=ORIENTED_EDGE('',*,*,#2789,.F.);
#264=ORIENTED_EDGE('',*,*,#2862,.T.);
#265=ORIENTED_EDGE('',*,*,#2807,.T.);
#266=ORIENTED_EDGE('',*,*,#2863,.T.);
#267=ORIENTED_EDGE('',*,*,#2799,.F.);
#268=ORIENTED_EDGE('',*,*,#2864,.T.);
#269=ORIENTED_EDGE('',*,*,#2817,.T.);
#270=ORIENTED_EDGE('',*,*,#2865,.T.);
#271=ORIENTED_EDGE('',*,*,#2809,.F.);
#272=ORIENTED_EDGE('',*,*,#2866,.T.);
#273=ORIENTED_EDGE('',*,*,#2827,.T.);
#274=ORIENTED_EDGE('',*,*,#2867,.T.);
#275=ORIENTED_EDGE('',*,*,#2819,.F.);
#276=ORIENTED_EDGE('',*,*,#2868,.T.);
#277=ORIENTED_EDGE('',*,*,#2837,.T.);
#278=ORIENTED_EDGE('',*,*,#2869,.T.);
#279=ORIENTED_EDGE('',*,*,#2829,.F.);
#280=ORIENTED_EDGE('',*,*,#2870,.T.);
#281=ORIENTED_EDGE('',*,*,#2847,.T.);
#282=ORIENTED_EDGE('',*,*,#2871,.T.);
#283=ORIENTED_EDGE('',*,*,#2839,.F.);
#284=ORIENTED_EDGE('',*,*,#2872,.T.);
#285=ORIENTED_EDGE('',*,*,#2857,.T.);
#286=ORIENTED_EDGE('',*,*,#2873,.T.);
#287=ORIENTED_EDGE('',*,*,#2849,.F.);
#288=ORIENTED_EDGE('',*,*,#2874,.T.);
#289=ORIENTED_EDGE('',*,*,#2875,.T.);
#290=ORIENTED_EDGE('',*,*,#2876,.F.);
#291=ORIENTED_EDGE('',*,*,#2877,.T.);
#292=ORIENTED_EDGE('',*,*,#2878,.T.);
#293=ORIENTED_EDGE('',*,*,#2879,.T.);
#294=ORIENTED_EDGE('',*,*,#2880,.T.);
#295=ORIENTED_EDGE('',*,*,#2881,.T.);
#296=ORIENTED_EDGE('',*,*,#2882,.F.);
#297=ORIENTED_EDGE('',*,*,#2883,.F.);
#298=ORIENTED_EDGE('',*,*,#2884,.F.);
#299=ORIENTED_EDGE('',*,*,#2774,.T.);
#300=ORIENTED_EDGE('',*,*,#2885,.T.);
#301=ORIENTED_EDGE('',*,*,#2765,.F.);
#302=ORIENTED_EDGE('',*,*,#2886,.F.);
#303=ORIENTED_EDGE('',*,*,#2887,.F.);
#304=ORIENTED_EDGE('',*,*,#2888,.F.);
#305=ORIENTED_EDGE('',*,*,#2770,.F.);
#306=ORIENTED_EDGE('',*,*,#2889,.F.);
#307=ORIENTED_EDGE('',*,*,#2778,.T.);
#308=ORIENTED_EDGE('',*,*,#2890,.F.);
#309=ORIENTED_EDGE('',*,*,#2891,.F.);
#310=ORIENTED_EDGE('',*,*,#2892,.T.);
#311=ORIENTED_EDGE('',*,*,#2893,.F.);
#312=ORIENTED_EDGE('',*,*,#2894,.F.);
#313=ORIENTED_EDGE('',*,*,#2877,.F.);
#314=ORIENTED_EDGE('',*,*,#2895,.T.);
#315=ORIENTED_EDGE('',*,*,#2896,.T.);
#316=ORIENTED_EDGE('',*,*,#2897,.T.);
#317=ORIENTED_EDGE('',*,*,#2898,.F.);
#318=ORIENTED_EDGE('',*,*,#2899,.F.);
#319=ORIENTED_EDGE('',*,*,#2894,.T.);
#320=ORIENTED_EDGE('',*,*,#2900,.T.);
#321=ORIENTED_EDGE('',*,*,#2901,.T.);
#322=ORIENTED_EDGE('',*,*,#2902,.T.);
#323=ORIENTED_EDGE('',*,*,#2882,.T.);
#324=ORIENTED_EDGE('',*,*,#2903,.T.);
#325=ORIENTED_EDGE('',*,*,#2904,.F.);
#326=ORIENTED_EDGE('',*,*,#2905,.F.);
#327=ORIENTED_EDGE('',*,*,#2906,.T.);
#328=ORIENTED_EDGE('',*,*,#2907,.T.);
#329=ORIENTED_EDGE('',*,*,#2908,.F.);
#330=ORIENTED_EDGE('',*,*,#2909,.F.);
#331=ORIENTED_EDGE('',*,*,#2910,.T.);
#332=ORIENTED_EDGE('',*,*,#2905,.T.);
#333=ORIENTED_EDGE('',*,*,#2911,.F.);
#334=ORIENTED_EDGE('',*,*,#2912,.F.);
#335=ORIENTED_EDGE('',*,*,#2913,.T.);
#336=ORIENTED_EDGE('',*,*,#2909,.T.);
#337=ORIENTED_EDGE('',*,*,#2914,.F.);
#338=ORIENTED_EDGE('',*,*,#2915,.F.);
#339=ORIENTED_EDGE('',*,*,#2916,.T.);
#340=ORIENTED_EDGE('',*,*,#2917,.T.);
#341=ORIENTED_EDGE('',*,*,#2918,.F.);
#342=ORIENTED_EDGE('',*,*,#2919,.F.);
#343=ORIENTED_EDGE('',*,*,#2920,.T.);
#344=ORIENTED_EDGE('',*,*,#2915,.T.);
#345=ORIENTED_EDGE('',*,*,#2921,.F.);
#346=ORIENTED_EDGE('',*,*,#2922,.F.);
#347=ORIENTED_EDGE('',*,*,#2923,.T.);
#348=ORIENTED_EDGE('',*,*,#2919,.T.);
#349=ORIENTED_EDGE('',*,*,#2924,.F.);
#350=ORIENTED_EDGE('',*,*,#2925,.F.);
#351=ORIENTED_EDGE('',*,*,#2926,.T.);
#352=ORIENTED_EDGE('',*,*,#2927,.T.);
#353=ORIENTED_EDGE('',*,*,#2928,.F.);
#354=ORIENTED_EDGE('',*,*,#2929,.F.);
#355=ORIENTED_EDGE('',*,*,#2930,.T.);
#356=ORIENTED_EDGE('',*,*,#2925,.T.);
#357=ORIENTED_EDGE('',*,*,#2931,.F.);
#358=ORIENTED_EDGE('',*,*,#2932,.F.);
#359=ORIENTED_EDGE('',*,*,#2933,.T.);
#360=ORIENTED_EDGE('',*,*,#2929,.T.);
#361=ORIENTED_EDGE('',*,*,#2934,.F.);
#362=ORIENTED_EDGE('',*,*,#2935,.F.);
#363=ORIENTED_EDGE('',*,*,#2936,.T.);
#364=ORIENTED_EDGE('',*,*,#2937,.T.);
#365=ORIENTED_EDGE('',*,*,#2938,.F.);
#366=ORIENTED_EDGE('',*,*,#2939,.F.);
#367=ORIENTED_EDGE('',*,*,#2940,.T.);
#368=ORIENTED_EDGE('',*,*,#2935,.T.);
#369=ORIENTED_EDGE('',*,*,#2941,.F.);
#370=ORIENTED_EDGE('',*,*,#2942,.F.);
#371=ORIENTED_EDGE('',*,*,#2943,.T.);
#372=ORIENTED_EDGE('',*,*,#2939,.T.);
#373=ORIENTED_EDGE('',*,*,#2944,.F.);
#374=ORIENTED_EDGE('',*,*,#2945,.F.);
#375=ORIENTED_EDGE('',*,*,#2946,.T.);
#376=ORIENTED_EDGE('',*,*,#2947,.T.);
#377=ORIENTED_EDGE('',*,*,#2948,.F.);
#378=ORIENTED_EDGE('',*,*,#2949,.F.);
#379=ORIENTED_EDGE('',*,*,#2950,.T.);
#380=ORIENTED_EDGE('',*,*,#2945,.T.);
#381=ORIENTED_EDGE('',*,*,#2951,.F.);
#382=ORIENTED_EDGE('',*,*,#2952,.F.);
#383=ORIENTED_EDGE('',*,*,#2953,.T.);
#384=ORIENTED_EDGE('',*,*,#2949,.T.);
#385=ORIENTED_EDGE('',*,*,#2954,.F.);
#386=ORIENTED_EDGE('',*,*,#2955,.F.);
#387=ORIENTED_EDGE('',*,*,#2956,.T.);
#388=ORIENTED_EDGE('',*,*,#2957,.T.);
#389=ORIENTED_EDGE('',*,*,#2958,.F.);
#390=ORIENTED_EDGE('',*,*,#2959,.F.);
#391=ORIENTED_EDGE('',*,*,#2960,.T.);
#392=ORIENTED_EDGE('',*,*,#2955,.T.);
#393=ORIENTED_EDGE('',*,*,#2961,.F.);
#394=ORIENTED_EDGE('',*,*,#2962,.F.);
#395=ORIENTED_EDGE('',*,*,#2963,.T.);
#396=ORIENTED_EDGE('',*,*,#2959,.T.);
#397=ORIENTED_EDGE('',*,*,#2964,.F.);
#398=ORIENTED_EDGE('',*,*,#2965,.F.);
#399=ORIENTED_EDGE('',*,*,#2966,.T.);
#400=ORIENTED_EDGE('',*,*,#2967,.T.);
#401=ORIENTED_EDGE('',*,*,#2968,.F.);
#402=ORIENTED_EDGE('',*,*,#2969,.F.);
#403=ORIENTED_EDGE('',*,*,#2970,.T.);
#404=ORIENTED_EDGE('',*,*,#2965,.T.);
#405=ORIENTED_EDGE('',*,*,#2971,.F.);
#406=ORIENTED_EDGE('',*,*,#2972,.F.);
#407=ORIENTED_EDGE('',*,*,#2973,.T.);
#408=ORIENTED_EDGE('',*,*,#2969,.T.);
#409=ORIENTED_EDGE('',*,*,#2974,.F.);
#410=ORIENTED_EDGE('',*,*,#2975,.F.);
#411=ORIENTED_EDGE('',*,*,#2976,.T.);
#412=ORIENTED_EDGE('',*,*,#2977,.T.);
#413=ORIENTED_EDGE('',*,*,#2978,.F.);
#414=ORIENTED_EDGE('',*,*,#2979,.F.);
#415=ORIENTED_EDGE('',*,*,#2980,.T.);
#416=ORIENTED_EDGE('',*,*,#2975,.T.);
#417=ORIENTED_EDGE('',*,*,#2981,.F.);
#418=ORIENTED_EDGE('',*,*,#2982,.F.);
#419=ORIENTED_EDGE('',*,*,#2983,.T.);
#420=ORIENTED_EDGE('',*,*,#2979,.T.);
#421=ORIENTED_EDGE('',*,*,#2984,.F.);
#422=ORIENTED_EDGE('',*,*,#2985,.F.);
#423=ORIENTED_EDGE('',*,*,#2986,.T.);
#424=ORIENTED_EDGE('',*,*,#2987,.T.);
#425=ORIENTED_EDGE('',*,*,#2988,.F.);
#426=ORIENTED_EDGE('',*,*,#2989,.F.);
#427=ORIENTED_EDGE('',*,*,#2990,.T.);
#428=ORIENTED_EDGE('',*,*,#2985,.T.);
#429=ORIENTED_EDGE('',*,*,#2991,.F.);
#430=ORIENTED_EDGE('',*,*,#2992,.F.);
#431=ORIENTED_EDGE('',*,*,#2993,.T.);
#432=ORIENTED_EDGE('',*,*,#2989,.T.);
#433=ORIENTED_EDGE('',*,*,#2994,.F.);
#434=ORIENTED_EDGE('',*,*,#2995,.F.);
#435=ORIENTED_EDGE('',*,*,#2996,.T.);
#436=ORIENTED_EDGE('',*,*,#2997,.T.);
#437=ORIENTED_EDGE('',*,*,#2998,.F.);
#438=ORIENTED_EDGE('',*,*,#2999,.F.);
#439=ORIENTED_EDGE('',*,*,#3000,.T.);
#440=ORIENTED_EDGE('',*,*,#2995,.T.);
#441=ORIENTED_EDGE('',*,*,#3001,.F.);
#442=ORIENTED_EDGE('',*,*,#3002,.F.);
#443=ORIENTED_EDGE('',*,*,#3003,.T.);
#444=ORIENTED_EDGE('',*,*,#2999,.T.);
#445=ORIENTED_EDGE('',*,*,#3004,.F.);
#446=ORIENTED_EDGE('',*,*,#3005,.F.);
#447=ORIENTED_EDGE('',*,*,#3006,.T.);
#448=ORIENTED_EDGE('',*,*,#3007,.T.);
#449=ORIENTED_EDGE('',*,*,#3008,.F.);
#450=ORIENTED_EDGE('',*,*,#3009,.F.);
#451=ORIENTED_EDGE('',*,*,#3010,.T.);
#452=ORIENTED_EDGE('',*,*,#3005,.T.);
#453=ORIENTED_EDGE('',*,*,#3011,.F.);
#454=ORIENTED_EDGE('',*,*,#3012,.F.);
#455=ORIENTED_EDGE('',*,*,#3013,.T.);
#456=ORIENTED_EDGE('',*,*,#3009,.T.);
#457=ORIENTED_EDGE('',*,*,#3014,.F.);
#458=ORIENTED_EDGE('',*,*,#3015,.F.);
#459=ORIENTED_EDGE('',*,*,#3016,.T.);
#460=ORIENTED_EDGE('',*,*,#3017,.T.);
#461=ORIENTED_EDGE('',*,*,#3018,.F.);
#462=ORIENTED_EDGE('',*,*,#3019,.F.);
#463=ORIENTED_EDGE('',*,*,#3020,.T.);
#464=ORIENTED_EDGE('',*,*,#3015,.T.);
#465=ORIENTED_EDGE('',*,*,#3021,.F.);
#466=ORIENTED_EDGE('',*,*,#3022,.F.);
#467=ORIENTED_EDGE('',*,*,#3023,.T.);
#468=ORIENTED_EDGE('',*,*,#3019,.T.);
#469=ORIENTED_EDGE('',*,*,#3024,.F.);
#470=ORIENTED_EDGE('',*,*,#2907,.F.);
#471=ORIENTED_EDGE('',*,*,#3025,.T.);
#472=ORIENTED_EDGE('',*,*,#2912,.T.);
#473=ORIENTED_EDGE('',*,*,#3026,.F.);
#474=ORIENTED_EDGE('',*,*,#2917,.F.);
#475=ORIENTED_EDGE('',*,*,#3027,.T.);
#476=ORIENTED_EDGE('',*,*,#2922,.T.);
#477=ORIENTED_EDGE('',*,*,#3028,.F.);
#478=ORIENTED_EDGE('',*,*,#2927,.F.);
#479=ORIENTED_EDGE('',*,*,#3029,.T.);
#480=ORIENTED_EDGE('',*,*,#2932,.T.);
#481=ORIENTED_EDGE('',*,*,#3030,.F.);
#482=ORIENTED_EDGE('',*,*,#2937,.F.);
#483=ORIENTED_EDGE('',*,*,#3031,.T.);
#484=ORIENTED_EDGE('',*,*,#2942,.T.);
#485=ORIENTED_EDGE('',*,*,#3032,.F.);
#486=ORIENTED_EDGE('',*,*,#2947,.F.);
#487=ORIENTED_EDGE('',*,*,#3033,.T.);
#488=ORIENTED_EDGE('',*,*,#2952,.T.);
#489=ORIENTED_EDGE('',*,*,#3034,.F.);
#490=ORIENTED_EDGE('',*,*,#2957,.F.);
#491=ORIENTED_EDGE('',*,*,#3035,.T.);
#492=ORIENTED_EDGE('',*,*,#2962,.T.);
#493=ORIENTED_EDGE('',*,*,#3036,.F.);
#494=ORIENTED_EDGE('',*,*,#2967,.F.);
#495=ORIENTED_EDGE('',*,*,#3037,.T.);
#496=ORIENTED_EDGE('',*,*,#2972,.T.);
#497=ORIENTED_EDGE('',*,*,#3038,.F.);
#498=ORIENTED_EDGE('',*,*,#2977,.F.);
#499=ORIENTED_EDGE('',*,*,#3039,.T.);
#500=ORIENTED_EDGE('',*,*,#2982,.T.);
#501=ORIENTED_EDGE('',*,*,#3040,.F.);
#502=ORIENTED_EDGE('',*,*,#2987,.F.);
#503=ORIENTED_EDGE('',*,*,#3041,.T.);
#504=ORIENTED_EDGE('',*,*,#2992,.T.);
#505=ORIENTED_EDGE('',*,*,#3042,.F.);
#506=ORIENTED_EDGE('',*,*,#2997,.F.);
#507=ORIENTED_EDGE('',*,*,#3043,.T.);
#508=ORIENTED_EDGE('',*,*,#3002,.T.);
#509=ORIENTED_EDGE('',*,*,#3044,.F.);
#510=ORIENTED_EDGE('',*,*,#3007,.F.);
#511=ORIENTED_EDGE('',*,*,#3045,.T.);
#512=ORIENTED_EDGE('',*,*,#3012,.T.);
#513=ORIENTED_EDGE('',*,*,#3046,.F.);
#514=ORIENTED_EDGE('',*,*,#3017,.F.);
#515=ORIENTED_EDGE('',*,*,#3047,.T.);
#516=ORIENTED_EDGE('',*,*,#3022,.T.);
#517=ORIENTED_EDGE('',*,*,#3048,.T.);
#518=ORIENTED_EDGE('',*,*,#3049,.F.);
#519=ORIENTED_EDGE('',*,*,#3050,.F.);
#520=ORIENTED_EDGE('',*,*,#2898,.T.);
#521=ORIENTED_EDGE('',*,*,#3016,.F.);
#522=ORIENTED_EDGE('',*,*,#3020,.F.);
#523=ORIENTED_EDGE('',*,*,#3023,.F.);
#524=ORIENTED_EDGE('',*,*,#3047,.F.);
#525=ORIENTED_EDGE('',*,*,#3006,.F.);
#526=ORIENTED_EDGE('',*,*,#3010,.F.);
#527=ORIENTED_EDGE('',*,*,#3013,.F.);
#528=ORIENTED_EDGE('',*,*,#3045,.F.);
#529=ORIENTED_EDGE('',*,*,#2996,.F.);
#530=ORIENTED_EDGE('',*,*,#3000,.F.);
#531=ORIENTED_EDGE('',*,*,#3003,.F.);
#532=ORIENTED_EDGE('',*,*,#3043,.F.);
#533=ORIENTED_EDGE('',*,*,#2986,.F.);
#534=ORIENTED_EDGE('',*,*,#2990,.F.);
#535=ORIENTED_EDGE('',*,*,#2993,.F.);
#536=ORIENTED_EDGE('',*,*,#3041,.F.);
#537=ORIENTED_EDGE('',*,*,#2976,.F.);
#538=ORIENTED_EDGE('',*,*,#2980,.F.);
#539=ORIENTED_EDGE('',*,*,#2983,.F.);
#540=ORIENTED_EDGE('',*,*,#3039,.F.);
#541=ORIENTED_EDGE('',*,*,#2966,.F.);
#542=ORIENTED_EDGE('',*,*,#2970,.F.);
#543=ORIENTED_EDGE('',*,*,#2973,.F.);
#544=ORIENTED_EDGE('',*,*,#3037,.F.);
#545=ORIENTED_EDGE('',*,*,#2852,.F.);
#546=ORIENTED_EDGE('',*,*,#2855,.F.);
#547=ORIENTED_EDGE('',*,*,#2858,.F.);
#548=ORIENTED_EDGE('',*,*,#2874,.F.);
#549=ORIENTED_EDGE('',*,*,#2842,.F.);
#550=ORIENTED_EDGE('',*,*,#2845,.F.);
#551=ORIENTED_EDGE('',*,*,#2848,.F.);
#552=ORIENTED_EDGE('',*,*,#2872,.F.);
#553=ORIENTED_EDGE('',*,*,#2832,.F.);
#554=ORIENTED_EDGE('',*,*,#2835,.F.);
#555=ORIENTED_EDGE('',*,*,#2838,.F.);
#556=ORIENTED_EDGE('',*,*,#2870,.F.);
#557=ORIENTED_EDGE('',*,*,#2822,.F.);
#558=ORIENTED_EDGE('',*,*,#2825,.F.);
#559=ORIENTED_EDGE('',*,*,#2828,.F.);
#560=ORIENTED_EDGE('',*,*,#2868,.F.);
#561=ORIENTED_EDGE('',*,*,#2812,.F.);
#562=ORIENTED_EDGE('',*,*,#2815,.F.);
#563=ORIENTED_EDGE('',*,*,#2818,.F.);
#564=ORIENTED_EDGE('',*,*,#2866,.F.);
#565=ORIENTED_EDGE('',*,*,#2802,.F.);
#566=ORIENTED_EDGE('',*,*,#2805,.F.);
#567=ORIENTED_EDGE('',*,*,#2808,.F.);
#568=ORIENTED_EDGE('',*,*,#2864,.F.);
#569=ORIENTED_EDGE('',*,*,#2792,.F.);
#570=ORIENTED_EDGE('',*,*,#2795,.F.);
#571=ORIENTED_EDGE('',*,*,#2798,.F.);
#572=ORIENTED_EDGE('',*,*,#2862,.F.);
#573=ORIENTED_EDGE('',*,*,#2782,.F.);
#574=ORIENTED_EDGE('',*,*,#2785,.F.);
#575=ORIENTED_EDGE('',*,*,#2788,.F.);
#576=ORIENTED_EDGE('',*,*,#2860,.F.);
#577=ORIENTED_EDGE('',*,*,#2956,.F.);
#578=ORIENTED_EDGE('',*,*,#2960,.F.);
#579=ORIENTED_EDGE('',*,*,#2963,.F.);
#580=ORIENTED_EDGE('',*,*,#3035,.F.);
#581=ORIENTED_EDGE('',*,*,#2946,.F.);
#582=ORIENTED_EDGE('',*,*,#2950,.F.);
#583=ORIENTED_EDGE('',*,*,#2953,.F.);
#584=ORIENTED_EDGE('',*,*,#3033,.F.);
#585=ORIENTED_EDGE('',*,*,#2936,.F.);
#586=ORIENTED_EDGE('',*,*,#2940,.F.);
#587=ORIENTED_EDGE('',*,*,#2943,.F.);
#588=ORIENTED_EDGE('',*,*,#3031,.F.);
#589=ORIENTED_EDGE('',*,*,#2926,.F.);
#590=ORIENTED_EDGE('',*,*,#2930,.F.);
#591=ORIENTED_EDGE('',*,*,#2933,.F.);
#592=ORIENTED_EDGE('',*,*,#3029,.F.);
#593=ORIENTED_EDGE('',*,*,#2916,.F.);
#594=ORIENTED_EDGE('',*,*,#2920,.F.);
#595=ORIENTED_EDGE('',*,*,#2923,.F.);
#596=ORIENTED_EDGE('',*,*,#3027,.F.);
#597=ORIENTED_EDGE('',*,*,#2906,.F.);
#598=ORIENTED_EDGE('',*,*,#2910,.F.);
#599=ORIENTED_EDGE('',*,*,#2913,.F.);
#600=ORIENTED_EDGE('',*,*,#3025,.F.);
#601=ORIENTED_EDGE('',*,*,#2889,.T.);
#602=ORIENTED_EDGE('',*,*,#2769,.T.);
#603=ORIENTED_EDGE('',*,*,#2752,.F.);
#604=ORIENTED_EDGE('',*,*,#3051,.F.);
#605=ORIENTED_EDGE('',*,*,#2748,.F.);
#606=ORIENTED_EDGE('',*,*,#3052,.T.);
#607=ORIENTED_EDGE('',*,*,#2754,.F.);
#608=ORIENTED_EDGE('',*,*,#2891,.T.);
#609=ORIENTED_EDGE('',*,*,#2899,.T.);
#610=ORIENTED_EDGE('',*,*,#3050,.T.);
#611=ORIENTED_EDGE('',*,*,#3053,.F.);
#612=ORIENTED_EDGE('',*,*,#2775,.T.);
#613=ORIENTED_EDGE('',*,*,#2954,.T.);
#614=ORIENTED_EDGE('',*,*,#3034,.T.);
#615=ORIENTED_EDGE('',*,*,#2961,.T.);
#616=ORIENTED_EDGE('',*,*,#2958,.T.);
#617=ORIENTED_EDGE('',*,*,#2944,.T.);
#618=ORIENTED_EDGE('',*,*,#3032,.T.);
#619=ORIENTED_EDGE('',*,*,#2951,.T.);
#620=ORIENTED_EDGE('',*,*,#2948,.T.);
#621=ORIENTED_EDGE('',*,*,#2934,.T.);
#622=ORIENTED_EDGE('',*,*,#3030,.T.);
#623=ORIENTED_EDGE('',*,*,#2941,.T.);
#624=ORIENTED_EDGE('',*,*,#2938,.T.);
#625=ORIENTED_EDGE('',*,*,#2924,.T.);
#626=ORIENTED_EDGE('',*,*,#3028,.T.);
#627=ORIENTED_EDGE('',*,*,#2931,.T.);
#628=ORIENTED_EDGE('',*,*,#2928,.T.);
#629=ORIENTED_EDGE('',*,*,#2914,.T.);
#630=ORIENTED_EDGE('',*,*,#3026,.T.);
#631=ORIENTED_EDGE('',*,*,#2921,.T.);
#632=ORIENTED_EDGE('',*,*,#2918,.T.);
#633=ORIENTED_EDGE('',*,*,#2904,.T.);
#634=ORIENTED_EDGE('',*,*,#3024,.T.);
#635=ORIENTED_EDGE('',*,*,#2911,.T.);
#636=ORIENTED_EDGE('',*,*,#2908,.T.);
#637=ORIENTED_EDGE('',*,*,#2881,.F.);
#638=ORIENTED_EDGE('',*,*,#3054,.T.);
#639=ORIENTED_EDGE('',*,*,#2743,.T.);
#640=ORIENTED_EDGE('',*,*,#3055,.T.);
#641=ORIENTED_EDGE('',*,*,#2766,.F.);
#642=ORIENTED_EDGE('',*,*,#2885,.F.);
#643=ORIENTED_EDGE('',*,*,#2773,.F.);
#644=ORIENTED_EDGE('',*,*,#3056,.T.);
#645=ORIENTED_EDGE('',*,*,#3057,.T.);
#646=ORIENTED_EDGE('',*,*,#3058,.T.);
#647=ORIENTED_EDGE('',*,*,#2878,.F.);
#648=ORIENTED_EDGE('',*,*,#2903,.F.);
#649=ORIENTED_EDGE('',*,*,#2964,.T.);
#650=ORIENTED_EDGE('',*,*,#3036,.T.);
#651=ORIENTED_EDGE('',*,*,#2971,.T.);
#652=ORIENTED_EDGE('',*,*,#2968,.T.);
#653=ORIENTED_EDGE('',*,*,#2974,.T.);
#654=ORIENTED_EDGE('',*,*,#3038,.T.);
#655=ORIENTED_EDGE('',*,*,#2981,.T.);
#656=ORIENTED_EDGE('',*,*,#2978,.T.);
#657=ORIENTED_EDGE('',*,*,#2984,.T.);
#658=ORIENTED_EDGE('',*,*,#3040,.T.);
#659=ORIENTED_EDGE('',*,*,#2991,.T.);
#660=ORIENTED_EDGE('',*,*,#2988,.T.);
#661=ORIENTED_EDGE('',*,*,#2994,.T.);
#662=ORIENTED_EDGE('',*,*,#3042,.T.);
#663=ORIENTED_EDGE('',*,*,#3001,.T.);
#664=ORIENTED_EDGE('',*,*,#2998,.T.);
#665=ORIENTED_EDGE('',*,*,#3004,.T.);
#666=ORIENTED_EDGE('',*,*,#3044,.T.);
#667=ORIENTED_EDGE('',*,*,#3011,.T.);
#668=ORIENTED_EDGE('',*,*,#3008,.T.);
#669=ORIENTED_EDGE('',*,*,#3014,.T.);
#670=ORIENTED_EDGE('',*,*,#3046,.T.);
#671=ORIENTED_EDGE('',*,*,#3021,.T.);
#672=ORIENTED_EDGE('',*,*,#3018,.T.);
#673=ORIENTED_EDGE('',*,*,#2887,.T.);
#674=ORIENTED_EDGE('',*,*,#3059,.F.);
#675=ORIENTED_EDGE('',*,*,#2901,.F.);
#676=ORIENTED_EDGE('',*,*,#3060,.T.);
#677=ORIENTED_EDGE('',*,*,#2886,.T.);
#678=ORIENTED_EDGE('',*,*,#2764,.F.);
#679=ORIENTED_EDGE('',*,*,#3061,.T.);
#680=ORIENTED_EDGE('',*,*,#2879,.F.);
#681=ORIENTED_EDGE('',*,*,#2902,.F.);
#682=ORIENTED_EDGE('',*,*,#3059,.T.);
#683=ORIENTED_EDGE('',*,*,#2888,.T.);
#684=ORIENTED_EDGE('',*,*,#3060,.F.);
#685=ORIENTED_EDGE('',*,*,#2900,.F.);
#686=ORIENTED_EDGE('',*,*,#2893,.T.);
#687=ORIENTED_EDGE('',*,*,#3062,.T.);
#688=ORIENTED_EDGE('',*,*,#2767,.T.);
#689=ORIENTED_EDGE('',*,*,#2884,.T.);
#690=ORIENTED_EDGE('',*,*,#3063,.F.);
#691=ORIENTED_EDGE('',*,*,#2895,.F.);
#692=ORIENTED_EDGE('',*,*,#2876,.T.);
#693=ORIENTED_EDGE('',*,*,#3064,.T.);
#694=ORIENTED_EDGE('',*,*,#2771,.T.);
#695=ORIENTED_EDGE('',*,*,#2883,.T.);
#696=ORIENTED_EDGE('',*,*,#3065,.F.);
#697=ORIENTED_EDGE('',*,*,#2896,.F.);
#698=ORIENTED_EDGE('',*,*,#3063,.T.);
#699=ORIENTED_EDGE('',*,*,#2890,.T.);
#700=ORIENTED_EDGE('',*,*,#2777,.F.);
#701=ORIENTED_EDGE('',*,*,#3066,.T.);
#702=ORIENTED_EDGE('',*,*,#3048,.F.);
#703=ORIENTED_EDGE('',*,*,#2897,.F.);
#704=ORIENTED_EDGE('',*,*,#3065,.T.);
#705=ORIENTED_EDGE('',*,*,#2850,.F.);
#706=ORIENTED_EDGE('',*,*,#2873,.F.);
#707=ORIENTED_EDGE('',*,*,#2856,.F.);
#708=ORIENTED_EDGE('',*,*,#2853,.F.);
#709=ORIENTED_EDGE('',*,*,#2840,.F.);
#710=ORIENTED_EDGE('',*,*,#2871,.F.);
#711=ORIENTED_EDGE('',*,*,#2846,.F.);
#712=ORIENTED_EDGE('',*,*,#2843,.F.);
#713=ORIENTED_EDGE('',*,*,#2830,.F.);
#714=ORIENTED_EDGE('',*,*,#2869,.F.);
#715=ORIENTED_EDGE('',*,*,#2836,.F.);
#716=ORIENTED_EDGE('',*,*,#2833,.F.);
#717=ORIENTED_EDGE('',*,*,#2820,.F.);
#718=ORIENTED_EDGE('',*,*,#2867,.F.);
#719=ORIENTED_EDGE('',*,*,#2826,.F.);
#720=ORIENTED_EDGE('',*,*,#2823,.F.);
#721=ORIENTED_EDGE('',*,*,#2810,.F.);
#722=ORIENTED_EDGE('',*,*,#2865,.F.);
#723=ORIENTED_EDGE('',*,*,#2816,.F.);
#724=ORIENTED_EDGE('',*,*,#2813,.F.);
#725=ORIENTED_EDGE('',*,*,#2800,.F.);
#726=ORIENTED_EDGE('',*,*,#2863,.F.);
#727=ORIENTED_EDGE('',*,*,#2806,.F.);
#728=ORIENTED_EDGE('',*,*,#2803,.F.);
#729=ORIENTED_EDGE('',*,*,#2790,.F.);
#730=ORIENTED_EDGE('',*,*,#2861,.F.);
#731=ORIENTED_EDGE('',*,*,#2796,.F.);
#732=ORIENTED_EDGE('',*,*,#2793,.F.);
#733=ORIENTED_EDGE('',*,*,#2780,.F.);
#734=ORIENTED_EDGE('',*,*,#2859,.F.);
#735=ORIENTED_EDGE('',*,*,#2786,.F.);
#736=ORIENTED_EDGE('',*,*,#2783,.F.);
#737=ORIENTED_EDGE('',*,*,#2880,.F.);
#738=ORIENTED_EDGE('',*,*,#3067,.F.);
#739=ORIENTED_EDGE('',*,*,#2892,.F.);
#740=ORIENTED_EDGE('',*,*,#2758,.F.);
#741=ORIENTED_EDGE('',*,*,#2762,.T.);
#742=ORIENTED_EDGE('',*,*,#2744,.T.);
#743=ORIENTED_EDGE('',*,*,#3054,.F.);
#744=ORIENTED_EDGE('',*,*,#2763,.F.);
#745=ORIENTED_EDGE('',*,*,#3055,.F.);
#746=ORIENTED_EDGE('',*,*,#2742,.F.);
#747=ORIENTED_EDGE('',*,*,#2760,.T.);
#748=ORIENTED_EDGE('',*,*,#2753,.T.);
#749=ORIENTED_EDGE('',*,*,#2768,.T.);
#750=ORIENTED_EDGE('',*,*,#3068,.T.);
#751=ORIENTED_EDGE('',*,*,#2772,.F.);
#752=ORIENTED_EDGE('',*,*,#3069,.F.);
#753=ORIENTED_EDGE('',*,*,#2776,.F.);
#754=ORIENTED_EDGE('',*,*,#3070,.F.);
#755=ORIENTED_EDGE('',*,*,#3071,.T.);
#756=ORIENTED_EDGE('',*,*,#3072,.T.);
#757=ORIENTED_EDGE('',*,*,#3056,.F.);
#758=ORIENTED_EDGE('',*,*,#2875,.F.);
#759=ORIENTED_EDGE('',*,*,#3058,.F.);
#760=ORIENTED_EDGE('',*,*,#3073,.F.);
#761=ORIENTED_EDGE('',*,*,#3074,.T.);
#762=ORIENTED_EDGE('',*,*,#3075,.T.);
#763=ORIENTED_EDGE('',*,*,#3049,.T.);
#764=ORIENTED_EDGE('',*,*,#3076,.T.);
#765=ORIENTED_EDGE('',*,*,#3057,.F.);
#766=ORIENTED_EDGE('',*,*,#3072,.F.);
#767=ORIENTED_EDGE('',*,*,#3077,.T.);
#768=ORIENTED_EDGE('',*,*,#3073,.T.);
#769=ORIENTED_EDGE('',*,*,#3064,.F.);
#770=ORIENTED_EDGE('',*,*,#3076,.F.);
#771=ORIENTED_EDGE('',*,*,#3066,.F.);
#772=ORIENTED_EDGE('',*,*,#3069,.T.);
#773=ORIENTED_EDGE('',*,*,#3070,.T.);
#774=ORIENTED_EDGE('',*,*,#3053,.T.);
#775=ORIENTED_EDGE('',*,*,#3075,.F.);
#776=ORIENTED_EDGE('',*,*,#3078,.T.);
#777=ORIENTED_EDGE('',*,*,#3078,.F.);
#778=ORIENTED_EDGE('',*,*,#3074,.F.);
#779=ORIENTED_EDGE('',*,*,#3077,.F.);
#780=ORIENTED_EDGE('',*,*,#3071,.F.);
#781=ORIENTED_EDGE('',*,*,#3061,.F.);
#782=ORIENTED_EDGE('',*,*,#3068,.F.);
#783=ORIENTED_EDGE('',*,*,#3062,.F.);
#784=ORIENTED_EDGE('',*,*,#3067,.T.);
#785=ORIENTED_EDGE('',*,*,#3079,.T.);
#786=ORIENTED_EDGE('',*,*,#2750,.F.);
#787=ORIENTED_EDGE('',*,*,#2759,.T.);
#788=ORIENTED_EDGE('',*,*,#2740,.F.);
#789=ORIENTED_EDGE('',*,*,#3051,.T.);
#790=ORIENTED_EDGE('',*,*,#2751,.F.);
#791=ORIENTED_EDGE('',*,*,#3079,.F.);
#792=ORIENTED_EDGE('',*,*,#2739,.F.);
#793=ORIENTED_EDGE('',*,*,#3080,.T.);
#794=ORIENTED_EDGE('',*,*,#2755,.F.);
#795=ORIENTED_EDGE('',*,*,#3052,.F.);
#796=ORIENTED_EDGE('',*,*,#2747,.F.);
#797=ORIENTED_EDGE('',*,*,#2761,.T.);
#798=ORIENTED_EDGE('',*,*,#2756,.F.);
#799=ORIENTED_EDGE('',*,*,#3080,.F.);
#800=ORIENTED_EDGE('',*,*,#2746,.F.);
#801=ORIENTED_EDGE('',*,*,#3081,.F.);
#802=ORIENTED_EDGE('',*,*,#3082,.T.);
#803=ORIENTED_EDGE('',*,*,#3083,.F.);
#804=ORIENTED_EDGE('',*,*,#3084,.F.);
#805=ORIENTED_EDGE('',*,*,#3085,.T.);
#806=ORIENTED_EDGE('',*,*,#3086,.F.);
#807=ORIENTED_EDGE('',*,*,#3087,.F.);
#808=ORIENTED_EDGE('',*,*,#3088,.F.);
#809=ORIENTED_EDGE('',*,*,#3089,.T.);
#810=ORIENTED_EDGE('',*,*,#3090,.F.);
#811=ORIENTED_EDGE('',*,*,#3091,.F.);
#812=ORIENTED_EDGE('',*,*,#3092,.F.);
#813=ORIENTED_EDGE('',*,*,#3093,.T.);
#814=ORIENTED_EDGE('',*,*,#3094,.F.);
#815=ORIENTED_EDGE('',*,*,#3095,.F.);
#816=ORIENTED_EDGE('',*,*,#3096,.T.);
#817=ORIENTED_EDGE('',*,*,#3097,.T.);
#818=ORIENTED_EDGE('',*,*,#3098,.F.);
#819=ORIENTED_EDGE('',*,*,#3099,.F.);
#820=ORIENTED_EDGE('',*,*,#3100,.F.);
#821=ORIENTED_EDGE('',*,*,#3101,.T.);
#822=ORIENTED_EDGE('',*,*,#3102,.F.);
#823=ORIENTED_EDGE('',*,*,#3103,.F.);
#824=ORIENTED_EDGE('',*,*,#3104,.F.);
#825=ORIENTED_EDGE('',*,*,#3105,.T.);
#826=ORIENTED_EDGE('',*,*,#3106,.F.);
#827=ORIENTED_EDGE('',*,*,#3107,.F.);
#828=ORIENTED_EDGE('',*,*,#3108,.F.);
#829=ORIENTED_EDGE('',*,*,#3109,.T.);
#830=ORIENTED_EDGE('',*,*,#3110,.F.);
#831=ORIENTED_EDGE('',*,*,#3111,.F.);
#832=ORIENTED_EDGE('',*,*,#3112,.F.);
#833=ORIENTED_EDGE('',*,*,#3113,.T.);
#834=ORIENTED_EDGE('',*,*,#3114,.F.);
#835=ORIENTED_EDGE('',*,*,#3115,.F.);
#836=ORIENTED_EDGE('',*,*,#3116,.F.);
#837=ORIENTED_EDGE('',*,*,#3117,.T.);
#838=ORIENTED_EDGE('',*,*,#3118,.F.);
#839=ORIENTED_EDGE('',*,*,#3119,.F.);
#840=ORIENTED_EDGE('',*,*,#3120,.F.);
#841=ORIENTED_EDGE('',*,*,#3121,.F.);
#842=ORIENTED_EDGE('',*,*,#3122,.T.);
#843=ORIENTED_EDGE('',*,*,#3123,.F.);
#844=ORIENTED_EDGE('',*,*,#3124,.F.);
#845=ORIENTED_EDGE('',*,*,#3125,.F.);
#846=ORIENTED_EDGE('',*,*,#3126,.F.);
#847=ORIENTED_EDGE('',*,*,#3127,.F.);
#848=ORIENTED_EDGE('',*,*,#3128,.T.);
#849=ORIENTED_EDGE('',*,*,#3129,.F.);
#850=ORIENTED_EDGE('',*,*,#3130,.F.);
#851=ORIENTED_EDGE('',*,*,#3131,.F.);
#852=ORIENTED_EDGE('',*,*,#3132,.T.);
#853=ORIENTED_EDGE('',*,*,#3133,.F.);
#854=ORIENTED_EDGE('',*,*,#3134,.F.);
#855=ORIENTED_EDGE('',*,*,#3135,.F.);
#856=ORIENTED_EDGE('',*,*,#3136,.T.);
#857=ORIENTED_EDGE('',*,*,#3137,.F.);
#858=ORIENTED_EDGE('',*,*,#3138,.F.);
#859=ORIENTED_EDGE('',*,*,#3139,.F.);
#860=ORIENTED_EDGE('',*,*,#3140,.T.);
#861=ORIENTED_EDGE('',*,*,#3141,.F.);
#862=ORIENTED_EDGE('',*,*,#3142,.F.);
#863=ORIENTED_EDGE('',*,*,#3143,.F.);
#864=ORIENTED_EDGE('',*,*,#3144,.T.);
#865=ORIENTED_EDGE('',*,*,#3145,.F.);
#866=ORIENTED_EDGE('',*,*,#3146,.F.);
#867=ORIENTED_EDGE('',*,*,#3147,.F.);
#868=ORIENTED_EDGE('',*,*,#3148,.T.);
#869=ORIENTED_EDGE('',*,*,#3149,.F.);
#870=ORIENTED_EDGE('',*,*,#3150,.F.);
#871=ORIENTED_EDGE('',*,*,#3151,.F.);
#872=ORIENTED_EDGE('',*,*,#3152,.T.);
#873=ORIENTED_EDGE('',*,*,#3153,.F.);
#874=ORIENTED_EDGE('',*,*,#3154,.F.);
#875=ORIENTED_EDGE('',*,*,#3155,.F.);
#876=ORIENTED_EDGE('',*,*,#3156,.T.);
#877=ORIENTED_EDGE('',*,*,#3157,.F.);
#878=ORIENTED_EDGE('',*,*,#3158,.T.);
#879=ORIENTED_EDGE('',*,*,#3159,.F.);
#880=ORIENTED_EDGE('',*,*,#3093,.F.);
#881=ORIENTED_EDGE('',*,*,#3160,.F.);
#882=ORIENTED_EDGE('',*,*,#3089,.F.);
#883=ORIENTED_EDGE('',*,*,#3161,.F.);
#884=ORIENTED_EDGE('',*,*,#3162,.T.);
#885=ORIENTED_EDGE('',*,*,#3163,.F.);
#886=ORIENTED_EDGE('',*,*,#3085,.F.);
#887=ORIENTED_EDGE('',*,*,#3164,.F.);
#888=ORIENTED_EDGE('',*,*,#3165,.T.);
#889=ORIENTED_EDGE('',*,*,#3166,.F.);
#890=ORIENTED_EDGE('',*,*,#3117,.F.);
#891=ORIENTED_EDGE('',*,*,#3167,.F.);
#892=ORIENTED_EDGE('',*,*,#3168,.T.);
#893=ORIENTED_EDGE('',*,*,#3169,.F.);
#894=ORIENTED_EDGE('',*,*,#3113,.F.);
#895=ORIENTED_EDGE('',*,*,#3170,.F.);
#896=ORIENTED_EDGE('',*,*,#3171,.T.);
#897=ORIENTED_EDGE('',*,*,#3172,.F.);
#898=ORIENTED_EDGE('',*,*,#3109,.F.);
#899=ORIENTED_EDGE('',*,*,#3173,.F.);
#900=ORIENTED_EDGE('',*,*,#3174,.T.);
#901=ORIENTED_EDGE('',*,*,#3175,.F.);
#902=ORIENTED_EDGE('',*,*,#3105,.F.);
#903=ORIENTED_EDGE('',*,*,#3176,.F.);
#904=ORIENTED_EDGE('',*,*,#3177,.T.);
#905=ORIENTED_EDGE('',*,*,#3178,.F.);
#906=ORIENTED_EDGE('',*,*,#3101,.F.);
#907=ORIENTED_EDGE('',*,*,#3179,.F.);
#908=ORIENTED_EDGE('',*,*,#3180,.T.);
#909=ORIENTED_EDGE('',*,*,#3181,.F.);
#910=ORIENTED_EDGE('',*,*,#3158,.F.);
#911=ORIENTED_EDGE('',*,*,#3182,.F.);
#912=ORIENTED_EDGE('',*,*,#3183,.T.);
#913=ORIENTED_EDGE('',*,*,#3184,.F.);
#914=ORIENTED_EDGE('',*,*,#3162,.F.);
#915=ORIENTED_EDGE('',*,*,#3185,.F.);
#916=ORIENTED_EDGE('',*,*,#3186,.T.);
#917=ORIENTED_EDGE('',*,*,#3187,.F.);
#918=ORIENTED_EDGE('',*,*,#3165,.F.);
#919=ORIENTED_EDGE('',*,*,#3188,.F.);
#920=ORIENTED_EDGE('',*,*,#3189,.T.);
#921=ORIENTED_EDGE('',*,*,#3190,.F.);
#922=ORIENTED_EDGE('',*,*,#3168,.F.);
#923=ORIENTED_EDGE('',*,*,#3191,.F.);
#924=ORIENTED_EDGE('',*,*,#3192,.T.);
#925=ORIENTED_EDGE('',*,*,#3193,.F.);
#926=ORIENTED_EDGE('',*,*,#3171,.F.);
#927=ORIENTED_EDGE('',*,*,#3194,.F.);
#928=ORIENTED_EDGE('',*,*,#3195,.T.);
#929=ORIENTED_EDGE('',*,*,#3196,.F.);
#930=ORIENTED_EDGE('',*,*,#3174,.F.);
#931=ORIENTED_EDGE('',*,*,#3197,.F.);
#932=ORIENTED_EDGE('',*,*,#3198,.T.);
#933=ORIENTED_EDGE('',*,*,#3199,.F.);
#934=ORIENTED_EDGE('',*,*,#3177,.F.);
#935=ORIENTED_EDGE('',*,*,#3200,.F.);
#936=ORIENTED_EDGE('',*,*,#3201,.T.);
#937=ORIENTED_EDGE('',*,*,#3202,.F.);
#938=ORIENTED_EDGE('',*,*,#3180,.F.);
#939=ORIENTED_EDGE('',*,*,#3203,.F.);
#940=ORIENTED_EDGE('',*,*,#3204,.T.);
#941=ORIENTED_EDGE('',*,*,#3205,.F.);
#942=ORIENTED_EDGE('',*,*,#3183,.F.);
#943=ORIENTED_EDGE('',*,*,#3206,.T.);
#944=ORIENTED_EDGE('',*,*,#3207,.T.);
#945=ORIENTED_EDGE('',*,*,#3208,.F.);
#946=ORIENTED_EDGE('',*,*,#3186,.F.);
#947=ORIENTED_EDGE('',*,*,#3209,.T.);
#948=ORIENTED_EDGE('',*,*,#3210,.T.);
#949=ORIENTED_EDGE('',*,*,#3211,.F.);
#950=ORIENTED_EDGE('',*,*,#3189,.F.);
#951=ORIENTED_EDGE('',*,*,#3212,.T.);
#952=ORIENTED_EDGE('',*,*,#3213,.T.);
#953=ORIENTED_EDGE('',*,*,#3214,.F.);
#954=ORIENTED_EDGE('',*,*,#3192,.F.);
#955=ORIENTED_EDGE('',*,*,#3215,.T.);
#956=ORIENTED_EDGE('',*,*,#3216,.T.);
#957=ORIENTED_EDGE('',*,*,#3217,.F.);
#958=ORIENTED_EDGE('',*,*,#3195,.F.);
#959=ORIENTED_EDGE('',*,*,#3218,.T.);
#960=ORIENTED_EDGE('',*,*,#3219,.T.);
#961=ORIENTED_EDGE('',*,*,#3220,.F.);
#962=ORIENTED_EDGE('',*,*,#3198,.F.);
#963=ORIENTED_EDGE('',*,*,#3221,.T.);
#964=ORIENTED_EDGE('',*,*,#3222,.T.);
#965=ORIENTED_EDGE('',*,*,#3223,.F.);
#966=ORIENTED_EDGE('',*,*,#3201,.F.);
#967=ORIENTED_EDGE('',*,*,#3224,.T.);
#968=ORIENTED_EDGE('',*,*,#3225,.T.);
#969=ORIENTED_EDGE('',*,*,#3226,.F.);
#970=ORIENTED_EDGE('',*,*,#3204,.F.);
#971=ORIENTED_EDGE('',*,*,#3227,.T.);
#972=ORIENTED_EDGE('',*,*,#3228,.T.);
#973=ORIENTED_EDGE('',*,*,#3229,.F.);
#974=ORIENTED_EDGE('',*,*,#3207,.F.);
#975=ORIENTED_EDGE('',*,*,#3230,.F.);
#976=ORIENTED_EDGE('',*,*,#3231,.T.);
#977=ORIENTED_EDGE('',*,*,#3232,.F.);
#978=ORIENTED_EDGE('',*,*,#3210,.F.);
#979=ORIENTED_EDGE('',*,*,#3233,.F.);
#980=ORIENTED_EDGE('',*,*,#3234,.T.);
#981=ORIENTED_EDGE('',*,*,#3235,.F.);
#982=ORIENTED_EDGE('',*,*,#3213,.F.);
#983=ORIENTED_EDGE('',*,*,#3236,.F.);
#984=ORIENTED_EDGE('',*,*,#3237,.T.);
#985=ORIENTED_EDGE('',*,*,#3238,.F.);
#986=ORIENTED_EDGE('',*,*,#3216,.F.);
#987=ORIENTED_EDGE('',*,*,#3239,.F.);
#988=ORIENTED_EDGE('',*,*,#3240,.T.);
#989=ORIENTED_EDGE('',*,*,#3241,.F.);
#990=ORIENTED_EDGE('',*,*,#3219,.F.);
#991=ORIENTED_EDGE('',*,*,#3242,.F.);
#992=ORIENTED_EDGE('',*,*,#3243,.T.);
#993=ORIENTED_EDGE('',*,*,#3244,.F.);
#994=ORIENTED_EDGE('',*,*,#3222,.F.);
#995=ORIENTED_EDGE('',*,*,#3245,.F.);
#996=ORIENTED_EDGE('',*,*,#3246,.T.);
#997=ORIENTED_EDGE('',*,*,#3247,.F.);
#998=ORIENTED_EDGE('',*,*,#3225,.F.);
#999=ORIENTED_EDGE('',*,*,#3248,.F.);
#1000=ORIENTED_EDGE('',*,*,#3249,.T.);
#1001=ORIENTED_EDGE('',*,*,#3250,.F.);
#1002=ORIENTED_EDGE('',*,*,#3228,.F.);
#1003=ORIENTED_EDGE('',*,*,#3251,.F.);
#1004=ORIENTED_EDGE('',*,*,#3252,.T.);
#1005=ORIENTED_EDGE('',*,*,#3253,.F.);
#1006=ORIENTED_EDGE('',*,*,#3254,.T.);
#1007=ORIENTED_EDGE('',*,*,#3255,.F.);
#1008=ORIENTED_EDGE('',*,*,#3231,.F.);
#1009=ORIENTED_EDGE('',*,*,#3256,.F.);
#1010=ORIENTED_EDGE('',*,*,#3234,.F.);
#1011=ORIENTED_EDGE('',*,*,#3257,.F.);
#1012=ORIENTED_EDGE('',*,*,#3258,.T.);
#1013=ORIENTED_EDGE('',*,*,#3259,.F.);
#1014=ORIENTED_EDGE('',*,*,#3237,.F.);
#1015=ORIENTED_EDGE('',*,*,#3260,.F.);
#1016=ORIENTED_EDGE('',*,*,#3261,.T.);
#1017=ORIENTED_EDGE('',*,*,#3262,.F.);
#1018=ORIENTED_EDGE('',*,*,#3240,.F.);
#1019=ORIENTED_EDGE('',*,*,#3263,.F.);
#1020=ORIENTED_EDGE('',*,*,#3264,.T.);
#1021=ORIENTED_EDGE('',*,*,#3265,.F.);
#1022=ORIENTED_EDGE('',*,*,#3243,.F.);
#1023=ORIENTED_EDGE('',*,*,#3266,.F.);
#1024=ORIENTED_EDGE('',*,*,#3267,.T.);
#1025=ORIENTED_EDGE('',*,*,#3268,.F.);
#1026=ORIENTED_EDGE('',*,*,#3246,.F.);
#1027=ORIENTED_EDGE('',*,*,#3269,.F.);
#1028=ORIENTED_EDGE('',*,*,#3270,.T.);
#1029=ORIENTED_EDGE('',*,*,#3271,.F.);
#1030=ORIENTED_EDGE('',*,*,#3249,.F.);
#1031=ORIENTED_EDGE('',*,*,#3272,.F.);
#1032=ORIENTED_EDGE('',*,*,#3273,.T.);
#1033=ORIENTED_EDGE('',*,*,#3274,.F.);
#1034=ORIENTED_EDGE('',*,*,#3252,.F.);
#1035=ORIENTED_EDGE('',*,*,#3275,.F.);
#1036=ORIENTED_EDGE('',*,*,#3276,.T.);
#1037=ORIENTED_EDGE('',*,*,#3277,.F.);
#1038=ORIENTED_EDGE('',*,*,#3278,.T.);
#1039=ORIENTED_EDGE('',*,*,#3279,.F.);
#1040=ORIENTED_EDGE('',*,*,#3280,.F.);
#1041=ORIENTED_EDGE('',*,*,#3281,.F.);
#1042=ORIENTED_EDGE('',*,*,#3282,.F.);
#1043=ORIENTED_EDGE('',*,*,#3283,.F.);
#1044=ORIENTED_EDGE('',*,*,#3284,.T.);
#1045=ORIENTED_EDGE('',*,*,#3285,.F.);
#1046=ORIENTED_EDGE('',*,*,#3286,.F.);
#1047=ORIENTED_EDGE('',*,*,#3287,.F.);
#1048=ORIENTED_EDGE('',*,*,#3288,.T.);
#1049=ORIENTED_EDGE('',*,*,#3289,.F.);
#1050=ORIENTED_EDGE('',*,*,#3290,.F.);
#1051=ORIENTED_EDGE('',*,*,#3291,.F.);
#1052=ORIENTED_EDGE('',*,*,#3292,.T.);
#1053=ORIENTED_EDGE('',*,*,#3293,.F.);
#1054=ORIENTED_EDGE('',*,*,#3294,.F.);
#1055=ORIENTED_EDGE('',*,*,#3295,.F.);
#1056=ORIENTED_EDGE('',*,*,#3296,.T.);
#1057=ORIENTED_EDGE('',*,*,#3297,.F.);
#1058=ORIENTED_EDGE('',*,*,#3298,.F.);
#1059=ORIENTED_EDGE('',*,*,#3299,.F.);
#1060=ORIENTED_EDGE('',*,*,#3300,.T.);
#1061=ORIENTED_EDGE('',*,*,#3301,.F.);
#1062=ORIENTED_EDGE('',*,*,#3302,.F.);
#1063=ORIENTED_EDGE('',*,*,#3303,.F.);
#1064=ORIENTED_EDGE('',*,*,#3304,.T.);
#1065=ORIENTED_EDGE('',*,*,#3305,.F.);
#1066=ORIENTED_EDGE('',*,*,#3306,.F.);
#1067=ORIENTED_EDGE('',*,*,#3307,.F.);
#1068=ORIENTED_EDGE('',*,*,#3308,.T.);
#1069=ORIENTED_EDGE('',*,*,#3309,.F.);
#1070=ORIENTED_EDGE('',*,*,#3310,.F.);
#1071=ORIENTED_EDGE('',*,*,#3311,.F.);
#1072=ORIENTED_EDGE('',*,*,#3312,.T.);
#1073=ORIENTED_EDGE('',*,*,#3313,.F.);
#1074=ORIENTED_EDGE('',*,*,#3278,.F.);
#1075=ORIENTED_EDGE('',*,*,#3314,.F.);
#1076=ORIENTED_EDGE('',*,*,#3315,.T.);
#1077=ORIENTED_EDGE('',*,*,#3316,.F.);
#1078=ORIENTED_EDGE('',*,*,#3284,.F.);
#1079=ORIENTED_EDGE('',*,*,#3317,.F.);
#1080=ORIENTED_EDGE('',*,*,#3318,.T.);
#1081=ORIENTED_EDGE('',*,*,#3319,.F.);
#1082=ORIENTED_EDGE('',*,*,#3288,.F.);
#1083=ORIENTED_EDGE('',*,*,#3320,.F.);
#1084=ORIENTED_EDGE('',*,*,#3321,.T.);
#1085=ORIENTED_EDGE('',*,*,#3322,.F.);
#1086=ORIENTED_EDGE('',*,*,#3292,.F.);
#1087=ORIENTED_EDGE('',*,*,#3323,.F.);
#1088=ORIENTED_EDGE('',*,*,#3324,.T.);
#1089=ORIENTED_EDGE('',*,*,#3325,.F.);
#1090=ORIENTED_EDGE('',*,*,#3296,.F.);
#1091=ORIENTED_EDGE('',*,*,#3326,.F.);
#1092=ORIENTED_EDGE('',*,*,#3327,.T.);
#1093=ORIENTED_EDGE('',*,*,#3328,.F.);
#1094=ORIENTED_EDGE('',*,*,#3300,.F.);
#1095=ORIENTED_EDGE('',*,*,#3329,.F.);
#1096=ORIENTED_EDGE('',*,*,#3330,.T.);
#1097=ORIENTED_EDGE('',*,*,#3331,.F.);
#1098=ORIENTED_EDGE('',*,*,#3304,.F.);
#1099=ORIENTED_EDGE('',*,*,#3332,.F.);
#1100=ORIENTED_EDGE('',*,*,#3333,.T.);
#1101=ORIENTED_EDGE('',*,*,#3334,.F.);
#1102=ORIENTED_EDGE('',*,*,#3308,.F.);
#1103=ORIENTED_EDGE('',*,*,#3335,.F.);
#1104=ORIENTED_EDGE('',*,*,#3336,.T.);
#1105=ORIENTED_EDGE('',*,*,#3337,.F.);
#1106=ORIENTED_EDGE('',*,*,#3312,.F.);
#1107=ORIENTED_EDGE('',*,*,#3338,.F.);
#1108=ORIENTED_EDGE('',*,*,#3339,.T.);
#1109=ORIENTED_EDGE('',*,*,#3340,.F.);
#1110=ORIENTED_EDGE('',*,*,#3315,.F.);
#1111=ORIENTED_EDGE('',*,*,#3341,.T.);
#1112=ORIENTED_EDGE('',*,*,#3342,.T.);
#1113=ORIENTED_EDGE('',*,*,#3343,.F.);
#1114=ORIENTED_EDGE('',*,*,#3318,.F.);
#1115=ORIENTED_EDGE('',*,*,#3344,.T.);
#1116=ORIENTED_EDGE('',*,*,#3345,.T.);
#1117=ORIENTED_EDGE('',*,*,#3346,.F.);
#1118=ORIENTED_EDGE('',*,*,#3321,.F.);
#1119=ORIENTED_EDGE('',*,*,#3347,.T.);
#1120=ORIENTED_EDGE('',*,*,#3348,.T.);
#1121=ORIENTED_EDGE('',*,*,#3349,.F.);
#1122=ORIENTED_EDGE('',*,*,#3324,.F.);
#1123=ORIENTED_EDGE('',*,*,#3350,.T.);
#1124=ORIENTED_EDGE('',*,*,#3351,.T.);
#1125=ORIENTED_EDGE('',*,*,#3352,.F.);
#1126=ORIENTED_EDGE('',*,*,#3327,.F.);
#1127=ORIENTED_EDGE('',*,*,#3353,.T.);
#1128=ORIENTED_EDGE('',*,*,#3354,.T.);
#1129=ORIENTED_EDGE('',*,*,#3355,.F.);
#1130=ORIENTED_EDGE('',*,*,#3330,.F.);
#1131=ORIENTED_EDGE('',*,*,#3356,.T.);
#1132=ORIENTED_EDGE('',*,*,#3357,.T.);
#1133=ORIENTED_EDGE('',*,*,#3358,.F.);
#1134=ORIENTED_EDGE('',*,*,#3333,.F.);
#1135=ORIENTED_EDGE('',*,*,#3359,.T.);
#1136=ORIENTED_EDGE('',*,*,#3360,.T.);
#1137=ORIENTED_EDGE('',*,*,#3361,.F.);
#1138=ORIENTED_EDGE('',*,*,#3336,.F.);
#1139=ORIENTED_EDGE('',*,*,#3362,.T.);
#1140=ORIENTED_EDGE('',*,*,#3363,.T.);
#1141=ORIENTED_EDGE('',*,*,#3364,.F.);
#1142=ORIENTED_EDGE('',*,*,#3339,.F.);
#1143=ORIENTED_EDGE('',*,*,#3365,.T.);
#1144=ORIENTED_EDGE('',*,*,#3366,.T.);
#1145=ORIENTED_EDGE('',*,*,#3367,.F.);
#1146=ORIENTED_EDGE('',*,*,#3342,.F.);
#1147=ORIENTED_EDGE('',*,*,#3368,.F.);
#1148=ORIENTED_EDGE('',*,*,#3124,.T.);
#1149=ORIENTED_EDGE('',*,*,#3369,.F.);
#1150=ORIENTED_EDGE('',*,*,#3345,.F.);
#1151=ORIENTED_EDGE('',*,*,#3370,.F.);
#1152=ORIENTED_EDGE('',*,*,#3126,.T.);
#1153=ORIENTED_EDGE('',*,*,#3371,.F.);
#1154=ORIENTED_EDGE('',*,*,#3348,.F.);
#1155=ORIENTED_EDGE('',*,*,#3372,.F.);
#1156=ORIENTED_EDGE('',*,*,#3130,.T.);
#1157=ORIENTED_EDGE('',*,*,#3373,.F.);
#1158=ORIENTED_EDGE('',*,*,#3351,.F.);
#1159=ORIENTED_EDGE('',*,*,#3374,.F.);
#1160=ORIENTED_EDGE('',*,*,#3134,.T.);
#1161=ORIENTED_EDGE('',*,*,#3375,.F.);
#1162=ORIENTED_EDGE('',*,*,#3354,.F.);
#1163=ORIENTED_EDGE('',*,*,#3376,.F.);
#1164=ORIENTED_EDGE('',*,*,#3138,.T.);
#1165=ORIENTED_EDGE('',*,*,#3377,.F.);
#1166=ORIENTED_EDGE('',*,*,#3357,.F.);
#1167=ORIENTED_EDGE('',*,*,#3378,.F.);
#1168=ORIENTED_EDGE('',*,*,#3142,.T.);
#1169=ORIENTED_EDGE('',*,*,#3379,.F.);
#1170=ORIENTED_EDGE('',*,*,#3360,.F.);
#1171=ORIENTED_EDGE('',*,*,#3380,.F.);
#1172=ORIENTED_EDGE('',*,*,#3146,.T.);
#1173=ORIENTED_EDGE('',*,*,#3381,.F.);
#1174=ORIENTED_EDGE('',*,*,#3363,.F.);
#1175=ORIENTED_EDGE('',*,*,#3382,.F.);
#1176=ORIENTED_EDGE('',*,*,#3150,.T.);
#1177=ORIENTED_EDGE('',*,*,#3383,.F.);
#1178=ORIENTED_EDGE('',*,*,#3366,.F.);
#1179=ORIENTED_EDGE('',*,*,#3384,.F.);
#1180=ORIENTED_EDGE('',*,*,#3154,.T.);
#1181=ORIENTED_EDGE('',*,*,#3385,.F.);
#1182=ORIENTED_EDGE('',*,*,#3386,.F.);
#1183=ORIENTED_EDGE('',*,*,#3387,.T.);
#1184=ORIENTED_EDGE('',*,*,#3388,.T.);
#1185=ORIENTED_EDGE('',*,*,#3389,.F.);
#1186=ORIENTED_EDGE('',*,*,#3390,.F.);
#1187=ORIENTED_EDGE('',*,*,#3391,.F.);
#1188=ORIENTED_EDGE('',*,*,#3128,.F.);
#1189=ORIENTED_EDGE('',*,*,#3392,.F.);
#1190=ORIENTED_EDGE('',*,*,#3393,.F.);
#1191=ORIENTED_EDGE('',*,*,#3394,.F.);
#1192=ORIENTED_EDGE('',*,*,#3132,.F.);
#1193=ORIENTED_EDGE('',*,*,#3395,.F.);
#1194=ORIENTED_EDGE('',*,*,#3396,.F.);
#1195=ORIENTED_EDGE('',*,*,#3397,.F.);
#1196=ORIENTED_EDGE('',*,*,#3136,.F.);
#1197=ORIENTED_EDGE('',*,*,#3398,.F.);
#1198=ORIENTED_EDGE('',*,*,#3399,.F.);
#1199=ORIENTED_EDGE('',*,*,#3400,.F.);
#1200=ORIENTED_EDGE('',*,*,#3140,.F.);
#1201=ORIENTED_EDGE('',*,*,#3401,.F.);
#1202=ORIENTED_EDGE('',*,*,#3402,.F.);
#1203=ORIENTED_EDGE('',*,*,#3403,.F.);
#1204=ORIENTED_EDGE('',*,*,#3144,.F.);
#1205=ORIENTED_EDGE('',*,*,#3404,.F.);
#1206=ORIENTED_EDGE('',*,*,#3405,.F.);
#1207=ORIENTED_EDGE('',*,*,#3406,.F.);
#1208=ORIENTED_EDGE('',*,*,#3148,.F.);
#1209=ORIENTED_EDGE('',*,*,#3407,.F.);
#1210=ORIENTED_EDGE('',*,*,#3408,.F.);
#1211=ORIENTED_EDGE('',*,*,#3409,.F.);
#1212=ORIENTED_EDGE('',*,*,#3152,.F.);
#1213=ORIENTED_EDGE('',*,*,#3410,.F.);
#1214=ORIENTED_EDGE('',*,*,#3411,.F.);
#1215=ORIENTED_EDGE('',*,*,#3412,.F.);
#1216=ORIENTED_EDGE('',*,*,#3156,.F.);
#1217=ORIENTED_EDGE('',*,*,#3413,.F.);
#1218=ORIENTED_EDGE('',*,*,#3414,.F.);
#1219=ORIENTED_EDGE('',*,*,#3415,.F.);
#1220=ORIENTED_EDGE('',*,*,#3388,.F.);
#1221=ORIENTED_EDGE('',*,*,#3416,.T.);
#1222=ORIENTED_EDGE('',*,*,#3095,.T.);
#1223=ORIENTED_EDGE('',*,*,#3417,.F.);
#1224=ORIENTED_EDGE('',*,*,#3122,.F.);
#1225=ORIENTED_EDGE('',*,*,#3418,.F.);
#1226=ORIENTED_EDGE('',*,*,#3097,.F.);
#1227=ORIENTED_EDGE('',*,*,#3419,.T.);
#1228=ORIENTED_EDGE('',*,*,#3420,.T.);
#1229=ORIENTED_EDGE('',*,*,#3421,.F.);
#1230=ORIENTED_EDGE('',*,*,#3420,.F.);
#1231=ORIENTED_EDGE('',*,*,#3422,.F.);
#1232=ORIENTED_EDGE('',*,*,#3423,.T.);
#1233=ORIENTED_EDGE('',*,*,#3424,.F.);
#1234=ORIENTED_EDGE('',*,*,#3423,.F.);
#1235=ORIENTED_EDGE('',*,*,#3425,.T.);
#1236=ORIENTED_EDGE('',*,*,#3426,.T.);
#1237=ORIENTED_EDGE('',*,*,#3427,.F.);
#1238=ORIENTED_EDGE('',*,*,#3426,.F.);
#1239=ORIENTED_EDGE('',*,*,#3428,.F.);
#1240=ORIENTED_EDGE('',*,*,#3429,.T.);
#1241=ORIENTED_EDGE('',*,*,#3430,.F.);
#1242=ORIENTED_EDGE('',*,*,#3429,.F.);
#1243=ORIENTED_EDGE('',*,*,#3431,.T.);
#1244=ORIENTED_EDGE('',*,*,#3432,.T.);
#1245=ORIENTED_EDGE('',*,*,#3433,.T.);
#1246=ORIENTED_EDGE('',*,*,#3434,.T.);
#1247=ORIENTED_EDGE('',*,*,#3414,.T.);
#1248=ORIENTED_EDGE('',*,*,#3435,.F.);
#1249=ORIENTED_EDGE('',*,*,#3310,.T.);
#1250=ORIENTED_EDGE('',*,*,#3436,.T.);
#1251=ORIENTED_EDGE('',*,*,#3411,.T.);
#1252=ORIENTED_EDGE('',*,*,#3437,.F.);
#1253=ORIENTED_EDGE('',*,*,#3306,.T.);
#1254=ORIENTED_EDGE('',*,*,#3438,.T.);
#1255=ORIENTED_EDGE('',*,*,#3408,.T.);
#1256=ORIENTED_EDGE('',*,*,#3439,.F.);
#1257=ORIENTED_EDGE('',*,*,#3302,.T.);
#1258=ORIENTED_EDGE('',*,*,#3440,.T.);
#1259=ORIENTED_EDGE('',*,*,#3405,.T.);
#1260=ORIENTED_EDGE('',*,*,#3441,.F.);
#1261=ORIENTED_EDGE('',*,*,#3298,.T.);
#1262=ORIENTED_EDGE('',*,*,#3442,.T.);
#1263=ORIENTED_EDGE('',*,*,#3402,.T.);
#1264=ORIENTED_EDGE('',*,*,#3443,.F.);
#1265=ORIENTED_EDGE('',*,*,#3294,.T.);
#1266=ORIENTED_EDGE('',*,*,#3444,.T.);
#1267=ORIENTED_EDGE('',*,*,#3399,.T.);
#1268=ORIENTED_EDGE('',*,*,#3445,.F.);
#1269=ORIENTED_EDGE('',*,*,#3290,.T.);
#1270=ORIENTED_EDGE('',*,*,#3446,.T.);
#1271=ORIENTED_EDGE('',*,*,#3396,.T.);
#1272=ORIENTED_EDGE('',*,*,#3447,.F.);
#1273=ORIENTED_EDGE('',*,*,#3286,.T.);
#1274=ORIENTED_EDGE('',*,*,#3448,.T.);
#1275=ORIENTED_EDGE('',*,*,#3393,.T.);
#1276=ORIENTED_EDGE('',*,*,#3449,.F.);
#1277=ORIENTED_EDGE('',*,*,#3282,.T.);
#1278=ORIENTED_EDGE('',*,*,#3450,.T.);
#1279=ORIENTED_EDGE('',*,*,#3390,.T.);
#1280=ORIENTED_EDGE('',*,*,#3451,.F.);
#1281=ORIENTED_EDGE('',*,*,#3280,.T.);
#1282=ORIENTED_EDGE('',*,*,#3452,.F.);
#1283=ORIENTED_EDGE('',*,*,#3254,.F.);
#1284=ORIENTED_EDGE('',*,*,#3453,.F.);
#1285=ORIENTED_EDGE('',*,*,#3091,.T.);
#1286=ORIENTED_EDGE('',*,*,#3454,.T.);
#1287=ORIENTED_EDGE('',*,*,#3258,.F.);
#1288=ORIENTED_EDGE('',*,*,#3455,.F.);
#1289=ORIENTED_EDGE('',*,*,#3087,.T.);
#1290=ORIENTED_EDGE('',*,*,#3456,.T.);
#1291=ORIENTED_EDGE('',*,*,#3261,.F.);
#1292=ORIENTED_EDGE('',*,*,#3457,.F.);
#1293=ORIENTED_EDGE('',*,*,#3083,.T.);
#1294=ORIENTED_EDGE('',*,*,#3458,.T.);
#1295=ORIENTED_EDGE('',*,*,#3459,.F.);
#1296=ORIENTED_EDGE('',*,*,#3460,.F.);
#1297=ORIENTED_EDGE('',*,*,#3119,.T.);
#1298=ORIENTED_EDGE('',*,*,#3461,.T.);
#1299=ORIENTED_EDGE('',*,*,#3264,.F.);
#1300=ORIENTED_EDGE('',*,*,#3462,.F.);
#1301=ORIENTED_EDGE('',*,*,#3115,.T.);
#1302=ORIENTED_EDGE('',*,*,#3463,.T.);
#1303=ORIENTED_EDGE('',*,*,#3267,.F.);
#1304=ORIENTED_EDGE('',*,*,#3464,.F.);
#1305=ORIENTED_EDGE('',*,*,#3111,.T.);
#1306=ORIENTED_EDGE('',*,*,#3465,.T.);
#1307=ORIENTED_EDGE('',*,*,#3270,.F.);
#1308=ORIENTED_EDGE('',*,*,#3466,.F.);
#1309=ORIENTED_EDGE('',*,*,#3107,.T.);
#1310=ORIENTED_EDGE('',*,*,#3467,.T.);
#1311=ORIENTED_EDGE('',*,*,#3273,.F.);
#1312=ORIENTED_EDGE('',*,*,#3468,.F.);
#1313=ORIENTED_EDGE('',*,*,#3103,.T.);
#1314=ORIENTED_EDGE('',*,*,#3469,.T.);
#1315=ORIENTED_EDGE('',*,*,#3276,.F.);
#1316=ORIENTED_EDGE('',*,*,#3470,.F.);
#1317=ORIENTED_EDGE('',*,*,#3099,.T.);
#1318=ORIENTED_EDGE('',*,*,#3471,.T.);
#1319=ORIENTED_EDGE('',*,*,#3432,.F.);
#1320=ORIENTED_EDGE('',*,*,#3472,.T.);
#1321=ORIENTED_EDGE('',*,*,#3473,.F.);
#1322=ORIENTED_EDGE('',*,*,#3433,.F.);
#1323=ORIENTED_EDGE('',*,*,#3474,.T.);
#1324=ORIENTED_EDGE('',*,*,#3475,.T.);
#1325=ORIENTED_EDGE('',*,*,#3476,.F.);
#1326=ORIENTED_EDGE('',*,*,#3475,.F.);
#1327=ORIENTED_EDGE('',*,*,#3477,.F.);
#1328=ORIENTED_EDGE('',*,*,#3478,.T.);
#1329=ORIENTED_EDGE('',*,*,#3479,.F.);
#1330=ORIENTED_EDGE('',*,*,#3478,.F.);
#1331=ORIENTED_EDGE('',*,*,#3480,.T.);
#1332=ORIENTED_EDGE('',*,*,#3481,.T.);
#1333=ORIENTED_EDGE('',*,*,#3482,.F.);
#1334=ORIENTED_EDGE('',*,*,#3481,.F.);
#1335=ORIENTED_EDGE('',*,*,#3483,.F.);
#1336=ORIENTED_EDGE('',*,*,#3386,.T.);
#1337=ORIENTED_EDGE('',*,*,#3472,.F.);
#1338=ORIENTED_EDGE('',*,*,#3431,.F.);
#1339=ORIENTED_EDGE('',*,*,#3484,.F.);
#1340=ORIENTED_EDGE('',*,*,#3419,.F.);
#1341=ORIENTED_EDGE('',*,*,#3096,.F.);
#1342=ORIENTED_EDGE('',*,*,#3416,.F.);
#1343=ORIENTED_EDGE('',*,*,#3387,.F.);
#1344=ORIENTED_EDGE('',*,*,#3485,.F.);
#1345=ORIENTED_EDGE('',*,*,#3474,.F.);
#1346=ORIENTED_EDGE('',*,*,#3094,.T.);
#1347=ORIENTED_EDGE('',*,*,#3159,.T.);
#1348=ORIENTED_EDGE('',*,*,#3486,.T.);
#1349=ORIENTED_EDGE('',*,*,#3255,.T.);
#1350=ORIENTED_EDGE('',*,*,#3452,.T.);
#1351=ORIENTED_EDGE('',*,*,#3279,.T.);
#1352=ORIENTED_EDGE('',*,*,#3487,.T.);
#1353=ORIENTED_EDGE('',*,*,#3123,.T.);
#1354=ORIENTED_EDGE('',*,*,#3417,.T.);
#1355=ORIENTED_EDGE('',*,*,#3313,.T.);
#1356=ORIENTED_EDGE('',*,*,#3340,.T.);
#1357=ORIENTED_EDGE('',*,*,#3367,.T.);
#1358=ORIENTED_EDGE('',*,*,#3487,.F.);
#1359=ORIENTED_EDGE('',*,*,#3181,.T.);
#1360=ORIENTED_EDGE('',*,*,#3205,.T.);
#1361=ORIENTED_EDGE('',*,*,#3229,.T.);
#1362=ORIENTED_EDGE('',*,*,#3486,.F.);
#1363=ORIENTED_EDGE('',*,*,#3477,.T.);
#1364=ORIENTED_EDGE('',*,*,#3485,.T.);
#1365=ORIENTED_EDGE('',*,*,#3483,.T.);
#1366=ORIENTED_EDGE('',*,*,#3480,.F.);
#1367=ORIENTED_EDGE('',*,*,#3422,.T.);
#1368=ORIENTED_EDGE('',*,*,#3484,.T.);
#1369=ORIENTED_EDGE('',*,*,#3428,.T.);
#1370=ORIENTED_EDGE('',*,*,#3425,.F.);
#1371=ORIENTED_EDGE('',*,*,#3338,.T.);
#1372=ORIENTED_EDGE('',*,*,#3488,.T.);
#1373=ORIENTED_EDGE('',*,*,#3384,.T.);
#1374=ORIENTED_EDGE('',*,*,#3365,.F.);
#1375=ORIENTED_EDGE('',*,*,#3476,.T.);
#1376=ORIENTED_EDGE('',*,*,#3479,.T.);
#1377=ORIENTED_EDGE('',*,*,#3482,.T.);
#1378=ORIENTED_EDGE('',*,*,#3489,.F.);
#1379=ORIENTED_EDGE('',*,*,#3385,.T.);
#1380=ORIENTED_EDGE('',*,*,#3415,.T.);
#1381=ORIENTED_EDGE('',*,*,#3434,.F.);
#1382=ORIENTED_EDGE('',*,*,#3473,.T.);
#1383=ORIENTED_EDGE('',*,*,#3489,.T.);
#1384=ORIENTED_EDGE('',*,*,#3155,.T.);
#1385=ORIENTED_EDGE('',*,*,#3488,.F.);
#1386=ORIENTED_EDGE('',*,*,#3311,.T.);
#1387=ORIENTED_EDGE('',*,*,#3435,.T.);
#1388=ORIENTED_EDGE('',*,*,#3413,.T.);
#1389=ORIENTED_EDGE('',*,*,#3335,.T.);
#1390=ORIENTED_EDGE('',*,*,#3490,.T.);
#1391=ORIENTED_EDGE('',*,*,#3382,.T.);
#1392=ORIENTED_EDGE('',*,*,#3362,.F.);
#1393=ORIENTED_EDGE('',*,*,#3337,.T.);
#1394=ORIENTED_EDGE('',*,*,#3364,.T.);
#1395=ORIENTED_EDGE('',*,*,#3383,.T.);
#1396=ORIENTED_EDGE('',*,*,#3491,.F.);
#1397=ORIENTED_EDGE('',*,*,#3153,.T.);
#1398=ORIENTED_EDGE('',*,*,#3412,.T.);
#1399=ORIENTED_EDGE('',*,*,#3436,.F.);
#1400=ORIENTED_EDGE('',*,*,#3309,.T.);
#1401=ORIENTED_EDGE('',*,*,#3491,.T.);
#1402=ORIENTED_EDGE('',*,*,#3151,.T.);
#1403=ORIENTED_EDGE('',*,*,#3490,.F.);
#1404=ORIENTED_EDGE('',*,*,#3307,.T.);
#1405=ORIENTED_EDGE('',*,*,#3437,.T.);
#1406=ORIENTED_EDGE('',*,*,#3410,.T.);
#1407=ORIENTED_EDGE('',*,*,#3332,.T.);
#1408=ORIENTED_EDGE('',*,*,#3492,.T.);
#1409=ORIENTED_EDGE('',*,*,#3380,.T.);
#1410=ORIENTED_EDGE('',*,*,#3359,.F.);
#1411=ORIENTED_EDGE('',*,*,#3334,.T.);
#1412=ORIENTED_EDGE('',*,*,#3361,.T.);
#1413=ORIENTED_EDGE('',*,*,#3381,.T.);
#1414=ORIENTED_EDGE('',*,*,#3493,.F.);
#1415=ORIENTED_EDGE('',*,*,#3149,.T.);
#1416=ORIENTED_EDGE('',*,*,#3409,.T.);
#1417=ORIENTED_EDGE('',*,*,#3438,.F.);
#1418=ORIENTED_EDGE('',*,*,#3305,.T.);
#1419=ORIENTED_EDGE('',*,*,#3493,.T.);
#1420=ORIENTED_EDGE('',*,*,#3147,.T.);
#1421=ORIENTED_EDGE('',*,*,#3492,.F.);
#1422=ORIENTED_EDGE('',*,*,#3303,.T.);
#1423=ORIENTED_EDGE('',*,*,#3439,.T.);
#1424=ORIENTED_EDGE('',*,*,#3407,.T.);
#1425=ORIENTED_EDGE('',*,*,#3329,.T.);
#1426=ORIENTED_EDGE('',*,*,#3494,.T.);
#1427=ORIENTED_EDGE('',*,*,#3378,.T.);
#1428=ORIENTED_EDGE('',*,*,#3356,.F.);
#1429=ORIENTED_EDGE('',*,*,#3331,.T.);
#1430=ORIENTED_EDGE('',*,*,#3358,.T.);
#1431=ORIENTED_EDGE('',*,*,#3379,.T.);
#1432=ORIENTED_EDGE('',*,*,#3495,.F.);
#1433=ORIENTED_EDGE('',*,*,#3145,.T.);
#1434=ORIENTED_EDGE('',*,*,#3406,.T.);
#1435=ORIENTED_EDGE('',*,*,#3440,.F.);
#1436=ORIENTED_EDGE('',*,*,#3301,.T.);
#1437=ORIENTED_EDGE('',*,*,#3495,.T.);
#1438=ORIENTED_EDGE('',*,*,#3143,.T.);
#1439=ORIENTED_EDGE('',*,*,#3494,.F.);
#1440=ORIENTED_EDGE('',*,*,#3299,.T.);
#1441=ORIENTED_EDGE('',*,*,#3441,.T.);
#1442=ORIENTED_EDGE('',*,*,#3404,.T.);
#1443=ORIENTED_EDGE('',*,*,#3326,.T.);
#1444=ORIENTED_EDGE('',*,*,#3496,.T.);
#1445=ORIENTED_EDGE('',*,*,#3376,.T.);
#1446=ORIENTED_EDGE('',*,*,#3353,.F.);
#1447=ORIENTED_EDGE('',*,*,#3328,.T.);
#1448=ORIENTED_EDGE('',*,*,#3355,.T.);
#1449=ORIENTED_EDGE('',*,*,#3377,.T.);
#1450=ORIENTED_EDGE('',*,*,#3497,.F.);
#1451=ORIENTED_EDGE('',*,*,#3141,.T.);
#1452=ORIENTED_EDGE('',*,*,#3403,.T.);
#1453=ORIENTED_EDGE('',*,*,#3442,.F.);
#1454=ORIENTED_EDGE('',*,*,#3297,.T.);
#1455=ORIENTED_EDGE('',*,*,#3497,.T.);
#1456=ORIENTED_EDGE('',*,*,#3139,.T.);
#1457=ORIENTED_EDGE('',*,*,#3496,.F.);
#1458=ORIENTED_EDGE('',*,*,#3295,.T.);
#1459=ORIENTED_EDGE('',*,*,#3443,.T.);
#1460=ORIENTED_EDGE('',*,*,#3401,.T.);
#1461=ORIENTED_EDGE('',*,*,#3323,.T.);
#1462=ORIENTED_EDGE('',*,*,#3498,.T.);
#1463=ORIENTED_EDGE('',*,*,#3374,.T.);
#1464=ORIENTED_EDGE('',*,*,#3350,.F.);
#1465=ORIENTED_EDGE('',*,*,#3325,.T.);
#1466=ORIENTED_EDGE('',*,*,#3352,.T.);
#1467=ORIENTED_EDGE('',*,*,#3375,.T.);
#1468=ORIENTED_EDGE('',*,*,#3499,.F.);
#1469=ORIENTED_EDGE('',*,*,#3137,.T.);
#1470=ORIENTED_EDGE('',*,*,#3400,.T.);
#1471=ORIENTED_EDGE('',*,*,#3444,.F.);
#1472=ORIENTED_EDGE('',*,*,#3293,.T.);
#1473=ORIENTED_EDGE('',*,*,#3499,.T.);
#1474=ORIENTED_EDGE('',*,*,#3135,.T.);
#1475=ORIENTED_EDGE('',*,*,#3498,.F.);
#1476=ORIENTED_EDGE('',*,*,#3291,.T.);
#1477=ORIENTED_EDGE('',*,*,#3445,.T.);
#1478=ORIENTED_EDGE('',*,*,#3398,.T.);
#1479=ORIENTED_EDGE('',*,*,#3320,.T.);
#1480=ORIENTED_EDGE('',*,*,#3500,.T.);
#1481=ORIENTED_EDGE('',*,*,#3372,.T.);
#1482=ORIENTED_EDGE('',*,*,#3347,.F.);
#1483=ORIENTED_EDGE('',*,*,#3322,.T.);
#1484=ORIENTED_EDGE('',*,*,#3349,.T.);
#1485=ORIENTED_EDGE('',*,*,#3373,.T.);
#1486=ORIENTED_EDGE('',*,*,#3501,.F.);
#1487=ORIENTED_EDGE('',*,*,#3133,.T.);
#1488=ORIENTED_EDGE('',*,*,#3397,.T.);
#1489=ORIENTED_EDGE('',*,*,#3446,.F.);
#1490=ORIENTED_EDGE('',*,*,#3289,.T.);
#1491=ORIENTED_EDGE('',*,*,#3501,.T.);
#1492=ORIENTED_EDGE('',*,*,#3131,.T.);
#1493=ORIENTED_EDGE('',*,*,#3500,.F.);
#1494=ORIENTED_EDGE('',*,*,#3287,.T.);
#1495=ORIENTED_EDGE('',*,*,#3447,.T.);
#1496=ORIENTED_EDGE('',*,*,#3395,.T.);
#1497=ORIENTED_EDGE('',*,*,#3317,.T.);
#1498=ORIENTED_EDGE('',*,*,#3502,.T.);
#1499=ORIENTED_EDGE('',*,*,#3370,.T.);
#1500=ORIENTED_EDGE('',*,*,#3344,.F.);
#1501=ORIENTED_EDGE('',*,*,#3319,.T.);
#1502=ORIENTED_EDGE('',*,*,#3346,.T.);
#1503=ORIENTED_EDGE('',*,*,#3371,.T.);
#1504=ORIENTED_EDGE('',*,*,#3503,.F.);
#1505=ORIENTED_EDGE('',*,*,#3129,.T.);
#1506=ORIENTED_EDGE('',*,*,#3394,.T.);
#1507=ORIENTED_EDGE('',*,*,#3448,.F.);
#1508=ORIENTED_EDGE('',*,*,#3285,.T.);
#1509=ORIENTED_EDGE('',*,*,#3503,.T.);
#1510=ORIENTED_EDGE('',*,*,#3127,.T.);
#1511=ORIENTED_EDGE('',*,*,#3502,.F.);
#1512=ORIENTED_EDGE('',*,*,#3283,.T.);
#1513=ORIENTED_EDGE('',*,*,#3449,.T.);
#1514=ORIENTED_EDGE('',*,*,#3392,.T.);
#1515=ORIENTED_EDGE('',*,*,#3314,.T.);
#1516=ORIENTED_EDGE('',*,*,#3504,.T.);
#1517=ORIENTED_EDGE('',*,*,#3368,.T.);
#1518=ORIENTED_EDGE('',*,*,#3341,.F.);
#1519=ORIENTED_EDGE('',*,*,#3316,.T.);
#1520=ORIENTED_EDGE('',*,*,#3343,.T.);
#1521=ORIENTED_EDGE('',*,*,#3369,.T.);
#1522=ORIENTED_EDGE('',*,*,#3505,.F.);
#1523=ORIENTED_EDGE('',*,*,#3125,.T.);
#1524=ORIENTED_EDGE('',*,*,#3391,.T.);
#1525=ORIENTED_EDGE('',*,*,#3450,.F.);
#1526=ORIENTED_EDGE('',*,*,#3281,.T.);
#1527=ORIENTED_EDGE('',*,*,#3505,.T.);
#1528=ORIENTED_EDGE('',*,*,#3121,.T.);
#1529=ORIENTED_EDGE('',*,*,#3504,.F.);
#1530=ORIENTED_EDGE('',*,*,#3277,.T.);
#1531=ORIENTED_EDGE('',*,*,#3451,.T.);
#1532=ORIENTED_EDGE('',*,*,#3389,.T.);
#1533=ORIENTED_EDGE('',*,*,#3098,.T.);
#1534=ORIENTED_EDGE('',*,*,#3418,.T.);
#1535=ORIENTED_EDGE('',*,*,#3506,.T.);
#1536=ORIENTED_EDGE('',*,*,#3430,.T.);
#1537=ORIENTED_EDGE('',*,*,#3471,.F.);
#1538=ORIENTED_EDGE('',*,*,#3100,.T.);
#1539=ORIENTED_EDGE('',*,*,#3470,.T.);
#1540=ORIENTED_EDGE('',*,*,#3275,.T.);
#1541=ORIENTED_EDGE('',*,*,#3507,.F.);
#1542=ORIENTED_EDGE('',*,*,#3179,.T.);
#1543=ORIENTED_EDGE('',*,*,#3421,.T.);
#1544=ORIENTED_EDGE('',*,*,#3424,.T.);
#1545=ORIENTED_EDGE('',*,*,#3427,.T.);
#1546=ORIENTED_EDGE('',*,*,#3506,.F.);
#1547=ORIENTED_EDGE('',*,*,#3203,.T.);
#1548=ORIENTED_EDGE('',*,*,#3507,.T.);
#1549=ORIENTED_EDGE('',*,*,#3251,.T.);
#1550=ORIENTED_EDGE('',*,*,#3227,.F.);
#1551=ORIENTED_EDGE('',*,*,#3102,.T.);
#1552=ORIENTED_EDGE('',*,*,#3178,.T.);
#1553=ORIENTED_EDGE('',*,*,#3508,.T.);
#1554=ORIENTED_EDGE('',*,*,#3274,.T.);
#1555=ORIENTED_EDGE('',*,*,#3469,.F.);
#1556=ORIENTED_EDGE('',*,*,#3104,.T.);
#1557=ORIENTED_EDGE('',*,*,#3468,.T.);
#1558=ORIENTED_EDGE('',*,*,#3272,.T.);
#1559=ORIENTED_EDGE('',*,*,#3509,.F.);
#1560=ORIENTED_EDGE('',*,*,#3176,.T.);
#1561=ORIENTED_EDGE('',*,*,#3202,.T.);
#1562=ORIENTED_EDGE('',*,*,#3226,.T.);
#1563=ORIENTED_EDGE('',*,*,#3250,.T.);
#1564=ORIENTED_EDGE('',*,*,#3508,.F.);
#1565=ORIENTED_EDGE('',*,*,#3200,.T.);
#1566=ORIENTED_EDGE('',*,*,#3509,.T.);
#1567=ORIENTED_EDGE('',*,*,#3248,.T.);
#1568=ORIENTED_EDGE('',*,*,#3224,.F.);
#1569=ORIENTED_EDGE('',*,*,#3106,.T.);
#1570=ORIENTED_EDGE('',*,*,#3175,.T.);
#1571=ORIENTED_EDGE('',*,*,#3510,.T.);
#1572=ORIENTED_EDGE('',*,*,#3271,.T.);
#1573=ORIENTED_EDGE('',*,*,#3467,.F.);
#1574=ORIENTED_EDGE('',*,*,#3108,.T.);
#1575=ORIENTED_EDGE('',*,*,#3466,.T.);
#1576=ORIENTED_EDGE('',*,*,#3269,.T.);
#1577=ORIENTED_EDGE('',*,*,#3511,.F.);
#1578=ORIENTED_EDGE('',*,*,#3173,.T.);
#1579=ORIENTED_EDGE('',*,*,#3199,.T.);
#1580=ORIENTED_EDGE('',*,*,#3223,.T.);
#1581=ORIENTED_EDGE('',*,*,#3247,.T.);
#1582=ORIENTED_EDGE('',*,*,#3510,.F.);
#1583=ORIENTED_EDGE('',*,*,#3197,.T.);
#1584=ORIENTED_EDGE('',*,*,#3511,.T.);
#1585=ORIENTED_EDGE('',*,*,#3245,.T.);
#1586=ORIENTED_EDGE('',*,*,#3221,.F.);
#1587=ORIENTED_EDGE('',*,*,#3110,.T.);
#1588=ORIENTED_EDGE('',*,*,#3172,.T.);
#1589=ORIENTED_EDGE('',*,*,#3512,.T.);
#1590=ORIENTED_EDGE('',*,*,#3268,.T.);
#1591=ORIENTED_EDGE('',*,*,#3465,.F.);
#1592=ORIENTED_EDGE('',*,*,#3112,.T.);
#1593=ORIENTED_EDGE('',*,*,#3464,.T.);
#1594=ORIENTED_EDGE('',*,*,#3266,.T.);
#1595=ORIENTED_EDGE('',*,*,#3513,.F.);
#1596=ORIENTED_EDGE('',*,*,#3170,.T.);
#1597=ORIENTED_EDGE('',*,*,#3196,.T.);
#1598=ORIENTED_EDGE('',*,*,#3220,.T.);
#1599=ORIENTED_EDGE('',*,*,#3244,.T.);
#1600=ORIENTED_EDGE('',*,*,#3512,.F.);
#1601=ORIENTED_EDGE('',*,*,#3194,.T.);
#1602=ORIENTED_EDGE('',*,*,#3513,.T.);
#1603=ORIENTED_EDGE('',*,*,#3242,.T.);
#1604=ORIENTED_EDGE('',*,*,#3218,.F.);
#1605=ORIENTED_EDGE('',*,*,#3114,.T.);
#1606=ORIENTED_EDGE('',*,*,#3169,.T.);
#1607=ORIENTED_EDGE('',*,*,#3514,.T.);
#1608=ORIENTED_EDGE('',*,*,#3265,.T.);
#1609=ORIENTED_EDGE('',*,*,#3463,.F.);
#1610=ORIENTED_EDGE('',*,*,#3116,.T.);
#1611=ORIENTED_EDGE('',*,*,#3462,.T.);
#1612=ORIENTED_EDGE('',*,*,#3263,.T.);
#1613=ORIENTED_EDGE('',*,*,#3515,.F.);
#1614=ORIENTED_EDGE('',*,*,#3167,.T.);
#1615=ORIENTED_EDGE('',*,*,#3193,.T.);
#1616=ORIENTED_EDGE('',*,*,#3217,.T.);
#1617=ORIENTED_EDGE('',*,*,#3241,.T.);
#1618=ORIENTED_EDGE('',*,*,#3514,.F.);
#1619=ORIENTED_EDGE('',*,*,#3191,.T.);
#1620=ORIENTED_EDGE('',*,*,#3515,.T.);
#1621=ORIENTED_EDGE('',*,*,#3239,.T.);
#1622=ORIENTED_EDGE('',*,*,#3215,.F.);
#1623=ORIENTED_EDGE('',*,*,#3118,.T.);
#1624=ORIENTED_EDGE('',*,*,#3166,.T.);
#1625=ORIENTED_EDGE('',*,*,#3516,.T.);
#1626=ORIENTED_EDGE('',*,*,#3262,.T.);
#1627=ORIENTED_EDGE('',*,*,#3461,.F.);
#1628=ORIENTED_EDGE('',*,*,#3190,.T.);
#1629=ORIENTED_EDGE('',*,*,#3214,.T.);
#1630=ORIENTED_EDGE('',*,*,#3238,.T.);
#1631=ORIENTED_EDGE('',*,*,#3516,.F.);
#1632=ORIENTED_EDGE('',*,*,#3084,.T.);
#1633=ORIENTED_EDGE('',*,*,#3457,.T.);
#1634=ORIENTED_EDGE('',*,*,#3260,.T.);
#1635=ORIENTED_EDGE('',*,*,#3517,.F.);
#1636=ORIENTED_EDGE('',*,*,#3164,.T.);
#1637=ORIENTED_EDGE('',*,*,#3188,.T.);
#1638=ORIENTED_EDGE('',*,*,#3517,.T.);
#1639=ORIENTED_EDGE('',*,*,#3236,.T.);
#1640=ORIENTED_EDGE('',*,*,#3212,.F.);
#1641=ORIENTED_EDGE('',*,*,#3086,.T.);
#1642=ORIENTED_EDGE('',*,*,#3163,.T.);
#1643=ORIENTED_EDGE('',*,*,#3518,.T.);
#1644=ORIENTED_EDGE('',*,*,#3259,.T.);
#1645=ORIENTED_EDGE('',*,*,#3456,.F.);
#1646=ORIENTED_EDGE('',*,*,#3088,.T.);
#1647=ORIENTED_EDGE('',*,*,#3455,.T.);
#1648=ORIENTED_EDGE('',*,*,#3257,.T.);
#1649=ORIENTED_EDGE('',*,*,#3519,.F.);
#1650=ORIENTED_EDGE('',*,*,#3161,.T.);
#1651=ORIENTED_EDGE('',*,*,#3187,.T.);
#1652=ORIENTED_EDGE('',*,*,#3211,.T.);
#1653=ORIENTED_EDGE('',*,*,#3235,.T.);
#1654=ORIENTED_EDGE('',*,*,#3518,.F.);
#1655=ORIENTED_EDGE('',*,*,#3185,.T.);
#1656=ORIENTED_EDGE('',*,*,#3519,.T.);
#1657=ORIENTED_EDGE('',*,*,#3233,.T.);
#1658=ORIENTED_EDGE('',*,*,#3209,.F.);
#1659=ORIENTED_EDGE('',*,*,#3092,.T.);
#1660=ORIENTED_EDGE('',*,*,#3453,.T.);
#1661=ORIENTED_EDGE('',*,*,#3253,.T.);
#1662=ORIENTED_EDGE('',*,*,#3520,.F.);
#1663=ORIENTED_EDGE('',*,*,#3157,.T.);
#1664=ORIENTED_EDGE('',*,*,#3090,.T.);
#1665=ORIENTED_EDGE('',*,*,#3160,.T.);
#1666=ORIENTED_EDGE('',*,*,#3521,.T.);
#1667=ORIENTED_EDGE('',*,*,#3256,.T.);
#1668=ORIENTED_EDGE('',*,*,#3454,.F.);
#1669=ORIENTED_EDGE('',*,*,#3182,.T.);
#1670=ORIENTED_EDGE('',*,*,#3520,.T.);
#1671=ORIENTED_EDGE('',*,*,#3230,.T.);
#1672=ORIENTED_EDGE('',*,*,#3206,.F.);
#1673=ORIENTED_EDGE('',*,*,#3184,.T.);
#1674=ORIENTED_EDGE('',*,*,#3208,.T.);
#1675=ORIENTED_EDGE('',*,*,#3232,.T.);
#1676=ORIENTED_EDGE('',*,*,#3521,.F.);
#1677=ORIENTED_EDGE('',*,*,#3120,.T.);
#1678=ORIENTED_EDGE('',*,*,#3460,.T.);
#1679=ORIENTED_EDGE('',*,*,#3522,.F.);
#1680=ORIENTED_EDGE('',*,*,#3523,.T.);
#1681=ORIENTED_EDGE('',*,*,#3458,.F.);
#1682=ORIENTED_EDGE('',*,*,#3082,.F.);
#1683=ORIENTED_EDGE('',*,*,#3081,.T.);
#1684=ORIENTED_EDGE('',*,*,#3522,.T.);
#1685=ORIENTED_EDGE('',*,*,#3459,.T.);
#1686=ORIENTED_EDGE('',*,*,#3523,.F.);
#1687=ORIENTED_EDGE('',*,*,#3524,.F.);
#1688=ORIENTED_EDGE('',*,*,#3525,.F.);
#1689=ORIENTED_EDGE('',*,*,#3526,.T.);
#1690=ORIENTED_EDGE('',*,*,#3527,.T.);
#1691=ORIENTED_EDGE('',*,*,#3528,.F.);
#1692=ORIENTED_EDGE('',*,*,#3529,.F.);
#1693=ORIENTED_EDGE('',*,*,#3530,.F.);
#1694=ORIENTED_EDGE('',*,*,#3531,.F.);
#1695=ORIENTED_EDGE('',*,*,#3532,.F.);
#1696=ORIENTED_EDGE('',*,*,#3533,.F.);
#1697=ORIENTED_EDGE('',*,*,#3534,.F.);
#1698=ORIENTED_EDGE('',*,*,#3535,.F.);
#1699=ORIENTED_EDGE('',*,*,#3536,.F.);
#1700=ORIENTED_EDGE('',*,*,#3537,.F.);
#1701=ORIENTED_EDGE('',*,*,#3538,.F.);
#1702=ORIENTED_EDGE('',*,*,#3539,.F.);
#1703=ORIENTED_EDGE('',*,*,#3540,.F.);
#1704=ORIENTED_EDGE('',*,*,#3541,.F.);
#1705=ORIENTED_EDGE('',*,*,#3542,.F.);
#1706=ORIENTED_EDGE('',*,*,#3543,.F.);
#1707=ORIENTED_EDGE('',*,*,#3544,.F.);
#1708=ORIENTED_EDGE('',*,*,#3545,.F.);
#1709=ORIENTED_EDGE('',*,*,#3546,.F.);
#1710=ORIENTED_EDGE('',*,*,#3547,.F.);
#1711=ORIENTED_EDGE('',*,*,#3548,.F.);
#1712=ORIENTED_EDGE('',*,*,#3549,.F.);
#1713=ORIENTED_EDGE('',*,*,#3550,.F.);
#1714=ORIENTED_EDGE('',*,*,#3551,.F.);
#1715=ORIENTED_EDGE('',*,*,#3552,.F.);
#1716=ORIENTED_EDGE('',*,*,#3553,.F.);
#1717=ORIENTED_EDGE('',*,*,#3554,.F.);
#1718=ORIENTED_EDGE('',*,*,#3555,.F.);
#1719=ORIENTED_EDGE('',*,*,#3556,.F.);
#1720=ORIENTED_EDGE('',*,*,#3557,.F.);
#1721=ORIENTED_EDGE('',*,*,#3558,.F.);
#1722=ORIENTED_EDGE('',*,*,#3559,.F.);
#1723=ORIENTED_EDGE('',*,*,#3560,.F.);
#1724=ORIENTED_EDGE('',*,*,#3561,.F.);
#1725=ORIENTED_EDGE('',*,*,#3562,.F.);
#1726=ORIENTED_EDGE('',*,*,#3563,.F.);
#1727=ORIENTED_EDGE('',*,*,#3564,.F.);
#1728=ORIENTED_EDGE('',*,*,#3565,.T.);
#1729=ORIENTED_EDGE('',*,*,#3566,.F.);
#1730=ORIENTED_EDGE('',*,*,#3567,.F.);
#1731=ORIENTED_EDGE('',*,*,#3568,.F.);
#1732=ORIENTED_EDGE('',*,*,#3569,.F.);
#1733=ORIENTED_EDGE('',*,*,#3570,.T.);
#1734=ORIENTED_EDGE('',*,*,#3571,.T.);
#1735=ORIENTED_EDGE('',*,*,#3572,.F.);
#1736=ORIENTED_EDGE('',*,*,#3573,.T.);
#1737=ORIENTED_EDGE('',*,*,#3574,.F.);
#1738=ORIENTED_EDGE('',*,*,#3575,.F.);
#1739=ORIENTED_EDGE('',*,*,#3576,.F.);
#1740=ORIENTED_EDGE('',*,*,#3577,.T.);
#1741=ORIENTED_EDGE('',*,*,#3578,.F.);
#1742=ORIENTED_EDGE('',*,*,#3579,.F.);
#1743=ORIENTED_EDGE('',*,*,#3580,.F.);
#1744=ORIENTED_EDGE('',*,*,#3581,.T.);
#1745=ORIENTED_EDGE('',*,*,#3582,.F.);
#1746=ORIENTED_EDGE('',*,*,#3583,.F.);
#1747=ORIENTED_EDGE('',*,*,#3584,.F.);
#1748=ORIENTED_EDGE('',*,*,#3585,.T.);
#1749=ORIENTED_EDGE('',*,*,#3586,.F.);
#1750=ORIENTED_EDGE('',*,*,#3587,.F.);
#1751=ORIENTED_EDGE('',*,*,#3588,.F.);
#1752=ORIENTED_EDGE('',*,*,#3589,.T.);
#1753=ORIENTED_EDGE('',*,*,#3590,.F.);
#1754=ORIENTED_EDGE('',*,*,#3591,.F.);
#1755=ORIENTED_EDGE('',*,*,#3592,.F.);
#1756=ORIENTED_EDGE('',*,*,#3593,.T.);
#1757=ORIENTED_EDGE('',*,*,#3594,.F.);
#1758=ORIENTED_EDGE('',*,*,#3595,.F.);
#1759=ORIENTED_EDGE('',*,*,#3596,.F.);
#1760=ORIENTED_EDGE('',*,*,#3597,.T.);
#1761=ORIENTED_EDGE('',*,*,#3598,.F.);
#1762=ORIENTED_EDGE('',*,*,#3599,.F.);
#1763=ORIENTED_EDGE('',*,*,#3600,.F.);
#1764=ORIENTED_EDGE('',*,*,#3601,.T.);
#1765=ORIENTED_EDGE('',*,*,#3602,.F.);
#1766=ORIENTED_EDGE('',*,*,#3603,.F.);
#1767=ORIENTED_EDGE('',*,*,#3604,.F.);
#1768=ORIENTED_EDGE('',*,*,#3571,.F.);
#1769=ORIENTED_EDGE('',*,*,#3605,.T.);
#1770=ORIENTED_EDGE('',*,*,#3606,.T.);
#1771=ORIENTED_EDGE('',*,*,#3607,.F.);
#1772=ORIENTED_EDGE('',*,*,#3608,.T.);
#1773=ORIENTED_EDGE('',*,*,#3609,.F.);
#1774=ORIENTED_EDGE('',*,*,#3573,.F.);
#1775=ORIENTED_EDGE('',*,*,#3610,.F.);
#1776=ORIENTED_EDGE('',*,*,#3611,.T.);
#1777=ORIENTED_EDGE('',*,*,#3612,.F.);
#1778=ORIENTED_EDGE('',*,*,#3577,.F.);
#1779=ORIENTED_EDGE('',*,*,#3613,.F.);
#1780=ORIENTED_EDGE('',*,*,#3614,.T.);
#1781=ORIENTED_EDGE('',*,*,#3615,.F.);
#1782=ORIENTED_EDGE('',*,*,#3581,.F.);
#1783=ORIENTED_EDGE('',*,*,#3616,.F.);
#1784=ORIENTED_EDGE('',*,*,#3617,.T.);
#1785=ORIENTED_EDGE('',*,*,#3618,.F.);
#1786=ORIENTED_EDGE('',*,*,#3585,.F.);
#1787=ORIENTED_EDGE('',*,*,#3619,.F.);
#1788=ORIENTED_EDGE('',*,*,#3620,.T.);
#1789=ORIENTED_EDGE('',*,*,#3621,.F.);
#1790=ORIENTED_EDGE('',*,*,#3589,.F.);
#1791=ORIENTED_EDGE('',*,*,#3622,.F.);
#1792=ORIENTED_EDGE('',*,*,#3623,.T.);
#1793=ORIENTED_EDGE('',*,*,#3624,.F.);
#1794=ORIENTED_EDGE('',*,*,#3593,.F.);
#1795=ORIENTED_EDGE('',*,*,#3625,.F.);
#1796=ORIENTED_EDGE('',*,*,#3626,.T.);
#1797=ORIENTED_EDGE('',*,*,#3627,.F.);
#1798=ORIENTED_EDGE('',*,*,#3597,.F.);
#1799=ORIENTED_EDGE('',*,*,#3628,.F.);
#1800=ORIENTED_EDGE('',*,*,#3629,.T.);
#1801=ORIENTED_EDGE('',*,*,#3630,.F.);
#1802=ORIENTED_EDGE('',*,*,#3601,.F.);
#1803=ORIENTED_EDGE('',*,*,#3631,.F.);
#1804=ORIENTED_EDGE('',*,*,#3606,.F.);
#1805=ORIENTED_EDGE('',*,*,#3632,.T.);
#1806=ORIENTED_EDGE('',*,*,#3633,.T.);
#1807=ORIENTED_EDGE('',*,*,#3634,.F.);
#1808=ORIENTED_EDGE('',*,*,#3635,.T.);
#1809=ORIENTED_EDGE('',*,*,#3636,.F.);
#1810=ORIENTED_EDGE('',*,*,#3608,.F.);
#1811=ORIENTED_EDGE('',*,*,#3637,.F.);
#1812=ORIENTED_EDGE('',*,*,#3638,.T.);
#1813=ORIENTED_EDGE('',*,*,#3639,.F.);
#1814=ORIENTED_EDGE('',*,*,#3611,.F.);
#1815=ORIENTED_EDGE('',*,*,#3640,.F.);
#1816=ORIENTED_EDGE('',*,*,#3641,.T.);
#1817=ORIENTED_EDGE('',*,*,#3642,.F.);
#1818=ORIENTED_EDGE('',*,*,#3614,.F.);
#1819=ORIENTED_EDGE('',*,*,#3643,.F.);
#1820=ORIENTED_EDGE('',*,*,#3644,.T.);
#1821=ORIENTED_EDGE('',*,*,#3645,.F.);
#1822=ORIENTED_EDGE('',*,*,#3617,.F.);
#1823=ORIENTED_EDGE('',*,*,#3646,.F.);
#1824=ORIENTED_EDGE('',*,*,#3647,.T.);
#1825=ORIENTED_EDGE('',*,*,#3648,.F.);
#1826=ORIENTED_EDGE('',*,*,#3620,.F.);
#1827=ORIENTED_EDGE('',*,*,#3649,.F.);
#1828=ORIENTED_EDGE('',*,*,#3650,.T.);
#1829=ORIENTED_EDGE('',*,*,#3651,.F.);
#1830=ORIENTED_EDGE('',*,*,#3623,.F.);
#1831=ORIENTED_EDGE('',*,*,#3652,.F.);
#1832=ORIENTED_EDGE('',*,*,#3653,.T.);
#1833=ORIENTED_EDGE('',*,*,#3654,.F.);
#1834=ORIENTED_EDGE('',*,*,#3626,.F.);
#1835=ORIENTED_EDGE('',*,*,#3655,.F.);
#1836=ORIENTED_EDGE('',*,*,#3656,.T.);
#1837=ORIENTED_EDGE('',*,*,#3657,.F.);
#1838=ORIENTED_EDGE('',*,*,#3629,.F.);
#1839=ORIENTED_EDGE('',*,*,#3658,.F.);
#1840=ORIENTED_EDGE('',*,*,#3633,.F.);
#1841=ORIENTED_EDGE('',*,*,#3659,.T.);
#1842=ORIENTED_EDGE('',*,*,#3660,.T.);
#1843=ORIENTED_EDGE('',*,*,#3661,.F.);
#1844=ORIENTED_EDGE('',*,*,#3662,.T.);
#1845=ORIENTED_EDGE('',*,*,#3663,.F.);
#1846=ORIENTED_EDGE('',*,*,#3635,.F.);
#1847=ORIENTED_EDGE('',*,*,#3664,.F.);
#1848=ORIENTED_EDGE('',*,*,#3665,.T.);
#1849=ORIENTED_EDGE('',*,*,#3666,.F.);
#1850=ORIENTED_EDGE('',*,*,#3638,.F.);
#1851=ORIENTED_EDGE('',*,*,#3667,.F.);
#1852=ORIENTED_EDGE('',*,*,#3668,.T.);
#1853=ORIENTED_EDGE('',*,*,#3669,.F.);
#1854=ORIENTED_EDGE('',*,*,#3641,.F.);
#1855=ORIENTED_EDGE('',*,*,#3670,.F.);
#1856=ORIENTED_EDGE('',*,*,#3671,.T.);
#1857=ORIENTED_EDGE('',*,*,#3672,.F.);
#1858=ORIENTED_EDGE('',*,*,#3644,.F.);
#1859=ORIENTED_EDGE('',*,*,#3673,.F.);
#1860=ORIENTED_EDGE('',*,*,#3674,.T.);
#1861=ORIENTED_EDGE('',*,*,#3675,.F.);
#1862=ORIENTED_EDGE('',*,*,#3647,.F.);
#1863=ORIENTED_EDGE('',*,*,#3676,.F.);
#1864=ORIENTED_EDGE('',*,*,#3677,.T.);
#1865=ORIENTED_EDGE('',*,*,#3678,.F.);
#1866=ORIENTED_EDGE('',*,*,#3650,.F.);
#1867=ORIENTED_EDGE('',*,*,#3679,.F.);
#1868=ORIENTED_EDGE('',*,*,#3680,.T.);
#1869=ORIENTED_EDGE('',*,*,#3681,.F.);
#1870=ORIENTED_EDGE('',*,*,#3653,.F.);
#1871=ORIENTED_EDGE('',*,*,#3682,.F.);
#1872=ORIENTED_EDGE('',*,*,#3683,.T.);
#1873=ORIENTED_EDGE('',*,*,#3684,.F.);
#1874=ORIENTED_EDGE('',*,*,#3656,.F.);
#1875=ORIENTED_EDGE('',*,*,#3685,.F.);
#1876=ORIENTED_EDGE('',*,*,#3660,.F.);
#1877=ORIENTED_EDGE('',*,*,#3686,.T.);
#1878=ORIENTED_EDGE('',*,*,#3687,.T.);
#1879=ORIENTED_EDGE('',*,*,#3688,.F.);
#1880=ORIENTED_EDGE('',*,*,#3689,.T.);
#1881=ORIENTED_EDGE('',*,*,#3690,.F.);
#1882=ORIENTED_EDGE('',*,*,#3662,.F.);
#1883=ORIENTED_EDGE('',*,*,#3691,.F.);
#1884=ORIENTED_EDGE('',*,*,#3692,.T.);
#1885=ORIENTED_EDGE('',*,*,#3693,.F.);
#1886=ORIENTED_EDGE('',*,*,#3665,.F.);
#1887=ORIENTED_EDGE('',*,*,#3694,.F.);
#1888=ORIENTED_EDGE('',*,*,#3695,.T.);
#1889=ORIENTED_EDGE('',*,*,#3696,.F.);
#1890=ORIENTED_EDGE('',*,*,#3668,.F.);
#1891=ORIENTED_EDGE('',*,*,#3697,.F.);
#1892=ORIENTED_EDGE('',*,*,#3698,.T.);
#1893=ORIENTED_EDGE('',*,*,#3699,.F.);
#1894=ORIENTED_EDGE('',*,*,#3671,.F.);
#1895=ORIENTED_EDGE('',*,*,#3700,.F.);
#1896=ORIENTED_EDGE('',*,*,#3701,.T.);
#1897=ORIENTED_EDGE('',*,*,#3702,.F.);
#1898=ORIENTED_EDGE('',*,*,#3674,.F.);
#1899=ORIENTED_EDGE('',*,*,#3703,.F.);
#1900=ORIENTED_EDGE('',*,*,#3704,.T.);
#1901=ORIENTED_EDGE('',*,*,#3705,.F.);
#1902=ORIENTED_EDGE('',*,*,#3677,.F.);
#1903=ORIENTED_EDGE('',*,*,#3706,.F.);
#1904=ORIENTED_EDGE('',*,*,#3707,.T.);
#1905=ORIENTED_EDGE('',*,*,#3708,.F.);
#1906=ORIENTED_EDGE('',*,*,#3680,.F.);
#1907=ORIENTED_EDGE('',*,*,#3709,.F.);
#1908=ORIENTED_EDGE('',*,*,#3710,.T.);
#1909=ORIENTED_EDGE('',*,*,#3711,.F.);
#1910=ORIENTED_EDGE('',*,*,#3683,.F.);
#1911=ORIENTED_EDGE('',*,*,#3712,.F.);
#1912=ORIENTED_EDGE('',*,*,#3713,.F.);
#1913=ORIENTED_EDGE('',*,*,#3714,.T.);
#1914=ORIENTED_EDGE('',*,*,#3715,.T.);
#1915=ORIENTED_EDGE('',*,*,#3716,.F.);
#1916=ORIENTED_EDGE('',*,*,#3717,.T.);
#1917=ORIENTED_EDGE('',*,*,#3718,.F.);
#1918=ORIENTED_EDGE('',*,*,#3719,.F.);
#1919=ORIENTED_EDGE('',*,*,#3720,.F.);
#1920=ORIENTED_EDGE('',*,*,#3721,.T.);
#1921=ORIENTED_EDGE('',*,*,#3722,.F.);
#1922=ORIENTED_EDGE('',*,*,#3723,.F.);
#1923=ORIENTED_EDGE('',*,*,#3724,.F.);
#1924=ORIENTED_EDGE('',*,*,#3725,.T.);
#1925=ORIENTED_EDGE('',*,*,#3726,.F.);
#1926=ORIENTED_EDGE('',*,*,#3727,.F.);
#1927=ORIENTED_EDGE('',*,*,#3728,.F.);
#1928=ORIENTED_EDGE('',*,*,#3729,.T.);
#1929=ORIENTED_EDGE('',*,*,#3730,.F.);
#1930=ORIENTED_EDGE('',*,*,#3731,.F.);
#1931=ORIENTED_EDGE('',*,*,#3732,.F.);
#1932=ORIENTED_EDGE('',*,*,#3733,.T.);
#1933=ORIENTED_EDGE('',*,*,#3734,.F.);
#1934=ORIENTED_EDGE('',*,*,#3735,.F.);
#1935=ORIENTED_EDGE('',*,*,#3736,.F.);
#1936=ORIENTED_EDGE('',*,*,#3737,.T.);
#1937=ORIENTED_EDGE('',*,*,#3738,.F.);
#1938=ORIENTED_EDGE('',*,*,#3739,.F.);
#1939=ORIENTED_EDGE('',*,*,#3740,.F.);
#1940=ORIENTED_EDGE('',*,*,#3741,.T.);
#1941=ORIENTED_EDGE('',*,*,#3742,.F.);
#1942=ORIENTED_EDGE('',*,*,#3743,.F.);
#1943=ORIENTED_EDGE('',*,*,#3744,.F.);
#1944=ORIENTED_EDGE('',*,*,#3715,.F.);
#1945=ORIENTED_EDGE('',*,*,#3745,.T.);
#1946=ORIENTED_EDGE('',*,*,#3746,.T.);
#1947=ORIENTED_EDGE('',*,*,#3747,.F.);
#1948=ORIENTED_EDGE('',*,*,#3748,.T.);
#1949=ORIENTED_EDGE('',*,*,#3749,.F.);
#1950=ORIENTED_EDGE('',*,*,#3717,.F.);
#1951=ORIENTED_EDGE('',*,*,#3750,.F.);
#1952=ORIENTED_EDGE('',*,*,#3751,.T.);
#1953=ORIENTED_EDGE('',*,*,#3752,.F.);
#1954=ORIENTED_EDGE('',*,*,#3721,.F.);
#1955=ORIENTED_EDGE('',*,*,#3753,.F.);
#1956=ORIENTED_EDGE('',*,*,#3754,.T.);
#1957=ORIENTED_EDGE('',*,*,#3755,.F.);
#1958=ORIENTED_EDGE('',*,*,#3725,.F.);
#1959=ORIENTED_EDGE('',*,*,#3756,.F.);
#1960=ORIENTED_EDGE('',*,*,#3757,.T.);
#1961=ORIENTED_EDGE('',*,*,#3758,.F.);
#1962=ORIENTED_EDGE('',*,*,#3729,.F.);
#1963=ORIENTED_EDGE('',*,*,#3759,.F.);
#1964=ORIENTED_EDGE('',*,*,#3760,.T.);
#1965=ORIENTED_EDGE('',*,*,#3761,.F.);
#1966=ORIENTED_EDGE('',*,*,#3733,.F.);
#1967=ORIENTED_EDGE('',*,*,#3762,.F.);
#1968=ORIENTED_EDGE('',*,*,#3763,.T.);
#1969=ORIENTED_EDGE('',*,*,#3764,.F.);
#1970=ORIENTED_EDGE('',*,*,#3737,.F.);
#1971=ORIENTED_EDGE('',*,*,#3765,.F.);
#1972=ORIENTED_EDGE('',*,*,#3766,.T.);
#1973=ORIENTED_EDGE('',*,*,#3767,.F.);
#1974=ORIENTED_EDGE('',*,*,#3741,.F.);
#1975=ORIENTED_EDGE('',*,*,#3768,.F.);
#1976=ORIENTED_EDGE('',*,*,#3746,.F.);
#1977=ORIENTED_EDGE('',*,*,#3769,.T.);
#1978=ORIENTED_EDGE('',*,*,#3770,.T.);
#1979=ORIENTED_EDGE('',*,*,#3771,.F.);
#1980=ORIENTED_EDGE('',*,*,#3772,.T.);
#1981=ORIENTED_EDGE('',*,*,#3773,.F.);
#1982=ORIENTED_EDGE('',*,*,#3748,.F.);
#1983=ORIENTED_EDGE('',*,*,#3774,.F.);
#1984=ORIENTED_EDGE('',*,*,#3775,.T.);
#1985=ORIENTED_EDGE('',*,*,#3776,.F.);
#1986=ORIENTED_EDGE('',*,*,#3751,.F.);
#1987=ORIENTED_EDGE('',*,*,#3777,.F.);
#1988=ORIENTED_EDGE('',*,*,#3778,.T.);
#1989=ORIENTED_EDGE('',*,*,#3779,.F.);
#1990=ORIENTED_EDGE('',*,*,#3754,.F.);
#1991=ORIENTED_EDGE('',*,*,#3780,.F.);
#1992=ORIENTED_EDGE('',*,*,#3781,.T.);
#1993=ORIENTED_EDGE('',*,*,#3782,.F.);
#1994=ORIENTED_EDGE('',*,*,#3757,.F.);
#1995=ORIENTED_EDGE('',*,*,#3783,.F.);
#1996=ORIENTED_EDGE('',*,*,#3784,.T.);
#1997=ORIENTED_EDGE('',*,*,#3785,.F.);
#1998=ORIENTED_EDGE('',*,*,#3760,.F.);
#1999=ORIENTED_EDGE('',*,*,#3786,.F.);
#2000=ORIENTED_EDGE('',*,*,#3787,.T.);
#2001=ORIENTED_EDGE('',*,*,#3788,.F.);
#2002=ORIENTED_EDGE('',*,*,#3763,.F.);
#2003=ORIENTED_EDGE('',*,*,#3789,.F.);
#2004=ORIENTED_EDGE('',*,*,#3790,.T.);
#2005=ORIENTED_EDGE('',*,*,#3791,.F.);
#2006=ORIENTED_EDGE('',*,*,#3766,.F.);
#2007=ORIENTED_EDGE('',*,*,#3792,.F.);
#2008=ORIENTED_EDGE('',*,*,#3770,.F.);
#2009=ORIENTED_EDGE('',*,*,#3793,.T.);
#2010=ORIENTED_EDGE('',*,*,#3794,.T.);
#2011=ORIENTED_EDGE('',*,*,#3795,.F.);
#2012=ORIENTED_EDGE('',*,*,#3796,.T.);
#2013=ORIENTED_EDGE('',*,*,#3797,.F.);
#2014=ORIENTED_EDGE('',*,*,#3772,.F.);
#2015=ORIENTED_EDGE('',*,*,#3798,.F.);
#2016=ORIENTED_EDGE('',*,*,#3799,.T.);
#2017=ORIENTED_EDGE('',*,*,#3800,.F.);
#2018=ORIENTED_EDGE('',*,*,#3775,.F.);
#2019=ORIENTED_EDGE('',*,*,#3801,.F.);
#2020=ORIENTED_EDGE('',*,*,#3802,.T.);
#2021=ORIENTED_EDGE('',*,*,#3803,.F.);
#2022=ORIENTED_EDGE('',*,*,#3778,.F.);
#2023=ORIENTED_EDGE('',*,*,#3804,.F.);
#2024=ORIENTED_EDGE('',*,*,#3805,.T.);
#2025=ORIENTED_EDGE('',*,*,#3806,.F.);
#2026=ORIENTED_EDGE('',*,*,#3781,.F.);
#2027=ORIENTED_EDGE('',*,*,#3807,.F.);
#2028=ORIENTED_EDGE('',*,*,#3808,.T.);
#2029=ORIENTED_EDGE('',*,*,#3809,.F.);
#2030=ORIENTED_EDGE('',*,*,#3784,.F.);
#2031=ORIENTED_EDGE('',*,*,#3810,.F.);
#2032=ORIENTED_EDGE('',*,*,#3811,.T.);
#2033=ORIENTED_EDGE('',*,*,#3812,.F.);
#2034=ORIENTED_EDGE('',*,*,#3787,.F.);
#2035=ORIENTED_EDGE('',*,*,#3813,.F.);
#2036=ORIENTED_EDGE('',*,*,#3814,.T.);
#2037=ORIENTED_EDGE('',*,*,#3815,.F.);
#2038=ORIENTED_EDGE('',*,*,#3790,.F.);
#2039=ORIENTED_EDGE('',*,*,#3816,.F.);
#2040=ORIENTED_EDGE('',*,*,#3794,.F.);
#2041=ORIENTED_EDGE('',*,*,#3817,.T.);
#2042=ORIENTED_EDGE('',*,*,#3525,.T.);
#2043=ORIENTED_EDGE('',*,*,#3818,.F.);
#2044=ORIENTED_EDGE('',*,*,#3561,.T.);
#2045=ORIENTED_EDGE('',*,*,#3819,.F.);
#2046=ORIENTED_EDGE('',*,*,#3796,.F.);
#2047=ORIENTED_EDGE('',*,*,#3820,.F.);
#2048=ORIENTED_EDGE('',*,*,#3557,.T.);
#2049=ORIENTED_EDGE('',*,*,#3821,.F.);
#2050=ORIENTED_EDGE('',*,*,#3799,.F.);
#2051=ORIENTED_EDGE('',*,*,#3822,.F.);
#2052=ORIENTED_EDGE('',*,*,#3553,.T.);
#2053=ORIENTED_EDGE('',*,*,#3823,.F.);
#2054=ORIENTED_EDGE('',*,*,#3802,.F.);
#2055=ORIENTED_EDGE('',*,*,#3824,.F.);
#2056=ORIENTED_EDGE('',*,*,#3549,.T.);
#2057=ORIENTED_EDGE('',*,*,#3825,.F.);
#2058=ORIENTED_EDGE('',*,*,#3805,.F.);
#2059=ORIENTED_EDGE('',*,*,#3826,.F.);
#2060=ORIENTED_EDGE('',*,*,#3545,.T.);
#2061=ORIENTED_EDGE('',*,*,#3827,.F.);
#2062=ORIENTED_EDGE('',*,*,#3808,.F.);
#2063=ORIENTED_EDGE('',*,*,#3828,.F.);
#2064=ORIENTED_EDGE('',*,*,#3537,.T.);
#2065=ORIENTED_EDGE('',*,*,#3829,.F.);
#2066=ORIENTED_EDGE('',*,*,#3811,.F.);
#2067=ORIENTED_EDGE('',*,*,#3830,.F.);
#2068=ORIENTED_EDGE('',*,*,#3533,.T.);
#2069=ORIENTED_EDGE('',*,*,#3831,.F.);
#2070=ORIENTED_EDGE('',*,*,#3814,.F.);
#2071=ORIENTED_EDGE('',*,*,#3832,.F.);
#2072=ORIENTED_EDGE('',*,*,#3833,.T.);
#2073=ORIENTED_EDGE('',*,*,#3834,.F.);
#2074=ORIENTED_EDGE('',*,*,#3835,.F.);
#2075=ORIENTED_EDGE('',*,*,#3836,.F.);
#2076=ORIENTED_EDGE('',*,*,#3837,.T.);
#2077=ORIENTED_EDGE('',*,*,#3838,.F.);
#2078=ORIENTED_EDGE('',*,*,#3833,.F.);
#2079=ORIENTED_EDGE('',*,*,#3839,.F.);
#2080=ORIENTED_EDGE('',*,*,#3840,.T.);
#2081=ORIENTED_EDGE('',*,*,#3841,.F.);
#2082=ORIENTED_EDGE('',*,*,#3837,.F.);
#2083=ORIENTED_EDGE('',*,*,#3842,.F.);
#2084=ORIENTED_EDGE('',*,*,#3843,.T.);
#2085=ORIENTED_EDGE('',*,*,#3844,.F.);
#2086=ORIENTED_EDGE('',*,*,#3840,.F.);
#2087=ORIENTED_EDGE('',*,*,#3845,.F.);
#2088=ORIENTED_EDGE('',*,*,#3846,.T.);
#2089=ORIENTED_EDGE('',*,*,#3847,.F.);
#2090=ORIENTED_EDGE('',*,*,#3843,.F.);
#2091=ORIENTED_EDGE('',*,*,#3846,.F.);
#2092=ORIENTED_EDGE('',*,*,#3848,.T.);
#2093=ORIENTED_EDGE('',*,*,#3849,.T.);
#2094=ORIENTED_EDGE('',*,*,#3850,.F.);
#2095=ORIENTED_EDGE('',*,*,#3710,.F.);
#2096=ORIENTED_EDGE('',*,*,#3851,.T.);
#2097=ORIENTED_EDGE('',*,*,#3852,.T.);
#2098=ORIENTED_EDGE('',*,*,#3853,.F.);
#2099=ORIENTED_EDGE('',*,*,#3707,.F.);
#2100=ORIENTED_EDGE('',*,*,#3854,.T.);
#2101=ORIENTED_EDGE('',*,*,#3855,.T.);
#2102=ORIENTED_EDGE('',*,*,#3856,.F.);
#2103=ORIENTED_EDGE('',*,*,#3704,.F.);
#2104=ORIENTED_EDGE('',*,*,#3857,.T.);
#2105=ORIENTED_EDGE('',*,*,#3858,.T.);
#2106=ORIENTED_EDGE('',*,*,#3859,.F.);
#2107=ORIENTED_EDGE('',*,*,#3701,.F.);
#2108=ORIENTED_EDGE('',*,*,#3860,.T.);
#2109=ORIENTED_EDGE('',*,*,#3861,.T.);
#2110=ORIENTED_EDGE('',*,*,#3862,.F.);
#2111=ORIENTED_EDGE('',*,*,#3698,.F.);
#2112=ORIENTED_EDGE('',*,*,#3863,.T.);
#2113=ORIENTED_EDGE('',*,*,#3864,.T.);
#2114=ORIENTED_EDGE('',*,*,#3865,.F.);
#2115=ORIENTED_EDGE('',*,*,#3695,.F.);
#2116=ORIENTED_EDGE('',*,*,#3866,.T.);
#2117=ORIENTED_EDGE('',*,*,#3867,.T.);
#2118=ORIENTED_EDGE('',*,*,#3868,.F.);
#2119=ORIENTED_EDGE('',*,*,#3692,.F.);
#2120=ORIENTED_EDGE('',*,*,#3869,.T.);
#2121=ORIENTED_EDGE('',*,*,#3870,.T.);
#2122=ORIENTED_EDGE('',*,*,#3871,.F.);
#2123=ORIENTED_EDGE('',*,*,#3689,.F.);
#2124=ORIENTED_EDGE('',*,*,#3872,.T.);
#2125=ORIENTED_EDGE('',*,*,#3873,.T.);
#2126=ORIENTED_EDGE('',*,*,#3874,.F.);
#2127=ORIENTED_EDGE('',*,*,#3687,.F.);
#2128=ORIENTED_EDGE('',*,*,#3875,.T.);
#2129=ORIENTED_EDGE('',*,*,#3713,.T.);
#2130=ORIENTED_EDGE('',*,*,#3876,.F.);
#2131=ORIENTED_EDGE('',*,*,#3563,.T.);
#2132=ORIENTED_EDGE('',*,*,#3877,.T.);
#2133=ORIENTED_EDGE('',*,*,#3719,.T.);
#2134=ORIENTED_EDGE('',*,*,#3878,.F.);
#2135=ORIENTED_EDGE('',*,*,#3559,.T.);
#2136=ORIENTED_EDGE('',*,*,#3879,.T.);
#2137=ORIENTED_EDGE('',*,*,#3723,.T.);
#2138=ORIENTED_EDGE('',*,*,#3880,.F.);
#2139=ORIENTED_EDGE('',*,*,#3555,.T.);
#2140=ORIENTED_EDGE('',*,*,#3881,.T.);
#2141=ORIENTED_EDGE('',*,*,#3727,.T.);
#2142=ORIENTED_EDGE('',*,*,#3882,.F.);
#2143=ORIENTED_EDGE('',*,*,#3551,.T.);
#2144=ORIENTED_EDGE('',*,*,#3883,.T.);
#2145=ORIENTED_EDGE('',*,*,#3731,.T.);
#2146=ORIENTED_EDGE('',*,*,#3884,.F.);
#2147=ORIENTED_EDGE('',*,*,#3547,.T.);
#2148=ORIENTED_EDGE('',*,*,#3885,.T.);
#2149=ORIENTED_EDGE('',*,*,#3735,.T.);
#2150=ORIENTED_EDGE('',*,*,#3886,.F.);
#2151=ORIENTED_EDGE('',*,*,#3543,.T.);
#2152=ORIENTED_EDGE('',*,*,#3887,.T.);
#2153=ORIENTED_EDGE('',*,*,#3888,.T.);
#2154=ORIENTED_EDGE('',*,*,#3889,.T.);
#2155=ORIENTED_EDGE('',*,*,#3890,.F.);
#2156=ORIENTED_EDGE('',*,*,#3891,.F.);
#2157=ORIENTED_EDGE('',*,*,#3539,.T.);
#2158=ORIENTED_EDGE('',*,*,#3892,.T.);
#2159=ORIENTED_EDGE('',*,*,#3739,.T.);
#2160=ORIENTED_EDGE('',*,*,#3893,.F.);
#2161=ORIENTED_EDGE('',*,*,#3535,.T.);
#2162=ORIENTED_EDGE('',*,*,#3894,.T.);
#2163=ORIENTED_EDGE('',*,*,#3743,.T.);
#2164=ORIENTED_EDGE('',*,*,#3895,.F.);
#2165=ORIENTED_EDGE('',*,*,#3531,.T.);
#2166=ORIENTED_EDGE('',*,*,#3896,.T.);
#2167=ORIENTED_EDGE('',*,*,#3897,.T.);
#2168=ORIENTED_EDGE('',*,*,#3898,.F.);
#2169=ORIENTED_EDGE('',*,*,#3899,.F.);
#2170=ORIENTED_EDGE('',*,*,#3900,.T.);
#2171=ORIENTED_EDGE('',*,*,#3901,.F.);
#2172=ORIENTED_EDGE('',*,*,#3897,.F.);
#2173=ORIENTED_EDGE('',*,*,#3902,.F.);
#2174=ORIENTED_EDGE('',*,*,#3903,.T.);
#2175=ORIENTED_EDGE('',*,*,#3904,.F.);
#2176=ORIENTED_EDGE('',*,*,#3900,.F.);
#2177=ORIENTED_EDGE('',*,*,#3905,.F.);
#2178=ORIENTED_EDGE('',*,*,#3906,.T.);
#2179=ORIENTED_EDGE('',*,*,#3907,.F.);
#2180=ORIENTED_EDGE('',*,*,#3903,.F.);
#2181=ORIENTED_EDGE('',*,*,#3908,.F.);
#2182=ORIENTED_EDGE('',*,*,#3909,.T.);
#2183=ORIENTED_EDGE('',*,*,#3910,.F.);
#2184=ORIENTED_EDGE('',*,*,#3906,.F.);
#2185=ORIENTED_EDGE('',*,*,#3911,.F.);
#2186=ORIENTED_EDGE('',*,*,#3529,.T.);
#2187=ORIENTED_EDGE('',*,*,#3912,.F.);
#2188=ORIENTED_EDGE('',*,*,#3909,.F.);
#2189=ORIENTED_EDGE('',*,*,#3913,.F.);
#2190=ORIENTED_EDGE('',*,*,#3873,.F.);
#2191=ORIENTED_EDGE('',*,*,#3914,.F.);
#2192=ORIENTED_EDGE('',*,*,#3575,.T.);
#2193=ORIENTED_EDGE('',*,*,#3915,.F.);
#2194=ORIENTED_EDGE('',*,*,#3870,.F.);
#2195=ORIENTED_EDGE('',*,*,#3916,.F.);
#2196=ORIENTED_EDGE('',*,*,#3579,.T.);
#2197=ORIENTED_EDGE('',*,*,#3917,.F.);
#2198=ORIENTED_EDGE('',*,*,#3867,.F.);
#2199=ORIENTED_EDGE('',*,*,#3918,.F.);
#2200=ORIENTED_EDGE('',*,*,#3583,.T.);
#2201=ORIENTED_EDGE('',*,*,#3919,.F.);
#2202=ORIENTED_EDGE('',*,*,#3864,.F.);
#2203=ORIENTED_EDGE('',*,*,#3920,.F.);
#2204=ORIENTED_EDGE('',*,*,#3587,.T.);
#2205=ORIENTED_EDGE('',*,*,#3921,.F.);
#2206=ORIENTED_EDGE('',*,*,#3861,.F.);
#2207=ORIENTED_EDGE('',*,*,#3922,.F.);
#2208=ORIENTED_EDGE('',*,*,#3591,.T.);
#2209=ORIENTED_EDGE('',*,*,#3923,.F.);
#2210=ORIENTED_EDGE('',*,*,#3858,.F.);
#2211=ORIENTED_EDGE('',*,*,#3924,.F.);
#2212=ORIENTED_EDGE('',*,*,#3595,.T.);
#2213=ORIENTED_EDGE('',*,*,#3925,.F.);
#2214=ORIENTED_EDGE('',*,*,#3855,.F.);
#2215=ORIENTED_EDGE('',*,*,#3926,.F.);
#2216=ORIENTED_EDGE('',*,*,#3599,.T.);
#2217=ORIENTED_EDGE('',*,*,#3927,.F.);
#2218=ORIENTED_EDGE('',*,*,#3852,.F.);
#2219=ORIENTED_EDGE('',*,*,#3928,.F.);
#2220=ORIENTED_EDGE('',*,*,#3603,.T.);
#2221=ORIENTED_EDGE('',*,*,#3929,.F.);
#2222=ORIENTED_EDGE('',*,*,#3849,.F.);
#2223=ORIENTED_EDGE('',*,*,#3930,.F.);
#2224=ORIENTED_EDGE('',*,*,#3835,.T.);
#2225=ORIENTED_EDGE('',*,*,#3931,.F.);
#2226=ORIENTED_EDGE('',*,*,#3527,.F.);
#2227=ORIENTED_EDGE('',*,*,#3932,.T.);
#2228=ORIENTED_EDGE('',*,*,#3569,.T.);
#2229=ORIENTED_EDGE('',*,*,#3932,.F.);
#2230=ORIENTED_EDGE('',*,*,#3526,.F.);
#2231=ORIENTED_EDGE('',*,*,#3817,.F.);
#2232=ORIENTED_EDGE('',*,*,#3793,.F.);
#2233=ORIENTED_EDGE('',*,*,#3769,.F.);
#2234=ORIENTED_EDGE('',*,*,#3745,.F.);
#2235=ORIENTED_EDGE('',*,*,#3714,.F.);
#2236=ORIENTED_EDGE('',*,*,#3875,.F.);
#2237=ORIENTED_EDGE('',*,*,#3686,.F.);
#2238=ORIENTED_EDGE('',*,*,#3659,.F.);
#2239=ORIENTED_EDGE('',*,*,#3632,.F.);
#2240=ORIENTED_EDGE('',*,*,#3605,.F.);
#2241=ORIENTED_EDGE('',*,*,#3570,.F.);
#2242=ORIENTED_EDGE('',*,*,#3898,.T.);
#2243=ORIENTED_EDGE('',*,*,#3901,.T.);
#2244=ORIENTED_EDGE('',*,*,#3904,.T.);
#2245=ORIENTED_EDGE('',*,*,#3907,.T.);
#2246=ORIENTED_EDGE('',*,*,#3910,.T.);
#2247=ORIENTED_EDGE('',*,*,#3912,.T.);
#2248=ORIENTED_EDGE('',*,*,#3528,.T.);
#2249=ORIENTED_EDGE('',*,*,#3931,.T.);
#2250=ORIENTED_EDGE('',*,*,#3834,.T.);
#2251=ORIENTED_EDGE('',*,*,#3838,.T.);
#2252=ORIENTED_EDGE('',*,*,#3841,.T.);
#2253=ORIENTED_EDGE('',*,*,#3844,.T.);
#2254=ORIENTED_EDGE('',*,*,#3847,.T.);
#2255=ORIENTED_EDGE('',*,*,#3845,.T.);
#2256=ORIENTED_EDGE('',*,*,#3842,.T.);
#2257=ORIENTED_EDGE('',*,*,#3839,.T.);
#2258=ORIENTED_EDGE('',*,*,#3836,.T.);
#2259=ORIENTED_EDGE('',*,*,#3832,.T.);
#2260=ORIENTED_EDGE('',*,*,#3930,.T.);
#2261=ORIENTED_EDGE('',*,*,#3848,.F.);
#2262=ORIENTED_EDGE('',*,*,#3711,.T.);
#2263=ORIENTED_EDGE('',*,*,#3850,.T.);
#2264=ORIENTED_EDGE('',*,*,#3929,.T.);
#2265=ORIENTED_EDGE('',*,*,#3602,.T.);
#2266=ORIENTED_EDGE('',*,*,#3630,.T.);
#2267=ORIENTED_EDGE('',*,*,#3657,.T.);
#2268=ORIENTED_EDGE('',*,*,#3684,.T.);
#2269=ORIENTED_EDGE('',*,*,#3709,.T.);
#2270=ORIENTED_EDGE('',*,*,#3682,.T.);
#2271=ORIENTED_EDGE('',*,*,#3655,.T.);
#2272=ORIENTED_EDGE('',*,*,#3628,.T.);
#2273=ORIENTED_EDGE('',*,*,#3600,.T.);
#2274=ORIENTED_EDGE('',*,*,#3928,.T.);
#2275=ORIENTED_EDGE('',*,*,#3851,.F.);
#2276=ORIENTED_EDGE('',*,*,#3708,.T.);
#2277=ORIENTED_EDGE('',*,*,#3853,.T.);
#2278=ORIENTED_EDGE('',*,*,#3927,.T.);
#2279=ORIENTED_EDGE('',*,*,#3598,.T.);
#2280=ORIENTED_EDGE('',*,*,#3627,.T.);
#2281=ORIENTED_EDGE('',*,*,#3654,.T.);
#2282=ORIENTED_EDGE('',*,*,#3681,.T.);
#2283=ORIENTED_EDGE('',*,*,#3706,.T.);
#2284=ORIENTED_EDGE('',*,*,#3679,.T.);
#2285=ORIENTED_EDGE('',*,*,#3652,.T.);
#2286=ORIENTED_EDGE('',*,*,#3625,.T.);
#2287=ORIENTED_EDGE('',*,*,#3596,.T.);
#2288=ORIENTED_EDGE('',*,*,#3926,.T.);
#2289=ORIENTED_EDGE('',*,*,#3854,.F.);
#2290=ORIENTED_EDGE('',*,*,#3705,.T.);
#2291=ORIENTED_EDGE('',*,*,#3856,.T.);
#2292=ORIENTED_EDGE('',*,*,#3925,.T.);
#2293=ORIENTED_EDGE('',*,*,#3594,.T.);
#2294=ORIENTED_EDGE('',*,*,#3624,.T.);
#2295=ORIENTED_EDGE('',*,*,#3651,.T.);
#2296=ORIENTED_EDGE('',*,*,#3678,.T.);
#2297=ORIENTED_EDGE('',*,*,#3703,.T.);
#2298=ORIENTED_EDGE('',*,*,#3676,.T.);
#2299=ORIENTED_EDGE('',*,*,#3649,.T.);
#2300=ORIENTED_EDGE('',*,*,#3622,.T.);
#2301=ORIENTED_EDGE('',*,*,#3592,.T.);
#2302=ORIENTED_EDGE('',*,*,#3924,.T.);
#2303=ORIENTED_EDGE('',*,*,#3857,.F.);
#2304=ORIENTED_EDGE('',*,*,#3702,.T.);
#2305=ORIENTED_EDGE('',*,*,#3859,.T.);
#2306=ORIENTED_EDGE('',*,*,#3923,.T.);
#2307=ORIENTED_EDGE('',*,*,#3590,.T.);
#2308=ORIENTED_EDGE('',*,*,#3621,.T.);
#2309=ORIENTED_EDGE('',*,*,#3648,.T.);
#2310=ORIENTED_EDGE('',*,*,#3675,.T.);
#2311=ORIENTED_EDGE('',*,*,#3700,.T.);
#2312=ORIENTED_EDGE('',*,*,#3673,.T.);
#2313=ORIENTED_EDGE('',*,*,#3646,.T.);
#2314=ORIENTED_EDGE('',*,*,#3619,.T.);
#2315=ORIENTED_EDGE('',*,*,#3588,.T.);
#2316=ORIENTED_EDGE('',*,*,#3922,.T.);
#2317=ORIENTED_EDGE('',*,*,#3860,.F.);
#2318=ORIENTED_EDGE('',*,*,#3699,.T.);
#2319=ORIENTED_EDGE('',*,*,#3862,.T.);
#2320=ORIENTED_EDGE('',*,*,#3921,.T.);
#2321=ORIENTED_EDGE('',*,*,#3586,.T.);
#2322=ORIENTED_EDGE('',*,*,#3618,.T.);
#2323=ORIENTED_EDGE('',*,*,#3645,.T.);
#2324=ORIENTED_EDGE('',*,*,#3672,.T.);
#2325=ORIENTED_EDGE('',*,*,#3697,.T.);
#2326=ORIENTED_EDGE('',*,*,#3670,.T.);
#2327=ORIENTED_EDGE('',*,*,#3643,.T.);
#2328=ORIENTED_EDGE('',*,*,#3616,.T.);
#2329=ORIENTED_EDGE('',*,*,#3584,.T.);
#2330=ORIENTED_EDGE('',*,*,#3920,.T.);
#2331=ORIENTED_EDGE('',*,*,#3863,.F.);
#2332=ORIENTED_EDGE('',*,*,#3696,.T.);
#2333=ORIENTED_EDGE('',*,*,#3865,.T.);
#2334=ORIENTED_EDGE('',*,*,#3919,.T.);
#2335=ORIENTED_EDGE('',*,*,#3582,.T.);
#2336=ORIENTED_EDGE('',*,*,#3615,.T.);
#2337=ORIENTED_EDGE('',*,*,#3642,.T.);
#2338=ORIENTED_EDGE('',*,*,#3669,.T.);
#2339=ORIENTED_EDGE('',*,*,#3694,.T.);
#2340=ORIENTED_EDGE('',*,*,#3667,.T.);
#2341=ORIENTED_EDGE('',*,*,#3640,.T.);
#2342=ORIENTED_EDGE('',*,*,#3613,.T.);
#2343=ORIENTED_EDGE('',*,*,#3580,.T.);
#2344=ORIENTED_EDGE('',*,*,#3918,.T.);
#2345=ORIENTED_EDGE('',*,*,#3866,.F.);
#2346=ORIENTED_EDGE('',*,*,#3693,.T.);
#2347=ORIENTED_EDGE('',*,*,#3868,.T.);
#2348=ORIENTED_EDGE('',*,*,#3917,.T.);
#2349=ORIENTED_EDGE('',*,*,#3578,.T.);
#2350=ORIENTED_EDGE('',*,*,#3612,.T.);
#2351=ORIENTED_EDGE('',*,*,#3639,.T.);
#2352=ORIENTED_EDGE('',*,*,#3666,.T.);
#2353=ORIENTED_EDGE('',*,*,#3691,.T.);
#2354=ORIENTED_EDGE('',*,*,#3664,.T.);
#2355=ORIENTED_EDGE('',*,*,#3637,.T.);
#2356=ORIENTED_EDGE('',*,*,#3610,.T.);
#2357=ORIENTED_EDGE('',*,*,#3576,.T.);
#2358=ORIENTED_EDGE('',*,*,#3916,.T.);
#2359=ORIENTED_EDGE('',*,*,#3869,.F.);
#2360=ORIENTED_EDGE('',*,*,#3690,.T.);
#2361=ORIENTED_EDGE('',*,*,#3871,.T.);
#2362=ORIENTED_EDGE('',*,*,#3915,.T.);
#2363=ORIENTED_EDGE('',*,*,#3574,.T.);
#2364=ORIENTED_EDGE('',*,*,#3609,.T.);
#2365=ORIENTED_EDGE('',*,*,#3636,.T.);
#2366=ORIENTED_EDGE('',*,*,#3663,.T.);
#2367=ORIENTED_EDGE('',*,*,#3688,.T.);
#2368=ORIENTED_EDGE('',*,*,#3661,.T.);
#2369=ORIENTED_EDGE('',*,*,#3634,.T.);
#2370=ORIENTED_EDGE('',*,*,#3607,.T.);
#2371=ORIENTED_EDGE('',*,*,#3572,.T.);
#2372=ORIENTED_EDGE('',*,*,#3914,.T.);
#2373=ORIENTED_EDGE('',*,*,#3872,.F.);
#2374=ORIENTED_EDGE('',*,*,#3685,.T.);
#2375=ORIENTED_EDGE('',*,*,#3874,.T.);
#2376=ORIENTED_EDGE('',*,*,#3913,.T.);
#2377=ORIENTED_EDGE('',*,*,#3568,.T.);
#2378=ORIENTED_EDGE('',*,*,#3604,.T.);
#2379=ORIENTED_EDGE('',*,*,#3631,.T.);
#2380=ORIENTED_EDGE('',*,*,#3658,.T.);
#2381=ORIENTED_EDGE('',*,*,#3899,.T.);
#2382=ORIENTED_EDGE('',*,*,#3896,.F.);
#2383=ORIENTED_EDGE('',*,*,#3530,.T.);
#2384=ORIENTED_EDGE('',*,*,#3911,.T.);
#2385=ORIENTED_EDGE('',*,*,#3908,.T.);
#2386=ORIENTED_EDGE('',*,*,#3905,.T.);
#2387=ORIENTED_EDGE('',*,*,#3902,.T.);
#2388=ORIENTED_EDGE('',*,*,#3742,.T.);
#2389=ORIENTED_EDGE('',*,*,#3767,.T.);
#2390=ORIENTED_EDGE('',*,*,#3791,.T.);
#2391=ORIENTED_EDGE('',*,*,#3815,.T.);
#2392=ORIENTED_EDGE('',*,*,#3831,.T.);
#2393=ORIENTED_EDGE('',*,*,#3532,.T.);
#2394=ORIENTED_EDGE('',*,*,#3895,.T.);
#2395=ORIENTED_EDGE('',*,*,#3740,.T.);
#2396=ORIENTED_EDGE('',*,*,#3894,.F.);
#2397=ORIENTED_EDGE('',*,*,#3534,.T.);
#2398=ORIENTED_EDGE('',*,*,#3830,.T.);
#2399=ORIENTED_EDGE('',*,*,#3813,.T.);
#2400=ORIENTED_EDGE('',*,*,#3789,.T.);
#2401=ORIENTED_EDGE('',*,*,#3765,.T.);
#2402=ORIENTED_EDGE('',*,*,#3738,.T.);
#2403=ORIENTED_EDGE('',*,*,#3764,.T.);
#2404=ORIENTED_EDGE('',*,*,#3788,.T.);
#2405=ORIENTED_EDGE('',*,*,#3812,.T.);
#2406=ORIENTED_EDGE('',*,*,#3829,.T.);
#2407=ORIENTED_EDGE('',*,*,#3536,.T.);
#2408=ORIENTED_EDGE('',*,*,#3893,.T.);
#2409=ORIENTED_EDGE('',*,*,#3736,.T.);
#2410=ORIENTED_EDGE('',*,*,#3892,.F.);
#2411=ORIENTED_EDGE('',*,*,#3538,.T.);
#2412=ORIENTED_EDGE('',*,*,#3828,.T.);
#2413=ORIENTED_EDGE('',*,*,#3810,.T.);
#2414=ORIENTED_EDGE('',*,*,#3786,.T.);
#2415=ORIENTED_EDGE('',*,*,#3762,.T.);
#2416=ORIENTED_EDGE('',*,*,#3891,.T.);
#2417=ORIENTED_EDGE('',*,*,#3933,.T.);
#2418=ORIENTED_EDGE('',*,*,#3934,.T.);
#2419=ORIENTED_EDGE('',*,*,#3540,.T.);
#2420=ORIENTED_EDGE('',*,*,#3935,.F.);
#2421=ORIENTED_EDGE('',*,*,#3936,.T.);
#2422=ORIENTED_EDGE('',*,*,#3887,.F.);
#2423=ORIENTED_EDGE('',*,*,#3542,.T.);
#2424=ORIENTED_EDGE('',*,*,#3734,.T.);
#2425=ORIENTED_EDGE('',*,*,#3761,.T.);
#2426=ORIENTED_EDGE('',*,*,#3785,.T.);
#2427=ORIENTED_EDGE('',*,*,#3809,.T.);
#2428=ORIENTED_EDGE('',*,*,#3827,.T.);
#2429=ORIENTED_EDGE('',*,*,#3544,.T.);
#2430=ORIENTED_EDGE('',*,*,#3886,.T.);
#2431=ORIENTED_EDGE('',*,*,#3732,.T.);
#2432=ORIENTED_EDGE('',*,*,#3885,.F.);
#2433=ORIENTED_EDGE('',*,*,#3546,.T.);
#2434=ORIENTED_EDGE('',*,*,#3826,.T.);
#2435=ORIENTED_EDGE('',*,*,#3807,.T.);
#2436=ORIENTED_EDGE('',*,*,#3783,.T.);
#2437=ORIENTED_EDGE('',*,*,#3759,.T.);
#2438=ORIENTED_EDGE('',*,*,#3730,.T.);
#2439=ORIENTED_EDGE('',*,*,#3758,.T.);
#2440=ORIENTED_EDGE('',*,*,#3782,.T.);
#2441=ORIENTED_EDGE('',*,*,#3806,.T.);
#2442=ORIENTED_EDGE('',*,*,#3825,.T.);
#2443=ORIENTED_EDGE('',*,*,#3548,.T.);
#2444=ORIENTED_EDGE('',*,*,#3884,.T.);
#2445=ORIENTED_EDGE('',*,*,#3728,.T.);
#2446=ORIENTED_EDGE('',*,*,#3883,.F.);
#2447=ORIENTED_EDGE('',*,*,#3550,.T.);
#2448=ORIENTED_EDGE('',*,*,#3824,.T.);
#2449=ORIENTED_EDGE('',*,*,#3804,.T.);
#2450=ORIENTED_EDGE('',*,*,#3780,.T.);
#2451=ORIENTED_EDGE('',*,*,#3756,.T.);
#2452=ORIENTED_EDGE('',*,*,#3726,.T.);
#2453=ORIENTED_EDGE('',*,*,#3755,.T.);
#2454=ORIENTED_EDGE('',*,*,#3779,.T.);
#2455=ORIENTED_EDGE('',*,*,#3803,.T.);
#2456=ORIENTED_EDGE('',*,*,#3823,.T.);
#2457=ORIENTED_EDGE('',*,*,#3552,.T.);
#2458=ORIENTED_EDGE('',*,*,#3882,.T.);
#2459=ORIENTED_EDGE('',*,*,#3724,.T.);
#2460=ORIENTED_EDGE('',*,*,#3881,.F.);
#2461=ORIENTED_EDGE('',*,*,#3554,.T.);
#2462=ORIENTED_EDGE('',*,*,#3822,.T.);
#2463=ORIENTED_EDGE('',*,*,#3801,.T.);
#2464=ORIENTED_EDGE('',*,*,#3777,.T.);
#2465=ORIENTED_EDGE('',*,*,#3753,.T.);
#2466=ORIENTED_EDGE('',*,*,#3722,.T.);
#2467=ORIENTED_EDGE('',*,*,#3752,.T.);
#2468=ORIENTED_EDGE('',*,*,#3776,.T.);
#2469=ORIENTED_EDGE('',*,*,#3800,.T.);
#2470=ORIENTED_EDGE('',*,*,#3821,.T.);
#2471=ORIENTED_EDGE('',*,*,#3556,.T.);
#2472=ORIENTED_EDGE('',*,*,#3880,.T.);
#2473=ORIENTED_EDGE('',*,*,#3720,.T.);
#2474=ORIENTED_EDGE('',*,*,#3879,.F.);
#2475=ORIENTED_EDGE('',*,*,#3558,.T.);
#2476=ORIENTED_EDGE('',*,*,#3820,.T.);
#2477=ORIENTED_EDGE('',*,*,#3798,.T.);
#2478=ORIENTED_EDGE('',*,*,#3774,.T.);
#2479=ORIENTED_EDGE('',*,*,#3750,.T.);
#2480=ORIENTED_EDGE('',*,*,#3718,.T.);
#2481=ORIENTED_EDGE('',*,*,#3749,.T.);
#2482=ORIENTED_EDGE('',*,*,#3773,.T.);
#2483=ORIENTED_EDGE('',*,*,#3797,.T.);
#2484=ORIENTED_EDGE('',*,*,#3819,.T.);
#2485=ORIENTED_EDGE('',*,*,#3560,.T.);
#2486=ORIENTED_EDGE('',*,*,#3878,.T.);
#2487=ORIENTED_EDGE('',*,*,#3712,.T.);
#2488=ORIENTED_EDGE('',*,*,#3744,.T.);
#2489=ORIENTED_EDGE('',*,*,#3768,.T.);
#2490=ORIENTED_EDGE('',*,*,#3792,.T.);
#2491=ORIENTED_EDGE('',*,*,#3816,.T.);
#2492=ORIENTED_EDGE('',*,*,#3524,.T.);
#2493=ORIENTED_EDGE('',*,*,#3876,.T.);
#2494=ORIENTED_EDGE('',*,*,#3716,.T.);
#2495=ORIENTED_EDGE('',*,*,#3877,.F.);
#2496=ORIENTED_EDGE('',*,*,#3562,.T.);
#2497=ORIENTED_EDGE('',*,*,#3818,.T.);
#2498=ORIENTED_EDGE('',*,*,#3795,.T.);
#2499=ORIENTED_EDGE('',*,*,#3771,.T.);
#2500=ORIENTED_EDGE('',*,*,#3747,.T.);
#2501=ORIENTED_EDGE('',*,*,#3889,.F.);
#2502=ORIENTED_EDGE('',*,*,#3937,.T.);
#2503=ORIENTED_EDGE('',*,*,#3566,.T.);
#2504=ORIENTED_EDGE('',*,*,#3938,.F.);
#2505=ORIENTED_EDGE('',*,*,#3564,.T.);
#2506=ORIENTED_EDGE('',*,*,#3939,.T.);
#2507=ORIENTED_EDGE('',*,*,#3936,.F.);
#2508=ORIENTED_EDGE('',*,*,#3940,.F.);
#2509=ORIENTED_EDGE('',*,*,#3933,.F.);
#2510=ORIENTED_EDGE('',*,*,#3941,.F.);
#2511=ORIENTED_EDGE('',*,*,#3541,.T.);
#2512=ORIENTED_EDGE('',*,*,#3934,.F.);
#2513=ORIENTED_EDGE('',*,*,#3940,.T.);
#2514=ORIENTED_EDGE('',*,*,#3935,.T.);
#2515=ORIENTED_EDGE('',*,*,#3938,.T.);
#2516=ORIENTED_EDGE('',*,*,#3565,.F.);
#2517=ORIENTED_EDGE('',*,*,#3941,.T.);
#2518=ORIENTED_EDGE('',*,*,#3890,.T.);
#2519=ORIENTED_EDGE('',*,*,#3888,.F.);
#2520=ORIENTED_EDGE('',*,*,#3939,.F.);
#2521=ORIENTED_EDGE('',*,*,#3567,.T.);
#2522=ORIENTED_EDGE('',*,*,#3937,.F.);
#2523=ORIENTED_EDGE('',*,*,#3942,.T.);
#2524=ORIENTED_EDGE('',*,*,#3943,.F.);
#2525=ORIENTED_EDGE('',*,*,#3944,.F.);
#2526=ORIENTED_EDGE('',*,*,#3945,.T.);
#2527=ORIENTED_EDGE('',*,*,#3946,.F.);
#2528=ORIENTED_EDGE('',*,*,#3947,.F.);
#2529=ORIENTED_EDGE('',*,*,#3948,.F.);
#2530=ORIENTED_EDGE('',*,*,#3949,.F.);
#2531=ORIENTED_EDGE('',*,*,#3950,.F.);
#2532=ORIENTED_EDGE('',*,*,#3951,.F.);
#2533=ORIENTED_EDGE('',*,*,#3952,.T.);
#2534=ORIENTED_EDGE('',*,*,#3953,.F.);
#2535=ORIENTED_EDGE('',*,*,#3954,.F.);
#2536=ORIENTED_EDGE('',*,*,#3955,.T.);
#2537=ORIENTED_EDGE('',*,*,#3956,.T.);
#2538=ORIENTED_EDGE('',*,*,#3957,.F.);
#2539=ORIENTED_EDGE('',*,*,#3958,.F.);
#2540=ORIENTED_EDGE('',*,*,#3953,.T.);
#2541=ORIENTED_EDGE('',*,*,#3959,.T.);
#2542=ORIENTED_EDGE('',*,*,#3945,.F.);
#2543=ORIENTED_EDGE('',*,*,#3960,.F.);
#2544=ORIENTED_EDGE('',*,*,#3957,.T.);
#2545=ORIENTED_EDGE('',*,*,#3961,.T.);
#2546=ORIENTED_EDGE('',*,*,#3962,.F.);
#2547=ORIENTED_EDGE('',*,*,#3963,.F.);
#2548=ORIENTED_EDGE('',*,*,#3943,.T.);
#2549=ORIENTED_EDGE('',*,*,#3964,.T.);
#2550=ORIENTED_EDGE('',*,*,#3965,.F.);
#2551=ORIENTED_EDGE('',*,*,#3966,.F.);
#2552=ORIENTED_EDGE('',*,*,#3962,.T.);
#2553=ORIENTED_EDGE('',*,*,#3967,.T.);
#2554=ORIENTED_EDGE('',*,*,#3968,.F.);
#2555=ORIENTED_EDGE('',*,*,#3969,.F.);
#2556=ORIENTED_EDGE('',*,*,#3965,.T.);
#2557=ORIENTED_EDGE('',*,*,#3970,.T.);
#2558=ORIENTED_EDGE('',*,*,#3971,.F.);
#2559=ORIENTED_EDGE('',*,*,#3972,.F.);
#2560=ORIENTED_EDGE('',*,*,#3968,.T.);
#2561=ORIENTED_EDGE('',*,*,#3973,.T.);
#2562=ORIENTED_EDGE('',*,*,#3974,.F.);
#2563=ORIENTED_EDGE('',*,*,#3975,.F.);
#2564=ORIENTED_EDGE('',*,*,#3971,.T.);
#2565=ORIENTED_EDGE('',*,*,#3976,.T.);
#2566=ORIENTED_EDGE('',*,*,#3977,.F.);
#2567=ORIENTED_EDGE('',*,*,#3978,.F.);
#2568=ORIENTED_EDGE('',*,*,#3974,.T.);
#2569=ORIENTED_EDGE('',*,*,#3979,.T.);
#2570=ORIENTED_EDGE('',*,*,#3980,.F.);
#2571=ORIENTED_EDGE('',*,*,#3981,.F.);
#2572=ORIENTED_EDGE('',*,*,#3977,.T.);
#2573=ORIENTED_EDGE('',*,*,#3982,.T.);
#2574=ORIENTED_EDGE('',*,*,#3983,.F.);
#2575=ORIENTED_EDGE('',*,*,#3984,.F.);
#2576=ORIENTED_EDGE('',*,*,#3980,.T.);
#2577=ORIENTED_EDGE('',*,*,#3985,.T.);
#2578=ORIENTED_EDGE('',*,*,#3986,.F.);
#2579=ORIENTED_EDGE('',*,*,#3987,.F.);
#2580=ORIENTED_EDGE('',*,*,#3983,.T.);
#2581=ORIENTED_EDGE('',*,*,#3988,.T.);
#2582=ORIENTED_EDGE('',*,*,#3989,.F.);
#2583=ORIENTED_EDGE('',*,*,#3990,.F.);
#2584=ORIENTED_EDGE('',*,*,#3986,.T.);
#2585=ORIENTED_EDGE('',*,*,#3991,.T.);
#2586=ORIENTED_EDGE('',*,*,#3992,.F.);
#2587=ORIENTED_EDGE('',*,*,#3993,.F.);
#2588=ORIENTED_EDGE('',*,*,#3989,.T.);
#2589=ORIENTED_EDGE('',*,*,#3994,.T.);
#2590=ORIENTED_EDGE('',*,*,#3995,.F.);
#2591=ORIENTED_EDGE('',*,*,#3996,.F.);
#2592=ORIENTED_EDGE('',*,*,#3992,.T.);
#2593=ORIENTED_EDGE('',*,*,#3997,.T.);
#2594=ORIENTED_EDGE('',*,*,#3998,.F.);
#2595=ORIENTED_EDGE('',*,*,#3999,.F.);
#2596=ORIENTED_EDGE('',*,*,#3995,.T.);
#2597=ORIENTED_EDGE('',*,*,#4000,.T.);
#2598=ORIENTED_EDGE('',*,*,#4001,.F.);
#2599=ORIENTED_EDGE('',*,*,#4002,.F.);
#2600=ORIENTED_EDGE('',*,*,#3998,.T.);
#2601=ORIENTED_EDGE('',*,*,#4003,.T.);
#2602=ORIENTED_EDGE('',*,*,#4004,.F.);
#2603=ORIENTED_EDGE('',*,*,#4005,.F.);
#2604=ORIENTED_EDGE('',*,*,#4001,.T.);
#2605=ORIENTED_EDGE('',*,*,#4006,.T.);
#2606=ORIENTED_EDGE('',*,*,#4007,.F.);
#2607=ORIENTED_EDGE('',*,*,#4008,.F.);
#2608=ORIENTED_EDGE('',*,*,#4004,.T.);
#2609=ORIENTED_EDGE('',*,*,#4009,.T.);
#2610=ORIENTED_EDGE('',*,*,#4010,.F.);
#2611=ORIENTED_EDGE('',*,*,#4011,.F.);
#2612=ORIENTED_EDGE('',*,*,#4007,.T.);
#2613=ORIENTED_EDGE('',*,*,#4012,.T.);
#2614=ORIENTED_EDGE('',*,*,#4013,.F.);
#2615=ORIENTED_EDGE('',*,*,#4014,.F.);
#2616=ORIENTED_EDGE('',*,*,#4010,.T.);
#2617=ORIENTED_EDGE('',*,*,#4015,.T.);
#2618=ORIENTED_EDGE('',*,*,#4016,.F.);
#2619=ORIENTED_EDGE('',*,*,#4017,.F.);
#2620=ORIENTED_EDGE('',*,*,#4013,.T.);
#2621=ORIENTED_EDGE('',*,*,#4018,.T.);
#2622=ORIENTED_EDGE('',*,*,#4019,.F.);
#2623=ORIENTED_EDGE('',*,*,#4020,.F.);
#2624=ORIENTED_EDGE('',*,*,#4016,.T.);
#2625=ORIENTED_EDGE('',*,*,#4021,.T.);
#2626=ORIENTED_EDGE('',*,*,#4022,.F.);
#2627=ORIENTED_EDGE('',*,*,#4023,.F.);
#2628=ORIENTED_EDGE('',*,*,#4019,.T.);
#2629=ORIENTED_EDGE('',*,*,#4024,.T.);
#2630=ORIENTED_EDGE('',*,*,#4025,.F.);
#2631=ORIENTED_EDGE('',*,*,#4026,.F.);
#2632=ORIENTED_EDGE('',*,*,#4022,.T.);
#2633=ORIENTED_EDGE('',*,*,#4027,.T.);
#2634=ORIENTED_EDGE('',*,*,#4028,.F.);
#2635=ORIENTED_EDGE('',*,*,#4029,.F.);
#2636=ORIENTED_EDGE('',*,*,#4025,.T.);
#2637=ORIENTED_EDGE('',*,*,#4030,.T.);
#2638=ORIENTED_EDGE('',*,*,#4031,.F.);
#2639=ORIENTED_EDGE('',*,*,#4032,.F.);
#2640=ORIENTED_EDGE('',*,*,#4028,.T.);
#2641=ORIENTED_EDGE('',*,*,#4033,.T.);
#2642=ORIENTED_EDGE('',*,*,#4034,.F.);
#2643=ORIENTED_EDGE('',*,*,#4035,.F.);
#2644=ORIENTED_EDGE('',*,*,#4031,.T.);
#2645=ORIENTED_EDGE('',*,*,#4036,.T.);
#2646=ORIENTED_EDGE('',*,*,#3955,.F.);
#2647=ORIENTED_EDGE('',*,*,#4037,.F.);
#2648=ORIENTED_EDGE('',*,*,#4034,.T.);
#2649=ORIENTED_EDGE('',*,*,#3954,.T.);
#2650=ORIENTED_EDGE('',*,*,#3958,.T.);
#2651=ORIENTED_EDGE('',*,*,#3960,.T.);
#2652=ORIENTED_EDGE('',*,*,#3944,.T.);
#2653=ORIENTED_EDGE('',*,*,#3963,.T.);
#2654=ORIENTED_EDGE('',*,*,#3966,.T.);
#2655=ORIENTED_EDGE('',*,*,#3969,.T.);
#2656=ORIENTED_EDGE('',*,*,#3972,.T.);
#2657=ORIENTED_EDGE('',*,*,#3975,.T.);
#2658=ORIENTED_EDGE('',*,*,#3978,.T.);
#2659=ORIENTED_EDGE('',*,*,#3981,.T.);
#2660=ORIENTED_EDGE('',*,*,#3984,.T.);
#2661=ORIENTED_EDGE('',*,*,#3987,.T.);
#2662=ORIENTED_EDGE('',*,*,#3990,.T.);
#2663=ORIENTED_EDGE('',*,*,#3993,.T.);
#2664=ORIENTED_EDGE('',*,*,#3996,.T.);
#2665=ORIENTED_EDGE('',*,*,#3999,.T.);
#2666=ORIENTED_EDGE('',*,*,#4002,.T.);
#2667=ORIENTED_EDGE('',*,*,#4005,.T.);
#2668=ORIENTED_EDGE('',*,*,#4008,.T.);
#2669=ORIENTED_EDGE('',*,*,#4011,.T.);
#2670=ORIENTED_EDGE('',*,*,#4014,.T.);
#2671=ORIENTED_EDGE('',*,*,#4017,.T.);
#2672=ORIENTED_EDGE('',*,*,#4020,.T.);
#2673=ORIENTED_EDGE('',*,*,#4023,.T.);
#2674=ORIENTED_EDGE('',*,*,#4026,.T.);
#2675=ORIENTED_EDGE('',*,*,#4029,.T.);
#2676=ORIENTED_EDGE('',*,*,#4032,.T.);
#2677=ORIENTED_EDGE('',*,*,#4035,.T.);
#2678=ORIENTED_EDGE('',*,*,#4037,.T.);
#2679=ORIENTED_EDGE('',*,*,#3952,.F.);
#2680=ORIENTED_EDGE('',*,*,#4036,.F.);
#2681=ORIENTED_EDGE('',*,*,#4033,.F.);
#2682=ORIENTED_EDGE('',*,*,#4030,.F.);
#2683=ORIENTED_EDGE('',*,*,#4027,.F.);
#2684=ORIENTED_EDGE('',*,*,#4024,.F.);
#2685=ORIENTED_EDGE('',*,*,#4021,.F.);
#2686=ORIENTED_EDGE('',*,*,#4018,.F.);
#2687=ORIENTED_EDGE('',*,*,#4015,.F.);
#2688=ORIENTED_EDGE('',*,*,#4012,.F.);
#2689=ORIENTED_EDGE('',*,*,#4009,.F.);
#2690=ORIENTED_EDGE('',*,*,#4006,.F.);
#2691=ORIENTED_EDGE('',*,*,#4003,.F.);
#2692=ORIENTED_EDGE('',*,*,#4000,.F.);
#2693=ORIENTED_EDGE('',*,*,#3997,.F.);
#2694=ORIENTED_EDGE('',*,*,#3994,.F.);
#2695=ORIENTED_EDGE('',*,*,#3991,.F.);
#2696=ORIENTED_EDGE('',*,*,#3988,.F.);
#2697=ORIENTED_EDGE('',*,*,#3985,.F.);
#2698=ORIENTED_EDGE('',*,*,#3982,.F.);
#2699=ORIENTED_EDGE('',*,*,#3979,.F.);
#2700=ORIENTED_EDGE('',*,*,#3976,.F.);
#2701=ORIENTED_EDGE('',*,*,#3973,.F.);
#2702=ORIENTED_EDGE('',*,*,#3970,.F.);
#2703=ORIENTED_EDGE('',*,*,#3967,.F.);
#2704=ORIENTED_EDGE('',*,*,#3964,.F.);
#2705=ORIENTED_EDGE('',*,*,#3961,.F.);
#2706=ORIENTED_EDGE('',*,*,#3942,.F.);
#2707=ORIENTED_EDGE('',*,*,#3959,.F.);
#2708=ORIENTED_EDGE('',*,*,#3956,.F.);
#2709=ORIENTED_EDGE('',*,*,#3946,.T.);
#2710=ORIENTED_EDGE('',*,*,#4038,.F.);
#2711=ORIENTED_EDGE('',*,*,#4039,.F.);
#2712=ORIENTED_EDGE('',*,*,#4040,.T.);
#2713=ORIENTED_EDGE('',*,*,#3951,.T.);
#2714=ORIENTED_EDGE('',*,*,#4041,.F.);
#2715=ORIENTED_EDGE('',*,*,#4042,.F.);
#2716=ORIENTED_EDGE('',*,*,#4038,.T.);
#2717=ORIENTED_EDGE('',*,*,#3950,.T.);
#2718=ORIENTED_EDGE('',*,*,#4043,.F.);
#2719=ORIENTED_EDGE('',*,*,#4044,.F.);
#2720=ORIENTED_EDGE('',*,*,#4041,.T.);
#2721=ORIENTED_EDGE('',*,*,#3949,.T.);
#2722=ORIENTED_EDGE('',*,*,#4045,.F.);
#2723=ORIENTED_EDGE('',*,*,#4046,.F.);
#2724=ORIENTED_EDGE('',*,*,#4043,.T.);
#2725=ORIENTED_EDGE('',*,*,#3948,.T.);
#2726=ORIENTED_EDGE('',*,*,#4047,.F.);
#2727=ORIENTED_EDGE('',*,*,#4048,.F.);
#2728=ORIENTED_EDGE('',*,*,#4045,.T.);
#2729=ORIENTED_EDGE('',*,*,#3947,.T.);
#2730=ORIENTED_EDGE('',*,*,#4040,.F.);
#2731=ORIENTED_EDGE('',*,*,#4049,.F.);
#2732=ORIENTED_EDGE('',*,*,#4047,.T.);
#2733=ORIENTED_EDGE('',*,*,#4039,.T.);
#2734=ORIENTED_EDGE('',*,*,#4042,.T.);
#2735=ORIENTED_EDGE('',*,*,#4044,.T.);
#2736=ORIENTED_EDGE('',*,*,#4046,.T.);
#2737=ORIENTED_EDGE('',*,*,#4048,.T.);
#2738=ORIENTED_EDGE('',*,*,#4049,.T.);
#2739=EDGE_CURVE('',#4050,#4051,#4894,.T.);
#2740=EDGE_CURVE('',#4051,#4052,#4895,.T.);
#2741=EDGE_CURVE('',#4052,#4053,#4896,.T.);
#2742=EDGE_CURVE('',#4053,#4054,#4897,.T.);
#2743=EDGE_CURVE('',#4055,#4054,#4898,.T.);
#2744=EDGE_CURVE('',#4056,#4055,#4899,.T.);
#2745=EDGE_CURVE('',#4056,#4057,#4900,.T.);
#2746=EDGE_CURVE('',#4057,#4058,#4901,.T.);
#2747=EDGE_CURVE('',#4058,#4059,#4902,.T.);
#2748=EDGE_CURVE('',#4059,#4050,#4903,.T.);
#2749=EDGE_CURVE('',#4060,#4061,#4904,.T.);
#2750=EDGE_CURVE('',#4061,#4062,#4905,.T.);
#2751=EDGE_CURVE('',#4062,#4063,#4906,.T.);
#2752=EDGE_CURVE('',#4063,#4064,#4907,.T.);
#2753=EDGE_CURVE('',#4060,#4064,#4908,.T.);
#2754=EDGE_CURVE('',#4065,#4066,#4909,.T.);
#2755=EDGE_CURVE('',#4066,#4067,#4910,.T.);
#2756=EDGE_CURVE('',#4067,#4068,#4911,.T.);
#2757=EDGE_CURVE('',#4068,#4069,#4912,.T.);
#2758=EDGE_CURVE('',#4069,#4065,#4913,.T.);
#2759=EDGE_CURVE('',#4061,#4052,#4914,.T.);
#2760=EDGE_CURVE('',#4053,#4060,#4915,.T.);
#2761=EDGE_CURVE('',#4057,#4068,#4916,.T.);
#2762=EDGE_CURVE('',#4069,#4056,#4917,.T.);
#2763=EDGE_CURVE('',#4070,#4071,#4918,.T.);
#2764=EDGE_CURVE('',#4071,#4072,#4919,.T.);
#2765=EDGE_CURVE('',#4072,#4073,#4920,.T.);
#2766=EDGE_CURVE('',#4073,#4070,#4921,.T.);
#2767=EDGE_CURVE('',#4074,#4075,#4922,.T.);
#2768=EDGE_CURVE('',#4064,#4074,#4923,.T.);
#2769=EDGE_CURVE('',#4076,#4064,#4924,.T.);
#2770=EDGE_CURVE('',#4076,#4075,#4925,.T.);
#2771=EDGE_CURVE('',#4077,#4078,#4926,.T.);
#2772=EDGE_CURVE('',#4077,#4079,#4927,.T.);
#2773=EDGE_CURVE('',#4079,#4080,#4928,.T.);
#2774=EDGE_CURVE('',#4078,#4080,#4929,.T.);
#2775=EDGE_CURVE('',#4081,#4082,#4930,.T.);
#2776=EDGE_CURVE('',#4081,#4083,#4931,.T.);
#2777=EDGE_CURVE('',#4083,#4084,#4932,.T.);
#2778=EDGE_CURVE('',#4082,#4084,#4933,.T.);
#2779=EDGE_CURVE('',#4085,#4086,#4934,.T.);
#2780=EDGE_CURVE('',#4086,#4087,#4935,.T.);
#2781=EDGE_CURVE('',#4088,#4087,#4936,.T.);
#2782=EDGE_CURVE('',#4088,#4085,#4937,.T.);
#2783=EDGE_CURVE('',#4087,#4089,#4938,.T.);
#2784=EDGE_CURVE('',#4090,#4089,#4939,.T.);
#2785=EDGE_CURVE('',#4090,#4088,#4940,.T.);
#2786=EDGE_CURVE('',#4089,#4091,#4941,.T.);
#2787=EDGE_CURVE('',#4092,#4091,#4942,.T.);
#2788=EDGE_CURVE('',#4092,#4090,#4943,.T.);
#2789=EDGE_CURVE('',#4093,#4094,#4944,.T.);
#2790=EDGE_CURVE('',#4094,#4095,#4945,.T.);
#2791=EDGE_CURVE('',#4096,#4095,#4946,.T.);
#2792=EDGE_CURVE('',#4096,#4093,#4947,.T.);
#2793=EDGE_CURVE('',#4095,#4097,#4948,.T.);
#2794=EDGE_CURVE('',#4098,#4097,#4949,.T.);
#2795=EDGE_CURVE('',#4098,#4096,#4950,.T.);
#2796=EDGE_CURVE('',#4097,#4099,#4951,.T.);
#2797=EDGE_CURVE('',#4100,#4099,#4952,.T.);
#2798=EDGE_CURVE('',#4100,#4098,#4953,.T.);
#2799=EDGE_CURVE('',#4101,#4102,#4954,.T.);
#2800=EDGE_CURVE('',#4102,#4103,#4955,.T.);
#2801=EDGE_CURVE('',#4104,#4103,#4956,.T.);
#2802=EDGE_CURVE('',#4104,#4101,#4957,.T.);
#2803=EDGE_CURVE('',#4103,#4105,#4958,.T.);
#2804=EDGE_CURVE('',#4106,#4105,#4959,.T.);
#2805=EDGE_CURVE('',#4106,#4104,#4960,.T.);
#2806=EDGE_CURVE('',#4105,#4107,#4961,.T.);
#2807=EDGE_CURVE('',#4108,#4107,#4962,.T.);
#2808=EDGE_CURVE('',#4108,#4106,#4963,.T.);
#2809=EDGE_CURVE('',#4109,#4110,#4964,.T.);
#2810=EDGE_CURVE('',#4110,#4111,#4965,.T.);
#2811=EDGE_CURVE('',#4112,#4111,#4966,.T.);
#2812=EDGE_CURVE('',#4112,#4109,#4967,.T.);
#2813=EDGE_CURVE('',#4111,#4113,#4968,.T.);
#2814=EDGE_CURVE('',#4114,#4113,#4969,.T.);
#2815=EDGE_CURVE('',#4114,#4112,#4970,.T.);
#2816=EDGE_CURVE('',#4113,#4115,#4971,.T.);
#2817=EDGE_CURVE('',#4116,#4115,#4972,.T.);
#2818=EDGE_CURVE('',#4116,#4114,#4973,.T.);
#2819=EDGE_CURVE('',#4117,#4118,#4974,.T.);
#2820=EDGE_CURVE('',#4118,#4119,#4975,.T.);
#2821=EDGE_CURVE('',#4120,#4119,#4976,.T.);
#2822=EDGE_CURVE('',#4120,#4117,#4977,.T.);
#2823=EDGE_CURVE('',#4119,#4121,#4978,.T.);
#2824=EDGE_CURVE('',#4122,#4121,#4979,.T.);
#2825=EDGE_CURVE('',#4122,#4120,#4980,.T.);
#2826=EDGE_CURVE('',#4121,#4123,#4981,.T.);
#2827=EDGE_CURVE('',#4124,#4123,#4982,.T.);
#2828=EDGE_CURVE('',#4124,#4122,#4983,.T.);
#2829=EDGE_CURVE('',#4125,#4126,#4984,.T.);
#2830=EDGE_CURVE('',#4126,#4127,#4985,.T.);
#2831=EDGE_CURVE('',#4128,#4127,#4986,.T.);
#2832=EDGE_CURVE('',#4128,#4125,#4987,.T.);
#2833=EDGE_CURVE('',#4127,#4129,#4988,.T.);
#2834=EDGE_CURVE('',#4130,#4129,#4989,.T.);
#2835=EDGE_CURVE('',#4130,#4128,#4990,.T.);
#2836=EDGE_CURVE('',#4129,#4131,#4991,.T.);
#2837=EDGE_CURVE('',#4132,#4131,#4992,.T.);
#2838=EDGE_CURVE('',#4132,#4130,#4993,.T.);
#2839=EDGE_CURVE('',#4133,#4134,#4994,.T.);
#2840=EDGE_CURVE('',#4134,#4135,#4995,.T.);
#2841=EDGE_CURVE('',#4136,#4135,#4996,.T.);
#2842=EDGE_CURVE('',#4136,#4133,#4997,.T.);
#2843=EDGE_CURVE('',#4135,#4137,#4998,.T.);
#2844=EDGE_CURVE('',#4138,#4137,#4999,.T.);
#2845=EDGE_CURVE('',#4138,#4136,#5000,.T.);
#2846=EDGE_CURVE('',#4137,#4139,#5001,.T.);
#2847=EDGE_CURVE('',#4140,#4139,#5002,.T.);
#2848=EDGE_CURVE('',#4140,#4138,#5003,.T.);
#2849=EDGE_CURVE('',#4141,#4142,#5004,.T.);
#2850=EDGE_CURVE('',#4142,#4143,#5005,.T.);
#2851=EDGE_CURVE('',#4144,#4143,#5006,.T.);
#2852=EDGE_CURVE('',#4144,#4141,#5007,.T.);
#2853=EDGE_CURVE('',#4143,#4145,#5008,.T.);
#2854=EDGE_CURVE('',#4146,#4145,#5009,.T.);
#2855=EDGE_CURVE('',#4146,#4144,#5010,.T.);
#2856=EDGE_CURVE('',#4145,#4147,#5011,.T.);
#2857=EDGE_CURVE('',#4148,#4147,#5012,.T.);
#2858=EDGE_CURVE('',#4148,#4146,#5013,.T.);
#2859=EDGE_CURVE('',#4091,#4086,#5014,.T.);
#2860=EDGE_CURVE('',#4085,#4092,#5015,.T.);
#2861=EDGE_CURVE('',#4099,#4094,#5016,.T.);
#2862=EDGE_CURVE('',#4093,#4100,#5017,.T.);
#2863=EDGE_CURVE('',#4107,#4102,#5018,.T.);
#2864=EDGE_CURVE('',#4101,#4108,#5019,.T.);
#2865=EDGE_CURVE('',#4115,#4110,#5020,.T.);
#2866=EDGE_CURVE('',#4109,#4116,#5021,.T.);
#2867=EDGE_CURVE('',#4123,#4118,#5022,.T.);
#2868=EDGE_CURVE('',#4117,#4124,#5023,.T.);
#2869=EDGE_CURVE('',#4131,#4126,#5024,.T.);
#2870=EDGE_CURVE('',#4125,#4132,#5025,.T.);
#2871=EDGE_CURVE('',#4139,#4134,#5026,.T.);
#2872=EDGE_CURVE('',#4133,#4140,#5027,.T.);
#2873=EDGE_CURVE('',#4147,#4142,#5028,.T.);
#2874=EDGE_CURVE('',#4141,#4148,#5029,.T.);
#2875=EDGE_CURVE('',#4149,#4150,#5030,.T.);
#2876=EDGE_CURVE('',#4151,#4150,#5031,.T.);
#2877=EDGE_CURVE('',#4151,#4152,#5032,.T.);
#2878=EDGE_CURVE('',#4152,#4149,#5033,.T.);
#2879=EDGE_CURVE('',#4153,#4154,#5034,.T.);
#2880=EDGE_CURVE('',#4154,#4155,#5035,.T.);
#2881=EDGE_CURVE('',#4155,#4156,#5036,.T.);
#2882=EDGE_CURVE('',#4153,#4156,#5037,.T.);
#2883=EDGE_CURVE('',#4157,#4158,#5038,.T.);
#2884=EDGE_CURVE('',#4078,#4157,#5039,.T.);
#2885=EDGE_CURVE('',#4080,#4073,#5040,.T.);
#2886=EDGE_CURVE('',#4159,#4072,#5041,.T.);
#2887=EDGE_CURVE('',#4160,#4159,#5042,.T.);
#2888=EDGE_CURVE('',#4075,#4160,#5043,.T.);
#2889=EDGE_CURVE('',#4082,#4076,#5044,.T.);
#2890=EDGE_CURVE('',#4158,#4084,#5045,.T.);
#2891=EDGE_CURVE('',#4065,#4161,#5046,.T.);
#2892=EDGE_CURVE('',#4065,#4162,#5047,.T.);
#2893=EDGE_CURVE('',#4163,#4162,#5048,.T.);
#2894=EDGE_CURVE('',#4161,#4163,#5049,.T.);
#2895=EDGE_CURVE('',#4151,#4164,#5050,.T.);
#2896=EDGE_CURVE('',#4164,#4165,#5051,.T.);
#2897=EDGE_CURVE('',#4165,#4166,#5052,.T.);
#2898=EDGE_CURVE('',#4167,#4166,#5053,.T.);
#2899=EDGE_CURVE('',#4161,#4167,#5054,.T.);
#2900=EDGE_CURVE('',#4163,#4168,#5055,.T.);
#2901=EDGE_CURVE('',#4168,#4169,#5056,.T.);
#2902=EDGE_CURVE('',#4169,#4153,#5057,.T.);
#2903=EDGE_CURVE('',#4156,#4152,#5058,.T.);
#2904=EDGE_CURVE('',#4170,#4171,#5059,.T.);
#2905=EDGE_CURVE('',#4172,#4170,#5060,.T.);
#2906=EDGE_CURVE('',#4172,#4173,#5061,.T.);
#2907=EDGE_CURVE('',#4173,#4171,#5062,.T.);
#2908=EDGE_CURVE('',#4174,#4170,#5063,.T.);
#2909=EDGE_CURVE('',#4175,#4174,#5064,.T.);
#2910=EDGE_CURVE('',#4175,#4172,#5065,.T.);
#2911=EDGE_CURVE('',#4176,#4174,#5066,.T.);
#2912=EDGE_CURVE('',#4177,#4176,#5067,.T.);
#2913=EDGE_CURVE('',#4177,#4175,#5068,.T.);
#2914=EDGE_CURVE('',#4178,#4179,#5069,.T.);
#2915=EDGE_CURVE('',#4180,#4178,#5070,.T.);
#2916=EDGE_CURVE('',#4180,#4181,#5071,.T.);
#2917=EDGE_CURVE('',#4181,#4179,#5072,.T.);
#2918=EDGE_CURVE('',#4182,#4178,#5073,.T.);
#2919=EDGE_CURVE('',#4183,#4182,#5074,.T.);
#2920=EDGE_CURVE('',#4183,#4180,#5075,.T.);
#2921=EDGE_CURVE('',#4184,#4182,#5076,.T.);
#2922=EDGE_CURVE('',#4185,#4184,#5077,.T.);
#2923=EDGE_CURVE('',#4185,#4183,#5078,.T.);
#2924=EDGE_CURVE('',#4186,#4187,#5079,.T.);
#2925=EDGE_CURVE('',#4188,#4186,#5080,.T.);
#2926=EDGE_CURVE('',#4188,#4189,#5081,.T.);
#2927=EDGE_CURVE('',#4189,#4187,#5082,.T.);
#2928=EDGE_CURVE('',#4190,#4186,#5083,.T.);
#2929=EDGE_CURVE('',#4191,#4190,#5084,.T.);
#2930=EDGE_CURVE('',#4191,#4188,#5085,.T.);
#2931=EDGE_CURVE('',#4192,#4190,#5086,.T.);
#2932=EDGE_CURVE('',#4193,#4192,#5087,.T.);
#2933=EDGE_CURVE('',#4193,#4191,#5088,.T.);
#2934=EDGE_CURVE('',#4194,#4195,#5089,.T.);
#2935=EDGE_CURVE('',#4196,#4194,#5090,.T.);
#2936=EDGE_CURVE('',#4196,#4197,#5091,.T.);
#2937=EDGE_CURVE('',#4197,#4195,#5092,.T.);
#2938=EDGE_CURVE('',#4198,#4194,#5093,.T.);
#2939=EDGE_CURVE('',#4199,#4198,#5094,.T.);
#2940=EDGE_CURVE('',#4199,#4196,#5095,.T.);
#2941=EDGE_CURVE('',#4200,#4198,#5096,.T.);
#2942=EDGE_CURVE('',#4201,#4200,#5097,.T.);
#2943=EDGE_CURVE('',#4201,#4199,#5098,.T.);
#2944=EDGE_CURVE('',#4202,#4203,#5099,.T.);
#2945=EDGE_CURVE('',#4204,#4202,#5100,.T.);
#2946=EDGE_CURVE('',#4204,#4205,#5101,.T.);
#2947=EDGE_CURVE('',#4205,#4203,#5102,.T.);
#2948=EDGE_CURVE('',#4206,#4202,#5103,.T.);
#2949=EDGE_CURVE('',#4207,#4206,#5104,.T.);
#2950=EDGE_CURVE('',#4207,#4204,#5105,.T.);
#2951=EDGE_CURVE('',#4208,#4206,#5106,.T.);
#2952=EDGE_CURVE('',#4209,#4208,#5107,.T.);
#2953=EDGE_CURVE('',#4209,#4207,#5108,.T.);
#2954=EDGE_CURVE('',#4210,#4211,#5109,.T.);
#2955=EDGE_CURVE('',#4212,#4210,#5110,.T.);
#2956=EDGE_CURVE('',#4212,#4213,#5111,.T.);
#2957=EDGE_CURVE('',#4213,#4211,#5112,.T.);
#2958=EDGE_CURVE('',#4214,#4210,#5113,.T.);
#2959=EDGE_CURVE('',#4215,#4214,#5114,.T.);
#2960=EDGE_CURVE('',#4215,#4212,#5115,.T.);
#2961=EDGE_CURVE('',#4216,#4214,#5116,.T.);
#2962=EDGE_CURVE('',#4217,#4216,#5117,.T.);
#2963=EDGE_CURVE('',#4217,#4215,#5118,.T.);
#2964=EDGE_CURVE('',#4218,#4219,#5119,.T.);
#2965=EDGE_CURVE('',#4220,#4218,#5120,.T.);
#2966=EDGE_CURVE('',#4220,#4221,#5121,.T.);
#2967=EDGE_CURVE('',#4221,#4219,#5122,.T.);
#2968=EDGE_CURVE('',#4222,#4218,#5123,.T.);
#2969=EDGE_CURVE('',#4223,#4222,#5124,.T.);
#2970=EDGE_CURVE('',#4223,#4220,#5125,.T.);
#2971=EDGE_CURVE('',#4224,#4222,#5126,.T.);
#2972=EDGE_CURVE('',#4225,#4224,#5127,.T.);
#2973=EDGE_CURVE('',#4225,#4223,#5128,.T.);
#2974=EDGE_CURVE('',#4226,#4227,#5129,.T.);
#2975=EDGE_CURVE('',#4228,#4226,#5130,.T.);
#2976=EDGE_CURVE('',#4228,#4229,#5131,.T.);
#2977=EDGE_CURVE('',#4229,#4227,#5132,.T.);
#2978=EDGE_CURVE('',#4230,#4226,#5133,.T.);
#2979=EDGE_CURVE('',#4231,#4230,#5134,.T.);
#2980=EDGE_CURVE('',#4231,#4228,#5135,.T.);
#2981=EDGE_CURVE('',#4232,#4230,#5136,.T.);
#2982=EDGE_CURVE('',#4233,#4232,#5137,.T.);
#2983=EDGE_CURVE('',#4233,#4231,#5138,.T.);
#2984=EDGE_CURVE('',#4234,#4235,#5139,.T.);
#2985=EDGE_CURVE('',#4236,#4234,#5140,.T.);
#2986=EDGE_CURVE('',#4236,#4237,#5141,.T.);
#2987=EDGE_CURVE('',#4237,#4235,#5142,.T.);
#2988=EDGE_CURVE('',#4238,#4234,#5143,.T.);
#2989=EDGE_CURVE('',#4239,#4238,#5144,.T.);
#2990=EDGE_CURVE('',#4239,#4236,#5145,.T.);
#2991=EDGE_CURVE('',#4240,#4238,#5146,.T.);
#2992=EDGE_CURVE('',#4241,#4240,#5147,.T.);
#2993=EDGE_CURVE('',#4241,#4239,#5148,.T.);
#2994=EDGE_CURVE('',#4242,#4243,#5149,.T.);
#2995=EDGE_CURVE('',#4244,#4242,#5150,.T.);
#2996=EDGE_CURVE('',#4244,#4245,#5151,.T.);
#2997=EDGE_CURVE('',#4245,#4243,#5152,.T.);
#2998=EDGE_CURVE('',#4246,#4242,#5153,.T.);
#2999=EDGE_CURVE('',#4247,#4246,#5154,.T.);
#3000=EDGE_CURVE('',#4247,#4244,#5155,.T.);
#3001=EDGE_CURVE('',#4248,#4246,#5156,.T.);
#3002=EDGE_CURVE('',#4249,#4248,#5157,.T.);
#3003=EDGE_CURVE('',#4249,#4247,#5158,.T.);
#3004=EDGE_CURVE('',#4250,#4251,#5159,.T.);
#3005=EDGE_CURVE('',#4252,#4250,#5160,.T.);
#3006=EDGE_CURVE('',#4252,#4253,#5161,.T.);
#3007=EDGE_CURVE('',#4253,#4251,#5162,.T.);
#3008=EDGE_CURVE('',#4254,#4250,#5163,.T.);
#3009=EDGE_CURVE('',#4255,#4254,#5164,.T.);
#3010=EDGE_CURVE('',#4255,#4252,#5165,.T.);
#3011=EDGE_CURVE('',#4256,#4254,#5166,.T.);
#3012=EDGE_CURVE('',#4257,#4256,#5167,.T.);
#3013=EDGE_CURVE('',#4257,#4255,#5168,.T.);
#3014=EDGE_CURVE('',#4258,#4259,#5169,.T.);
#3015=EDGE_CURVE('',#4260,#4258,#5170,.T.);
#3016=EDGE_CURVE('',#4260,#4261,#5171,.T.);
#3017=EDGE_CURVE('',#4261,#4259,#5172,.T.);
#3018=EDGE_CURVE('',#4262,#4258,#5173,.T.);
#3019=EDGE_CURVE('',#4263,#4262,#5174,.T.);
#3020=EDGE_CURVE('',#4263,#4260,#5175,.T.);
#3021=EDGE_CURVE('',#4264,#4262,#5176,.T.);
#3022=EDGE_CURVE('',#4265,#4264,#5177,.T.);
#3023=EDGE_CURVE('',#4265,#4263,#5178,.T.);
#3024=EDGE_CURVE('',#4171,#4176,#5179,.T.);
#3025=EDGE_CURVE('',#4173,#4177,#5180,.T.);
#3026=EDGE_CURVE('',#4179,#4184,#5181,.T.);
#3027=EDGE_CURVE('',#4181,#4185,#5182,.T.);
#3028=EDGE_CURVE('',#4187,#4192,#5183,.T.);
#3029=EDGE_CURVE('',#4189,#4193,#5184,.T.);
#3030=EDGE_CURVE('',#4195,#4200,#5185,.T.);
#3031=EDGE_CURVE('',#4197,#4201,#5186,.T.);
#3032=EDGE_CURVE('',#4203,#4208,#5187,.T.);
#3033=EDGE_CURVE('',#4205,#4209,#5188,.T.);
#3034=EDGE_CURVE('',#4211,#4216,#5189,.T.);
#3035=EDGE_CURVE('',#4213,#4217,#5190,.T.);
#3036=EDGE_CURVE('',#4219,#4224,#5191,.T.);
#3037=EDGE_CURVE('',#4221,#4225,#5192,.T.);
#3038=EDGE_CURVE('',#4227,#4232,#5193,.T.);
#3039=EDGE_CURVE('',#4229,#4233,#5194,.T.);
#3040=EDGE_CURVE('',#4235,#4240,#5195,.T.);
#3041=EDGE_CURVE('',#4237,#4241,#5196,.T.);
#3042=EDGE_CURVE('',#4243,#4248,#5197,.T.);
#3043=EDGE_CURVE('',#4245,#4249,#5198,.T.);
#3044=EDGE_CURVE('',#4251,#4256,#5199,.T.);
#3045=EDGE_CURVE('',#4253,#4257,#5200,.T.);
#3046=EDGE_CURVE('',#4259,#4264,#5201,.T.);
#3047=EDGE_CURVE('',#4261,#4265,#5202,.T.);
#3048=EDGE_CURVE('',#4166,#4266,#5203,.T.);
#3049=EDGE_CURVE('',#4267,#4266,#5204,.T.);
#3050=EDGE_CURVE('',#4167,#4267,#5205,.T.);
#3051=EDGE_CURVE('',#4050,#4063,#5206,.T.);
#3052=EDGE_CURVE('',#4059,#4066,#5207,.T.);
#3053=EDGE_CURVE('',#4081,#4267,#5208,.T.);
#3054=EDGE_CURVE('',#4155,#4055,#5209,.T.);
#3055=EDGE_CURVE('',#4054,#4070,#5210,.T.);
#3056=EDGE_CURVE('',#4079,#4268,#5211,.T.);
#3057=EDGE_CURVE('',#4268,#4269,#5212,.T.);
#3058=EDGE_CURVE('',#4269,#4149,#5213,.T.);
#3059=EDGE_CURVE('',#4169,#4159,#5214,.T.);
#3060=EDGE_CURVE('',#4168,#4160,#5215,.T.);
#3061=EDGE_CURVE('',#4071,#4154,#5216,.T.);
#3062=EDGE_CURVE('',#4162,#4074,#5217,.T.);
#3063=EDGE_CURVE('',#4164,#4157,#5218,.T.);
#3064=EDGE_CURVE('',#4150,#4077,#5219,.T.);
#3065=EDGE_CURVE('',#4165,#4158,#5220,.T.);
#3066=EDGE_CURVE('',#4083,#4266,#5221,.T.);
#3067=EDGE_CURVE('',#4162,#4154,#5222,.T.);
#3068=EDGE_CURVE('',#4074,#4071,#5223,.T.);
#3069=EDGE_CURVE('',#4083,#4077,#5224,.T.);
#3070=EDGE_CURVE('',#4270,#4081,#5225,.T.);
#3071=EDGE_CURVE('',#4270,#4271,#5226,.T.);
#3072=EDGE_CURVE('',#4271,#4268,#5227,.T.);
#3073=EDGE_CURVE('',#4272,#4269,#5228,.T.);
#3074=EDGE_CURVE('',#4272,#4273,#5229,.T.);
#3075=EDGE_CURVE('',#4273,#4267,#5230,.T.);
#3076=EDGE_CURVE('',#4266,#4150,#5231,.T.);
#3077=EDGE_CURVE('',#4271,#4272,#5232,.T.);
#3078=EDGE_CURVE('',#4273,#4270,#5233,.T.);
#3079=EDGE_CURVE('',#4051,#4062,#5234,.T.);
#3080=EDGE_CURVE('',#4058,#4067,#5235,.T.);
#3081=EDGE_CURVE('',#4274,#4275,#5236,.T.);
#3082=EDGE_CURVE('',#4274,#4276,#5237,.T.);
#3083=EDGE_CURVE('',#4277,#4276,#5238,.T.);
#3084=EDGE_CURVE('',#4278,#4277,#5239,.T.);
#3085=EDGE_CURVE('',#4278,#4279,#5240,.T.);
#3086=EDGE_CURVE('',#4280,#4279,#5241,.T.);
#3087=EDGE_CURVE('',#4281,#4280,#5242,.T.);
#3088=EDGE_CURVE('',#4282,#4281,#5243,.T.);
#3089=EDGE_CURVE('',#4282,#4283,#5244,.T.);
#3090=EDGE_CURVE('',#4284,#4283,#5245,.T.);
#3091=EDGE_CURVE('',#4285,#4284,#5246,.T.);
#3092=EDGE_CURVE('',#4286,#4285,#5247,.T.);
#3093=EDGE_CURVE('',#4286,#4287,#5248,.T.);
#3094=EDGE_CURVE('',#4288,#4287,#5249,.T.);
#3095=EDGE_CURVE('',#4289,#4288,#5250,.T.);
#3096=EDGE_CURVE('',#4289,#4290,#5251,.T.);
#3097=EDGE_CURVE('',#4290,#4291,#5252,.T.);
#3098=EDGE_CURVE('',#4292,#4291,#5253,.T.);
#3099=EDGE_CURVE('',#4293,#4292,#5254,.T.);
#3100=EDGE_CURVE('',#4294,#4293,#5255,.T.);
#3101=EDGE_CURVE('',#4294,#4295,#5256,.T.);
#3102=EDGE_CURVE('',#4296,#4295,#5257,.T.);
#3103=EDGE_CURVE('',#4297,#4296,#5258,.T.);
#3104=EDGE_CURVE('',#4298,#4297,#5259,.T.);
#3105=EDGE_CURVE('',#4298,#4299,#5260,.T.);
#3106=EDGE_CURVE('',#4300,#4299,#5261,.T.);
#3107=EDGE_CURVE('',#4301,#4300,#5262,.T.);
#3108=EDGE_CURVE('',#4302,#4301,#5263,.T.);
#3109=EDGE_CURVE('',#4302,#4303,#5264,.T.);
#3110=EDGE_CURVE('',#4304,#4303,#5265,.T.);
#3111=EDGE_CURVE('',#4305,#4304,#5266,.T.);
#3112=EDGE_CURVE('',#4306,#4305,#5267,.T.);
#3113=EDGE_CURVE('',#4306,#4307,#5268,.T.);
#3114=EDGE_CURVE('',#4308,#4307,#5269,.T.);
#3115=EDGE_CURVE('',#4309,#4308,#5270,.T.);
#3116=EDGE_CURVE('',#4310,#4309,#5271,.T.);
#3117=EDGE_CURVE('',#4310,#4311,#5272,.T.);
#3118=EDGE_CURVE('',#4312,#4311,#5273,.T.);
#3119=EDGE_CURVE('',#4313,#4312,#5274,.T.);
#3120=EDGE_CURVE('',#4275,#4313,#5275,.T.);
#3121=EDGE_CURVE('',#4314,#4315,#5276,.T.);
#3122=EDGE_CURVE('',#4314,#4316,#5277,.T.);
#3123=EDGE_CURVE('',#4317,#4316,#5278,.T.);
#3124=EDGE_CURVE('',#4315,#4317,#5279,.T.);
#3125=EDGE_CURVE('',#4318,#4319,#5280,.T.);
#3126=EDGE_CURVE('',#4320,#4318,#5281,.T.);
#3127=EDGE_CURVE('',#4321,#4320,#5282,.T.);
#3128=EDGE_CURVE('',#4321,#4319,#5283,.T.);
#3129=EDGE_CURVE('',#4322,#4323,#5284,.T.);
#3130=EDGE_CURVE('',#4324,#4322,#5285,.T.);
#3131=EDGE_CURVE('',#4325,#4324,#5286,.T.);
#3132=EDGE_CURVE('',#4325,#4323,#5287,.T.);
#3133=EDGE_CURVE('',#4326,#4327,#5288,.T.);
#3134=EDGE_CURVE('',#4328,#4326,#5289,.T.);
#3135=EDGE_CURVE('',#4329,#4328,#5290,.T.);
#3136=EDGE_CURVE('',#4329,#4327,#5291,.T.);
#3137=EDGE_CURVE('',#4330,#4331,#5292,.T.);
#3138=EDGE_CURVE('',#4332,#4330,#5293,.T.);
#3139=EDGE_CURVE('',#4333,#4332,#5294,.T.);
#3140=EDGE_CURVE('',#4333,#4331,#5295,.T.);
#3141=EDGE_CURVE('',#4334,#4335,#5296,.T.);
#3142=EDGE_CURVE('',#4336,#4334,#5297,.T.);
#3143=EDGE_CURVE('',#4337,#4336,#5298,.T.);
#3144=EDGE_CURVE('',#4337,#4335,#5299,.T.);
#3145=EDGE_CURVE('',#4338,#4339,#5300,.T.);
#3146=EDGE_CURVE('',#4340,#4338,#5301,.T.);
#3147=EDGE_CURVE('',#4341,#4340,#5302,.T.);
#3148=EDGE_CURVE('',#4341,#4339,#5303,.T.);
#3149=EDGE_CURVE('',#4342,#4343,#5304,.T.);
#3150=EDGE_CURVE('',#4344,#4342,#5305,.T.);
#3151=EDGE_CURVE('',#4345,#4344,#5306,.T.);
#3152=EDGE_CURVE('',#4345,#4343,#5307,.T.);
#3153=EDGE_CURVE('',#4346,#4347,#5308,.T.);
#3154=EDGE_CURVE('',#4348,#4346,#5309,.T.);
#3155=EDGE_CURVE('',#4349,#4348,#5310,.T.);
#3156=EDGE_CURVE('',#4349,#4347,#5311,.T.);
#3157=EDGE_CURVE('',#4350,#4286,#5312,.T.);
#3158=EDGE_CURVE('',#4350,#4351,#5313,.T.);
#3159=EDGE_CURVE('',#4287,#4351,#5314,.T.);
#3160=EDGE_CURVE('',#4283,#4352,#5315,.T.);
#3161=EDGE_CURVE('',#4353,#4282,#5316,.T.);
#3162=EDGE_CURVE('',#4353,#4352,#5317,.T.);
#3163=EDGE_CURVE('',#4279,#4354,#5318,.T.);
#3164=EDGE_CURVE('',#4355,#4278,#5319,.T.);
#3165=EDGE_CURVE('',#4355,#4354,#5320,.T.);
#3166=EDGE_CURVE('',#4311,#4356,#5321,.T.);
#3167=EDGE_CURVE('',#4357,#4310,#5322,.T.);
#3168=EDGE_CURVE('',#4357,#4356,#5323,.T.);
#3169=EDGE_CURVE('',#4307,#4358,#5324,.T.);
#3170=EDGE_CURVE('',#4359,#4306,#5325,.T.);
#3171=EDGE_CURVE('',#4359,#4358,#5326,.T.);
#3172=EDGE_CURVE('',#4303,#4360,#5327,.T.);
#3173=EDGE_CURVE('',#4361,#4302,#5328,.T.);
#3174=EDGE_CURVE('',#4361,#4360,#5329,.T.);
#3175=EDGE_CURVE('',#4299,#4362,#5330,.T.);
#3176=EDGE_CURVE('',#4363,#4298,#5331,.T.);
#3177=EDGE_CURVE('',#4363,#4362,#5332,.T.);
#3178=EDGE_CURVE('',#4295,#4364,#5333,.T.);
#3179=EDGE_CURVE('',#4365,#4294,#5334,.T.);
#3180=EDGE_CURVE('',#4365,#4364,#5335,.T.);
#3181=EDGE_CURVE('',#4351,#4366,#5336,.T.);
#3182=EDGE_CURVE('',#4367,#4350,#5337,.T.);
#3183=EDGE_CURVE('',#4367,#4366,#5338,.T.);
#3184=EDGE_CURVE('',#4352,#4368,#5339,.T.);
#3185=EDGE_CURVE('',#4369,#4353,#5340,.T.);
#3186=EDGE_CURVE('',#4369,#4368,#5341,.T.);
#3187=EDGE_CURVE('',#4354,#4370,#5342,.T.);
#3188=EDGE_CURVE('',#4371,#4355,#5343,.T.);
#3189=EDGE_CURVE('',#4371,#4370,#5344,.T.);
#3190=EDGE_CURVE('',#4356,#4372,#5345,.T.);
#3191=EDGE_CURVE('',#4373,#4357,#5346,.T.);
#3192=EDGE_CURVE('',#4373,#4372,#5347,.T.);
#3193=EDGE_CURVE('',#4358,#4374,#5348,.T.);
#3194=EDGE_CURVE('',#4375,#4359,#5349,.T.);
#3195=EDGE_CURVE('',#4375,#4374,#5350,.T.);
#3196=EDGE_CURVE('',#4360,#4376,#5351,.T.);
#3197=EDGE_CURVE('',#4377,#4361,#5352,.T.);
#3198=EDGE_CURVE('',#4377,#4376,#5353,.T.);
#3199=EDGE_CURVE('',#4362,#4378,#5354,.T.);
#3200=EDGE_CURVE('',#4379,#4363,#5355,.T.);
#3201=EDGE_CURVE('',#4379,#4378,#5356,.T.);
#3202=EDGE_CURVE('',#4364,#4380,#5357,.T.);
#3203=EDGE_CURVE('',#4381,#4365,#5358,.T.);
#3204=EDGE_CURVE('',#4381,#4380,#5359,.T.);
#3205=EDGE_CURVE('',#4366,#4382,#5360,.T.);
#3206=EDGE_CURVE('',#4367,#4383,#5361,.T.);
#3207=EDGE_CURVE('',#4383,#4382,#5362,.T.);
#3208=EDGE_CURVE('',#4368,#4384,#5363,.T.);
#3209=EDGE_CURVE('',#4369,#4385,#5364,.T.);
#3210=EDGE_CURVE('',#4385,#4384,#5365,.T.);
#3211=EDGE_CURVE('',#4370,#4386,#5366,.T.);
#3212=EDGE_CURVE('',#4371,#4387,#5367,.T.);
#3213=EDGE_CURVE('',#4387,#4386,#5368,.T.);
#3214=EDGE_CURVE('',#4372,#4388,#5369,.T.);
#3215=EDGE_CURVE('',#4373,#4389,#5370,.T.);
#3216=EDGE_CURVE('',#4389,#4388,#5371,.T.);
#3217=EDGE_CURVE('',#4374,#4390,#5372,.T.);
#3218=EDGE_CURVE('',#4375,#4391,#5373,.T.);
#3219=EDGE_CURVE('',#4391,#4390,#5374,.T.);
#3220=EDGE_CURVE('',#4376,#4392,#5375,.T.);
#3221=EDGE_CURVE('',#4377,#4393,#5376,.T.);
#3222=EDGE_CURVE('',#4393,#4392,#5377,.T.);
#3223=EDGE_CURVE('',#4378,#4394,#5378,.T.);
#3224=EDGE_CURVE('',#4379,#4395,#5379,.T.);
#3225=EDGE_CURVE('',#4395,#4394,#5380,.T.);
#3226=EDGE_CURVE('',#4380,#4396,#5381,.T.);
#3227=EDGE_CURVE('',#4381,#4397,#5382,.T.);
#3228=EDGE_CURVE('',#4397,#4396,#5383,.T.);
#3229=EDGE_CURVE('',#4382,#4398,#5384,.T.);
#3230=EDGE_CURVE('',#4399,#4383,#5385,.T.);
#3231=EDGE_CURVE('',#4399,#4398,#5386,.T.);
#3232=EDGE_CURVE('',#4384,#4400,#5387,.T.);
#3233=EDGE_CURVE('',#4401,#4385,#5388,.T.);
#3234=EDGE_CURVE('',#4401,#4400,#5389,.T.);
#3235=EDGE_CURVE('',#4386,#4402,#5390,.T.);
#3236=EDGE_CURVE('',#4403,#4387,#5391,.T.);
#3237=EDGE_CURVE('',#4403,#4402,#5392,.T.);
#3238=EDGE_CURVE('',#4388,#4404,#5393,.T.);
#3239=EDGE_CURVE('',#4405,#4389,#5394,.T.);
#3240=EDGE_CURVE('',#4405,#4404,#5395,.T.);
#3241=EDGE_CURVE('',#4390,#4406,#5396,.T.);
#3242=EDGE_CURVE('',#4407,#4391,#5397,.T.);
#3243=EDGE_CURVE('',#4407,#4406,#5398,.T.);
#3244=EDGE_CURVE('',#4392,#4408,#5399,.T.);
#3245=EDGE_CURVE('',#4409,#4393,#5400,.T.);
#3246=EDGE_CURVE('',#4409,#4408,#5401,.T.);
#3247=EDGE_CURVE('',#4394,#4410,#5402,.T.);
#3248=EDGE_CURVE('',#4411,#4395,#5403,.T.);
#3249=EDGE_CURVE('',#4411,#4410,#5404,.T.);
#3250=EDGE_CURVE('',#4396,#4412,#5405,.T.);
#3251=EDGE_CURVE('',#4413,#4397,#5406,.T.);
#3252=EDGE_CURVE('',#4413,#4412,#5407,.T.);
#3253=EDGE_CURVE('',#4414,#4399,#5408,.T.);
#3254=EDGE_CURVE('',#4414,#4415,#5409,.T.);
#3255=EDGE_CURVE('',#4398,#4415,#5410,.T.);
#3256=EDGE_CURVE('',#4400,#4416,#5411,.T.);
#3257=EDGE_CURVE('',#4417,#4401,#5412,.T.);
#3258=EDGE_CURVE('',#4417,#4416,#5413,.T.);
#3259=EDGE_CURVE('',#4402,#4418,#5414,.T.);
#3260=EDGE_CURVE('',#4419,#4403,#5415,.T.);
#3261=EDGE_CURVE('',#4419,#4418,#5416,.T.);
#3262=EDGE_CURVE('',#4404,#4420,#5417,.T.);
#3263=EDGE_CURVE('',#4421,#4405,#5418,.T.);
#3264=EDGE_CURVE('',#4421,#4420,#5419,.T.);
#3265=EDGE_CURVE('',#4406,#4422,#5420,.T.);
#3266=EDGE_CURVE('',#4423,#4407,#5421,.T.);
#3267=EDGE_CURVE('',#4423,#4422,#5422,.T.);
#3268=EDGE_CURVE('',#4408,#4424,#5423,.T.);
#3269=EDGE_CURVE('',#4425,#4409,#5424,.T.);
#3270=EDGE_CURVE('',#4425,#4424,#5425,.T.);
#3271=EDGE_CURVE('',#4410,#4426,#5426,.T.);
#3272=EDGE_CURVE('',#4427,#4411,#5427,.T.);
#3273=EDGE_CURVE('',#4427,#4426,#5428,.T.);
#3274=EDGE_CURVE('',#4412,#4428,#5429,.T.);
#3275=EDGE_CURVE('',#4429,#4413,#5430,.T.);
#3276=EDGE_CURVE('',#4429,#4428,#5431,.T.);
#3277=EDGE_CURVE('',#4430,#4431,#5432,.T.);
#3278=EDGE_CURVE('',#4430,#4432,#5433,.T.);
#3279=EDGE_CURVE('',#4433,#4432,#5434,.T.);
#3280=EDGE_CURVE('',#4431,#4433,#5435,.T.);
#3281=EDGE_CURVE('',#4434,#4435,#5436,.T.);
#3282=EDGE_CURVE('',#4436,#4434,#5437,.T.);
#3283=EDGE_CURVE('',#4437,#4436,#5438,.T.);
#3284=EDGE_CURVE('',#4437,#4435,#5439,.T.);
#3285=EDGE_CURVE('',#4438,#4439,#5440,.T.);
#3286=EDGE_CURVE('',#4440,#4438,#5441,.T.);
#3287=EDGE_CURVE('',#4441,#4440,#5442,.T.);
#3288=EDGE_CURVE('',#4441,#4439,#5443,.T.);
#3289=EDGE_CURVE('',#4442,#4443,#5444,.T.);
#3290=EDGE_CURVE('',#4444,#4442,#5445,.T.);
#3291=EDGE_CURVE('',#4445,#4444,#5446,.T.);
#3292=EDGE_CURVE('',#4445,#4443,#5447,.T.);
#3293=EDGE_CURVE('',#4446,#4447,#5448,.T.);
#3294=EDGE_CURVE('',#4448,#4446,#5449,.T.);
#3295=EDGE_CURVE('',#4449,#4448,#5450,.T.);
#3296=EDGE_CURVE('',#4449,#4447,#5451,.T.);
#3297=EDGE_CURVE('',#4450,#4451,#5452,.T.);
#3298=EDGE_CURVE('',#4452,#4450,#5453,.T.);
#3299=EDGE_CURVE('',#4453,#4452,#5454,.T.);
#3300=EDGE_CURVE('',#4453,#4451,#5455,.T.);
#3301=EDGE_CURVE('',#4454,#4455,#5456,.T.);
#3302=EDGE_CURVE('',#4456,#4454,#5457,.T.);
#3303=EDGE_CURVE('',#4457,#4456,#5458,.T.);
#3304=EDGE_CURVE('',#4457,#4455,#5459,.T.);
#3305=EDGE_CURVE('',#4458,#4459,#5460,.T.);
#3306=EDGE_CURVE('',#4460,#4458,#5461,.T.);
#3307=EDGE_CURVE('',#4461,#4460,#5462,.T.);
#3308=EDGE_CURVE('',#4461,#4459,#5463,.T.);
#3309=EDGE_CURVE('',#4462,#4463,#5464,.T.);
#3310=EDGE_CURVE('',#4464,#4462,#5465,.T.);
#3311=EDGE_CURVE('',#4465,#4464,#5466,.T.);
#3312=EDGE_CURVE('',#4465,#4463,#5467,.T.);
#3313=EDGE_CURVE('',#4432,#4466,#5468,.T.);
#3314=EDGE_CURVE('',#4467,#4430,#5469,.T.);
#3315=EDGE_CURVE('',#4467,#4466,#5470,.T.);
#3316=EDGE_CURVE('',#4435,#4468,#5471,.T.);
#3317=EDGE_CURVE('',#4469,#4437,#5472,.T.);
#3318=EDGE_CURVE('',#4469,#4468,#5473,.T.);
#3319=EDGE_CURVE('',#4439,#4470,#5474,.T.);
#3320=EDGE_CURVE('',#4471,#4441,#5475,.T.);
#3321=EDGE_CURVE('',#4471,#4470,#5476,.T.);
#3322=EDGE_CURVE('',#4443,#4472,#5477,.T.);
#3323=EDGE_CURVE('',#4473,#4445,#5478,.T.);
#3324=EDGE_CURVE('',#4473,#4472,#5479,.T.);
#3325=EDGE_CURVE('',#4447,#4474,#5480,.T.);
#3326=EDGE_CURVE('',#4475,#4449,#5481,.T.);
#3327=EDGE_CURVE('',#4475,#4474,#5482,.T.);
#3328=EDGE_CURVE('',#4451,#4476,#5483,.T.);
#3329=EDGE_CURVE('',#4477,#4453,#5484,.T.);
#3330=EDGE_CURVE('',#4477,#4476,#5485,.T.);
#3331=EDGE_CURVE('',#4455,#4478,#5486,.T.);
#3332=EDGE_CURVE('',#4479,#4457,#5487,.T.);
#3333=EDGE_CURVE('',#4479,#4478,#5488,.T.);
#3334=EDGE_CURVE('',#4459,#4480,#5489,.T.);
#3335=EDGE_CURVE('',#4481,#4461,#5490,.T.);
#3336=EDGE_CURVE('',#4481,#4480,#5491,.T.);
#3337=EDGE_CURVE('',#4463,#4482,#5492,.T.);
#3338=EDGE_CURVE('',#4483,#4465,#5493,.T.);
#3339=EDGE_CURVE('',#4483,#4482,#5494,.T.);
#3340=EDGE_CURVE('',#4466,#4484,#5495,.T.);
#3341=EDGE_CURVE('',#4467,#4485,#5496,.T.);
#3342=EDGE_CURVE('',#4485,#4484,#5497,.T.);
#3343=EDGE_CURVE('',#4468,#4486,#5498,.T.);
#3344=EDGE_CURVE('',#4469,#4487,#5499,.T.);
#3345=EDGE_CURVE('',#4487,#4486,#5500,.T.);
#3346=EDGE_CURVE('',#4470,#4488,#5501,.T.);
#3347=EDGE_CURVE('',#4471,#4489,#5502,.T.);
#3348=EDGE_CURVE('',#4489,#4488,#5503,.T.);
#3349=EDGE_CURVE('',#4472,#4490,#5504,.T.);
#3350=EDGE_CURVE('',#4473,#4491,#5505,.T.);
#3351=EDGE_CURVE('',#4491,#4490,#5506,.T.);
#3352=EDGE_CURVE('',#4474,#4492,#5507,.T.);
#3353=EDGE_CURVE('',#4475,#4493,#5508,.T.);
#3354=EDGE_CURVE('',#4493,#4492,#5509,.T.);
#3355=EDGE_CURVE('',#4476,#4494,#5510,.T.);
#3356=EDGE_CURVE('',#4477,#4495,#5511,.T.);
#3357=EDGE_CURVE('',#4495,#4494,#5512,.T.);
#3358=EDGE_CURVE('',#4478,#4496,#5513,.T.);
#3359=EDGE_CURVE('',#4479,#4497,#5514,.T.);
#3360=EDGE_CURVE('',#4497,#4496,#5515,.T.);
#3361=EDGE_CURVE('',#4480,#4498,#5516,.T.);
#3362=EDGE_CURVE('',#4481,#4499,#5517,.T.);
#3363=EDGE_CURVE('',#4499,#4498,#5518,.T.);
#3364=EDGE_CURVE('',#4482,#4500,#5519,.T.);
#3365=EDGE_CURVE('',#4483,#4501,#5520,.T.);
#3366=EDGE_CURVE('',#4501,#4500,#5521,.T.);
#3367=EDGE_CURVE('',#4484,#4317,#5522,.T.);
#3368=EDGE_CURVE('',#4315,#4485,#5523,.T.);
#3369=EDGE_CURVE('',#4486,#4318,#5524,.T.);
#3370=EDGE_CURVE('',#4320,#4487,#5525,.T.);
#3371=EDGE_CURVE('',#4488,#4322,#5526,.T.);
#3372=EDGE_CURVE('',#4324,#4489,#5527,.T.);
#3373=EDGE_CURVE('',#4490,#4326,#5528,.T.);
#3374=EDGE_CURVE('',#4328,#4491,#5529,.T.);
#3375=EDGE_CURVE('',#4492,#4330,#5530,.T.);
#3376=EDGE_CURVE('',#4332,#4493,#5531,.T.);
#3377=EDGE_CURVE('',#4494,#4334,#5532,.T.);
#3378=EDGE_CURVE('',#4336,#4495,#5533,.T.);
#3379=EDGE_CURVE('',#4496,#4338,#5534,.T.);
#3380=EDGE_CURVE('',#4340,#4497,#5535,.T.);
#3381=EDGE_CURVE('',#4498,#4342,#5536,.T.);
#3382=EDGE_CURVE('',#4344,#4499,#5537,.T.);
#3383=EDGE_CURVE('',#4500,#4346,#5538,.T.);
#3384=EDGE_CURVE('',#4348,#4501,#5539,.T.);
#3385=EDGE_CURVE('',#4502,#4503,#5540,.T.);
#3386=EDGE_CURVE('',#4504,#4502,#5541,.T.);
#3387=EDGE_CURVE('',#4504,#4505,#5542,.T.);
#3388=EDGE_CURVE('',#4505,#4503,#5543,.T.);
#3389=EDGE_CURVE('',#4506,#4314,#5544,.T.);
#3390=EDGE_CURVE('',#4507,#4506,#5545,.T.);
#3391=EDGE_CURVE('',#4319,#4507,#5546,.T.);
#3392=EDGE_CURVE('',#4508,#4321,#5547,.T.);
#3393=EDGE_CURVE('',#4509,#4508,#5548,.T.);
#3394=EDGE_CURVE('',#4323,#4509,#5549,.T.);
#3395=EDGE_CURVE('',#4510,#4325,#5550,.T.);
#3396=EDGE_CURVE('',#4511,#4510,#5551,.T.);
#3397=EDGE_CURVE('',#4327,#4511,#5552,.T.);
#3398=EDGE_CURVE('',#4512,#4329,#5553,.T.);
#3399=EDGE_CURVE('',#4513,#4512,#5554,.T.);
#3400=EDGE_CURVE('',#4331,#4513,#5555,.T.);
#3401=EDGE_CURVE('',#4514,#4333,#5556,.T.);
#3402=EDGE_CURVE('',#4515,#4514,#5557,.T.);
#3403=EDGE_CURVE('',#4335,#4515,#5558,.T.);
#3404=EDGE_CURVE('',#4516,#4337,#5559,.T.);
#3405=EDGE_CURVE('',#4517,#4516,#5560,.T.);
#3406=EDGE_CURVE('',#4339,#4517,#5561,.T.);
#3407=EDGE_CURVE('',#4518,#4341,#5562,.T.);
#3408=EDGE_CURVE('',#4519,#4518,#5563,.T.);
#3409=EDGE_CURVE('',#4343,#4519,#5564,.T.);
#3410=EDGE_CURVE('',#4520,#4345,#5565,.T.);
#3411=EDGE_CURVE('',#4521,#4520,#5566,.T.);
#3412=EDGE_CURVE('',#4347,#4521,#5567,.T.);
#3413=EDGE_CURVE('',#4522,#4349,#5568,.T.);
#3414=EDGE_CURVE('',#4523,#4522,#5569,.T.);
#3415=EDGE_CURVE('',#4503,#4523,#5570,.T.);
#3416=EDGE_CURVE('',#4505,#4289,#5571,.T.);
#3417=EDGE_CURVE('',#4316,#4288,#5572,.T.);
#3418=EDGE_CURVE('',#4291,#4524,#5573,.T.);
#3419=EDGE_CURVE('',#4290,#4525,#5574,.T.);
#3420=EDGE_CURVE('',#4525,#4524,#5575,.T.);
#3421=EDGE_CURVE('',#4524,#4526,#5576,.T.);
#3422=EDGE_CURVE('',#4527,#4525,#5577,.T.);
#3423=EDGE_CURVE('',#4527,#4526,#5578,.T.);
#3424=EDGE_CURVE('',#4526,#4528,#5579,.T.);
#3425=EDGE_CURVE('',#4527,#4529,#5580,.T.);
#3426=EDGE_CURVE('',#4529,#4528,#5581,.T.);
#3427=EDGE_CURVE('',#4528,#4530,#5582,.T.);
#3428=EDGE_CURVE('',#4531,#4529,#5583,.T.);
#3429=EDGE_CURVE('',#4531,#4530,#5584,.T.);
#3430=EDGE_CURVE('',#4530,#4532,#5585,.T.);
#3431=EDGE_CURVE('',#4531,#4533,#5586,.T.);
#3432=EDGE_CURVE('',#4533,#4532,#5587,.T.);
#3433=EDGE_CURVE('',#4534,#4535,#5588,.T.);
#3434=EDGE_CURVE('',#4535,#4523,#5589,.T.);
#3435=EDGE_CURVE('',#4464,#4522,#5590,.T.);
#3436=EDGE_CURVE('',#4462,#4521,#5591,.T.);
#3437=EDGE_CURVE('',#4460,#4520,#5592,.T.);
#3438=EDGE_CURVE('',#4458,#4519,#5593,.T.);
#3439=EDGE_CURVE('',#4456,#4518,#5594,.T.);
#3440=EDGE_CURVE('',#4454,#4517,#5595,.T.);
#3441=EDGE_CURVE('',#4452,#4516,#5596,.T.);
#3442=EDGE_CURVE('',#4450,#4515,#5597,.T.);
#3443=EDGE_CURVE('',#4448,#4514,#5598,.T.);
#3444=EDGE_CURVE('',#4446,#4513,#5599,.T.);
#3445=EDGE_CURVE('',#4444,#4512,#5600,.T.);
#3446=EDGE_CURVE('',#4442,#4511,#5601,.T.);
#3447=EDGE_CURVE('',#4440,#4510,#5602,.T.);
#3448=EDGE_CURVE('',#4438,#4509,#5603,.T.);
#3449=EDGE_CURVE('',#4436,#4508,#5604,.T.);
#3450=EDGE_CURVE('',#4434,#4507,#5605,.T.);
#3451=EDGE_CURVE('',#4431,#4506,#5606,.T.);
#3452=EDGE_CURVE('',#4415,#4433,#5607,.T.);
#3453=EDGE_CURVE('',#4285,#4414,#5608,.T.);
#3454=EDGE_CURVE('',#4284,#4416,#5609,.T.);
#3455=EDGE_CURVE('',#4281,#4417,#5610,.T.);
#3456=EDGE_CURVE('',#4280,#4418,#5611,.T.);
#3457=EDGE_CURVE('',#4277,#4419,#5612,.T.);
#3458=EDGE_CURVE('',#4276,#4536,#5613,.T.);
#3459=EDGE_CURVE('',#4537,#4536,#5614,.T.);
#3460=EDGE_CURVE('',#4313,#4537,#5615,.T.);
#3461=EDGE_CURVE('',#4312,#4420,#5616,.T.);
#3462=EDGE_CURVE('',#4309,#4421,#5617,.T.);
#3463=EDGE_CURVE('',#4308,#4422,#5618,.T.);
#3464=EDGE_CURVE('',#4305,#4423,#5619,.T.);
#3465=EDGE_CURVE('',#4304,#4424,#5620,.T.);
#3466=EDGE_CURVE('',#4301,#4425,#5621,.T.);
#3467=EDGE_CURVE('',#4300,#4426,#5622,.T.);
#3468=EDGE_CURVE('',#4297,#4427,#5623,.T.);
#3469=EDGE_CURVE('',#4296,#4428,#5624,.T.);
#3470=EDGE_CURVE('',#4293,#4429,#5625,.T.);
#3471=EDGE_CURVE('',#4292,#4532,#5626,.T.);
#3472=EDGE_CURVE('',#4533,#4534,#5627,.T.);
#3473=EDGE_CURVE('',#4535,#4538,#5628,.T.);
#3474=EDGE_CURVE('',#4534,#4539,#5629,.T.);
#3475=EDGE_CURVE('',#4539,#4538,#5630,.T.);
#3476=EDGE_CURVE('',#4538,#4540,#5631,.T.);
#3477=EDGE_CURVE('',#4541,#4539,#5632,.T.);
#3478=EDGE_CURVE('',#4541,#4540,#5633,.T.);
#3479=EDGE_CURVE('',#4540,#4542,#5634,.T.);
#3480=EDGE_CURVE('',#4541,#4543,#5635,.T.);
#3481=EDGE_CURVE('',#4543,#4542,#5636,.T.);
#3482=EDGE_CURVE('',#4542,#4502,#5637,.T.);
#3483=EDGE_CURVE('',#4504,#4543,#5638,.T.);
#3484=EDGE_CURVE('',#4525,#4531,#5639,.T.);
#3485=EDGE_CURVE('',#4539,#4504,#5640,.T.);
#3486=EDGE_CURVE('',#4351,#4398,#5641,.T.);
#3487=EDGE_CURVE('',#4432,#4317,#5642,.T.);
#3488=EDGE_CURVE('',#4465,#4348,#5643,.T.);
#3489=EDGE_CURVE('',#4538,#4502,#5644,.T.);
#3490=EDGE_CURVE('',#4461,#4344,#5645,.T.);
#3491=EDGE_CURVE('',#4463,#4346,#5646,.T.);
#3492=EDGE_CURVE('',#4457,#4340,#5647,.T.);
#3493=EDGE_CURVE('',#4459,#4342,#5648,.T.);
#3494=EDGE_CURVE('',#4453,#4336,#5649,.T.);
#3495=EDGE_CURVE('',#4455,#4338,#5650,.T.);
#3496=EDGE_CURVE('',#4449,#4332,#5651,.T.);
#3497=EDGE_CURVE('',#4451,#4334,#5652,.T.);
#3498=EDGE_CURVE('',#4445,#4328,#5653,.T.);
#3499=EDGE_CURVE('',#4447,#4330,#5654,.T.);
#3500=EDGE_CURVE('',#4441,#4324,#5655,.T.);
#3501=EDGE_CURVE('',#4443,#4326,#5656,.T.);
#3502=EDGE_CURVE('',#4437,#4320,#5657,.T.);
#3503=EDGE_CURVE('',#4439,#4322,#5658,.T.);
#3504=EDGE_CURVE('',#4430,#4315,#5659,.T.);
#3505=EDGE_CURVE('',#4435,#4318,#5660,.T.);
#3506=EDGE_CURVE('',#4524,#4530,#5661,.T.);
#3507=EDGE_CURVE('',#4365,#4413,#5662,.T.);
#3508=EDGE_CURVE('',#4364,#4412,#5663,.T.);
#3509=EDGE_CURVE('',#4363,#4411,#5664,.T.);
#3510=EDGE_CURVE('',#4362,#4410,#5665,.T.);
#3511=EDGE_CURVE('',#4361,#4409,#5666,.T.);
#3512=EDGE_CURVE('',#4360,#4408,#5667,.T.);
#3513=EDGE_CURVE('',#4359,#4407,#5668,.T.);
#3514=EDGE_CURVE('',#4358,#4406,#5669,.T.);
#3515=EDGE_CURVE('',#4357,#4405,#5670,.T.);
#3516=EDGE_CURVE('',#4356,#4404,#5671,.T.);
#3517=EDGE_CURVE('',#4355,#4403,#5672,.T.);
#3518=EDGE_CURVE('',#4354,#4402,#5673,.T.);
#3519=EDGE_CURVE('',#4353,#4401,#5674,.T.);
#3520=EDGE_CURVE('',#4350,#4399,#5675,.T.);
#3521=EDGE_CURVE('',#4352,#4400,#5676,.T.);
#3522=EDGE_CURVE('',#4275,#4537,#5677,.T.);
#3523=EDGE_CURVE('',#4274,#4536,#5678,.T.);
#3524=EDGE_CURVE('',#4544,#4545,#5679,.T.);
#3525=EDGE_CURVE('',#4546,#4544,#5680,.T.);
#3526=EDGE_CURVE('',#4546,#4547,#5681,.T.);
#3527=EDGE_CURVE('',#4547,#4548,#5682,.T.);
#3528=EDGE_CURVE('',#4549,#4548,#5683,.T.);
#3529=EDGE_CURVE('',#4550,#4549,#5684,.T.);
#3530=EDGE_CURVE('',#4551,#4550,#5685,.T.);
#3531=EDGE_CURVE('',#4552,#4551,#5686,.T.);
#3532=EDGE_CURVE('',#4553,#4552,#5687,.T.);
#3533=EDGE_CURVE('',#4554,#4553,#5688,.T.);
#3534=EDGE_CURVE('',#4555,#4554,#5689,.T.);
#3535=EDGE_CURVE('',#4556,#4555,#5690,.T.);
#3536=EDGE_CURVE('',#4557,#4556,#5691,.T.);
#3537=EDGE_CURVE('',#4558,#4557,#5692,.T.);
#3538=EDGE_CURVE('',#4559,#4558,#5693,.T.);
#3539=EDGE_CURVE('',#4560,#4559,#5694,.T.);
#3540=EDGE_CURVE('',#4561,#4560,#5695,.T.);
#3541=EDGE_CURVE('',#4562,#4561,#5696,.T.);
#3542=EDGE_CURVE('',#4563,#4562,#5697,.T.);
#3543=EDGE_CURVE('',#4564,#4563,#5698,.T.);
#3544=EDGE_CURVE('',#4565,#4564,#5699,.T.);
#3545=EDGE_CURVE('',#4566,#4565,#5700,.T.);
#3546=EDGE_CURVE('',#4567,#4566,#5701,.T.);
#3547=EDGE_CURVE('',#4568,#4567,#5702,.T.);
#3548=EDGE_CURVE('',#4569,#4568,#5703,.T.);
#3549=EDGE_CURVE('',#4570,#4569,#5704,.T.);
#3550=EDGE_CURVE('',#4571,#4570,#5705,.T.);
#3551=EDGE_CURVE('',#4572,#4571,#5706,.T.);
#3552=EDGE_CURVE('',#4573,#4572,#5707,.T.);
#3553=EDGE_CURVE('',#4574,#4573,#5708,.T.);
#3554=EDGE_CURVE('',#4575,#4574,#5709,.T.);
#3555=EDGE_CURVE('',#4576,#4575,#5710,.T.);
#3556=EDGE_CURVE('',#4577,#4576,#5711,.T.);
#3557=EDGE_CURVE('',#4578,#4577,#5712,.T.);
#3558=EDGE_CURVE('',#4579,#4578,#5713,.T.);
#3559=EDGE_CURVE('',#4580,#4579,#5714,.T.);
#3560=EDGE_CURVE('',#4581,#4580,#5715,.T.);
#3561=EDGE_CURVE('',#4582,#4581,#5716,.T.);
#3562=EDGE_CURVE('',#4583,#4582,#5717,.T.);
#3563=EDGE_CURVE('',#4545,#4583,#5718,.T.);
#3564=EDGE_CURVE('',#4584,#4585,#5719,.T.);
#3565=EDGE_CURVE('',#4584,#4586,#5720,.T.);
#3566=EDGE_CURVE('',#4587,#4586,#5721,.T.);
#3567=EDGE_CURVE('',#4585,#4587,#5722,.T.);
#3568=EDGE_CURVE('',#4588,#4589,#5723,.T.);
#3569=EDGE_CURVE('',#4590,#4588,#5724,.T.);
#3570=EDGE_CURVE('',#4590,#4591,#5725,.T.);
#3571=EDGE_CURVE('',#4591,#4589,#5726,.T.);
#3572=EDGE_CURVE('',#4592,#4593,#5727,.T.);
#3573=EDGE_CURVE('',#4592,#4594,#5728,.T.);
#3574=EDGE_CURVE('',#4595,#4594,#5729,.T.);
#3575=EDGE_CURVE('',#4593,#4595,#5730,.T.);
#3576=EDGE_CURVE('',#4596,#4597,#5731,.T.);
#3577=EDGE_CURVE('',#4596,#4598,#5732,.T.);
#3578=EDGE_CURVE('',#4599,#4598,#5733,.T.);
#3579=EDGE_CURVE('',#4597,#4599,#5734,.T.);
#3580=EDGE_CURVE('',#4600,#4601,#5735,.T.);
#3581=EDGE_CURVE('',#4600,#4602,#5736,.T.);
#3582=EDGE_CURVE('',#4603,#4602,#5737,.T.);
#3583=EDGE_CURVE('',#4601,#4603,#5738,.T.);
#3584=EDGE_CURVE('',#4604,#4605,#5739,.T.);
#3585=EDGE_CURVE('',#4604,#4606,#5740,.T.);
#3586=EDGE_CURVE('',#4607,#4606,#5741,.T.);
#3587=EDGE_CURVE('',#4605,#4607,#5742,.T.);
#3588=EDGE_CURVE('',#4608,#4609,#5743,.T.);
#3589=EDGE_CURVE('',#4608,#4610,#5744,.T.);
#3590=EDGE_CURVE('',#4611,#4610,#5745,.T.);
#3591=EDGE_CURVE('',#4609,#4611,#5746,.T.);
#3592=EDGE_CURVE('',#4612,#4613,#5747,.T.);
#3593=EDGE_CURVE('',#4612,#4614,#5748,.T.);
#3594=EDGE_CURVE('',#4615,#4614,#5749,.T.);
#3595=EDGE_CURVE('',#4613,#4615,#5750,.T.);
#3596=EDGE_CURVE('',#4616,#4617,#5751,.T.);
#3597=EDGE_CURVE('',#4616,#4618,#5752,.T.);
#3598=EDGE_CURVE('',#4619,#4618,#5753,.T.);
#3599=EDGE_CURVE('',#4617,#4619,#5754,.T.);
#3600=EDGE_CURVE('',#4620,#4621,#5755,.T.);
#3601=EDGE_CURVE('',#4620,#4622,#5756,.T.);
#3602=EDGE_CURVE('',#4623,#4622,#5757,.T.);
#3603=EDGE_CURVE('',#4621,#4623,#5758,.T.);
#3604=EDGE_CURVE('',#4589,#4624,#5759,.T.);
#3605=EDGE_CURVE('',#4591,#4625,#5760,.T.);
#3606=EDGE_CURVE('',#4625,#4624,#5761,.T.);
#3607=EDGE_CURVE('',#4626,#4592,#5762,.T.);
#3608=EDGE_CURVE('',#4626,#4627,#5763,.T.);
#3609=EDGE_CURVE('',#4594,#4627,#5764,.T.);
#3610=EDGE_CURVE('',#4628,#4596,#5765,.T.);
#3611=EDGE_CURVE('',#4628,#4629,#5766,.T.);
#3612=EDGE_CURVE('',#4598,#4629,#5767,.T.);
#3613=EDGE_CURVE('',#4630,#4600,#5768,.T.);
#3614=EDGE_CURVE('',#4630,#4631,#5769,.T.);
#3615=EDGE_CURVE('',#4602,#4631,#5770,.T.);
#3616=EDGE_CURVE('',#4632,#4604,#5771,.T.);
#3617=EDGE_CURVE('',#4632,#4633,#5772,.T.);
#3618=EDGE_CURVE('',#4606,#4633,#5773,.T.);
#3619=EDGE_CURVE('',#4634,#4608,#5774,.T.);
#3620=EDGE_CURVE('',#4634,#4635,#5775,.T.);
#3621=EDGE_CURVE('',#4610,#4635,#5776,.T.);
#3622=EDGE_CURVE('',#4636,#4612,#5777,.T.);
#3623=EDGE_CURVE('',#4636,#4637,#5778,.T.);
#3624=EDGE_CURVE('',#4614,#4637,#5779,.T.);
#3625=EDGE_CURVE('',#4638,#4616,#5780,.T.);
#3626=EDGE_CURVE('',#4638,#4639,#5781,.T.);
#3627=EDGE_CURVE('',#4618,#4639,#5782,.T.);
#3628=EDGE_CURVE('',#4640,#4620,#5783,.T.);
#3629=EDGE_CURVE('',#4640,#4641,#5784,.T.);
#3630=EDGE_CURVE('',#4622,#4641,#5785,.T.);
#3631=EDGE_CURVE('',#4624,#4642,#5786,.T.);
#3632=EDGE_CURVE('',#4625,#4643,#5787,.T.);
#3633=EDGE_CURVE('',#4643,#4642,#5788,.T.);
#3634=EDGE_CURVE('',#4644,#4626,#5789,.T.);
#3635=EDGE_CURVE('',#4644,#4645,#5790,.T.);
#3636=EDGE_CURVE('',#4627,#4645,#5791,.T.);
#3637=EDGE_CURVE('',#4646,#4628,#5792,.T.);
#3638=EDGE_CURVE('',#4646,#4647,#5793,.T.);
#3639=EDGE_CURVE('',#4629,#4647,#5794,.T.);
#3640=EDGE_CURVE('',#4648,#4630,#5795,.T.);
#3641=EDGE_CURVE('',#4648,#4649,#5796,.T.);
#3642=EDGE_CURVE('',#4631,#4649,#5797,.T.);
#3643=EDGE_CURVE('',#4650,#4632,#5798,.T.);
#3644=EDGE_CURVE('',#4650,#4651,#5799,.T.);
#3645=EDGE_CURVE('',#4633,#4651,#5800,.T.);
#3646=EDGE_CURVE('',#4652,#4634,#5801,.T.);
#3647=EDGE_CURVE('',#4652,#4653,#5802,.T.);
#3648=EDGE_CURVE('',#4635,#4653,#5803,.T.);
#3649=EDGE_CURVE('',#4654,#4636,#5804,.T.);
#3650=EDGE_CURVE('',#4654,#4655,#5805,.T.);
#3651=EDGE_CURVE('',#4637,#4655,#5806,.T.);
#3652=EDGE_CURVE('',#4656,#4638,#5807,.T.);
#3653=EDGE_CURVE('',#4656,#4657,#5808,.T.);
#3654=EDGE_CURVE('',#4639,#4657,#5809,.T.);
#3655=EDGE_CURVE('',#4658,#4640,#5810,.T.);
#3656=EDGE_CURVE('',#4658,#4659,#5811,.T.);
#3657=EDGE_CURVE('',#4641,#4659,#5812,.T.);
#3658=EDGE_CURVE('',#4642,#4660,#18,.F.);
#3659=EDGE_CURVE('',#4643,#4661,#19,.T.);
#3660=EDGE_CURVE('',#4661,#4660,#5813,.T.);
#3661=EDGE_CURVE('',#4662,#4644,#20,.F.);
#3662=EDGE_CURVE('',#4662,#4663,#5814,.T.);
#3663=EDGE_CURVE('',#4645,#4663,#21,.F.);
#3664=EDGE_CURVE('',#4664,#4646,#22,.F.);
#3665=EDGE_CURVE('',#4664,#4665,#5815,.T.);
#3666=EDGE_CURVE('',#4647,#4665,#23,.F.);
#3667=EDGE_CURVE('',#4666,#4648,#24,.F.);
#3668=EDGE_CURVE('',#4666,#4667,#5816,.T.);
#3669=EDGE_CURVE('',#4649,#4667,#25,.F.);
#3670=EDGE_CURVE('',#4668,#4650,#26,.F.);
#3671=EDGE_CURVE('',#4668,#4669,#5817,.T.);
#3672=EDGE_CURVE('',#4651,#4669,#27,.F.);
#3673=EDGE_CURVE('',#4670,#4652,#28,.F.);
#3674=EDGE_CURVE('',#4670,#4671,#5818,.T.);
#3675=EDGE_CURVE('',#4653,#4671,#29,.F.);
#3676=EDGE_CURVE('',#4672,#4654,#30,.F.);
#3677=EDGE_CURVE('',#4672,#4673,#5819,.T.);
#3678=EDGE_CURVE('',#4655,#4673,#31,.F.);
#3679=EDGE_CURVE('',#4674,#4656,#32,.F.);
#3680=EDGE_CURVE('',#4674,#4675,#5820,.T.);
#3681=EDGE_CURVE('',#4657,#4675,#33,.F.);
#3682=EDGE_CURVE('',#4676,#4658,#34,.F.);
#3683=EDGE_CURVE('',#4676,#4677,#5821,.T.);
#3684=EDGE_CURVE('',#4659,#4677,#35,.F.);
#3685=EDGE_CURVE('',#4660,#4678,#5822,.T.);
#3686=EDGE_CURVE('',#4661,#4679,#5823,.T.);
#3687=EDGE_CURVE('',#4679,#4678,#5824,.T.);
#3688=EDGE_CURVE('',#4680,#4662,#5825,.T.);
#3689=EDGE_CURVE('',#4680,#4681,#5826,.T.);
#3690=EDGE_CURVE('',#4663,#4681,#5827,.T.);
#3691=EDGE_CURVE('',#4682,#4664,#5828,.T.);
#3692=EDGE_CURVE('',#4682,#4683,#5829,.T.);
#3693=EDGE_CURVE('',#4665,#4683,#5830,.T.);
#3694=EDGE_CURVE('',#4684,#4666,#5831,.T.);
#3695=EDGE_CURVE('',#4684,#4685,#5832,.T.);
#3696=EDGE_CURVE('',#4667,#4685,#5833,.T.);
#3697=EDGE_CURVE('',#4686,#4668,#5834,.T.);
#3698=EDGE_CURVE('',#4686,#4687,#5835,.T.);
#3699=EDGE_CURVE('',#4669,#4687,#5836,.T.);
#3700=EDGE_CURVE('',#4688,#4670,#5837,.T.);
#3701=EDGE_CURVE('',#4688,#4689,#5838,.T.);
#3702=EDGE_CURVE('',#4671,#4689,#5839,.T.);
#3703=EDGE_CURVE('',#4690,#4672,#5840,.T.);
#3704=EDGE_CURVE('',#4690,#4691,#5841,.T.);
#3705=EDGE_CURVE('',#4673,#4691,#5842,.T.);
#3706=EDGE_CURVE('',#4692,#4674,#5843,.T.);
#3707=EDGE_CURVE('',#4692,#4693,#5844,.T.);
#3708=EDGE_CURVE('',#4675,#4693,#5845,.T.);
#3709=EDGE_CURVE('',#4694,#4676,#5846,.T.);
#3710=EDGE_CURVE('',#4694,#4695,#5847,.T.);
#3711=EDGE_CURVE('',#4677,#4695,#5848,.T.);
#3712=EDGE_CURVE('',#4696,#4697,#5849,.T.);
#3713=EDGE_CURVE('',#4698,#4696,#5850,.T.);
#3714=EDGE_CURVE('',#4698,#4699,#5851,.T.);
#3715=EDGE_CURVE('',#4699,#4697,#5852,.T.);
#3716=EDGE_CURVE('',#4700,#4701,#5853,.T.);
#3717=EDGE_CURVE('',#4700,#4702,#5854,.T.);
#3718=EDGE_CURVE('',#4703,#4702,#5855,.T.);
#3719=EDGE_CURVE('',#4701,#4703,#5856,.T.);
#3720=EDGE_CURVE('',#4704,#4705,#5857,.T.);
#3721=EDGE_CURVE('',#4704,#4706,#5858,.T.);
#3722=EDGE_CURVE('',#4707,#4706,#5859,.T.);
#3723=EDGE_CURVE('',#4705,#4707,#5860,.T.);
#3724=EDGE_CURVE('',#4708,#4709,#5861,.T.);
#3725=EDGE_CURVE('',#4708,#4710,#5862,.T.);
#3726=EDGE_CURVE('',#4711,#4710,#5863,.T.);
#3727=EDGE_CURVE('',#4709,#4711,#5864,.T.);
#3728=EDGE_CURVE('',#4712,#4713,#5865,.T.);
#3729=EDGE_CURVE('',#4712,#4714,#5866,.T.);
#3730=EDGE_CURVE('',#4715,#4714,#5867,.T.);
#3731=EDGE_CURVE('',#4713,#4715,#5868,.T.);
#3732=EDGE_CURVE('',#4716,#4717,#5869,.T.);
#3733=EDGE_CURVE('',#4716,#4718,#5870,.T.);
#3734=EDGE_CURVE('',#4719,#4718,#5871,.T.);
#3735=EDGE_CURVE('',#4717,#4719,#5872,.T.);
#3736=EDGE_CURVE('',#4720,#4721,#5873,.T.);
#3737=EDGE_CURVE('',#4720,#4722,#5874,.T.);
#3738=EDGE_CURVE('',#4723,#4722,#5875,.T.);
#3739=EDGE_CURVE('',#4721,#4723,#5876,.T.);
#3740=EDGE_CURVE('',#4724,#4725,#5877,.T.);
#3741=EDGE_CURVE('',#4724,#4726,#5878,.T.);
#3742=EDGE_CURVE('',#4727,#4726,#5879,.T.);
#3743=EDGE_CURVE('',#4725,#4727,#5880,.T.);
#3744=EDGE_CURVE('',#4697,#4728,#36,.F.);
#3745=EDGE_CURVE('',#4699,#4729,#37,.T.);
#3746=EDGE_CURVE('',#4729,#4728,#5881,.T.);
#3747=EDGE_CURVE('',#4730,#4700,#38,.F.);
#3748=EDGE_CURVE('',#4730,#4731,#5882,.T.);
#3749=EDGE_CURVE('',#4702,#4731,#39,.F.);
#3750=EDGE_CURVE('',#4732,#4704,#40,.F.);
#3751=EDGE_CURVE('',#4732,#4733,#5883,.T.);
#3752=EDGE_CURVE('',#4706,#4733,#41,.F.);
#3753=EDGE_CURVE('',#4734,#4708,#42,.F.);
#3754=EDGE_CURVE('',#4734,#4735,#5884,.T.);
#3755=EDGE_CURVE('',#4710,#4735,#43,.F.);
#3756=EDGE_CURVE('',#4736,#4712,#44,.F.);
#3757=EDGE_CURVE('',#4736,#4737,#5885,.T.);
#3758=EDGE_CURVE('',#4714,#4737,#45,.F.);
#3759=EDGE_CURVE('',#4738,#4716,#46,.F.);
#3760=EDGE_CURVE('',#4738,#4739,#5886,.T.);
#3761=EDGE_CURVE('',#4718,#4739,#47,.F.);
#3762=EDGE_CURVE('',#4740,#4720,#48,.F.);
#3763=EDGE_CURVE('',#4740,#4741,#5887,.T.);
#3764=EDGE_CURVE('',#4722,#4741,#49,.F.);
#3765=EDGE_CURVE('',#4742,#4724,#50,.F.);
#3766=EDGE_CURVE('',#4742,#4743,#5888,.T.);
#3767=EDGE_CURVE('',#4726,#4743,#51,.F.);
#3768=EDGE_CURVE('',#4728,#4744,#5889,.T.);
#3769=EDGE_CURVE('',#4729,#4745,#5890,.T.);
#3770=EDGE_CURVE('',#4745,#4744,#5891,.T.);
#3771=EDGE_CURVE('',#4746,#4730,#5892,.T.);
#3772=EDGE_CURVE('',#4746,#4747,#5893,.T.);
#3773=EDGE_CURVE('',#4731,#4747,#5894,.T.);
#3774=EDGE_CURVE('',#4748,#4732,#5895,.T.);
#3775=EDGE_CURVE('',#4748,#4749,#5896,.T.);
#3776=EDGE_CURVE('',#4733,#4749,#5897,.T.);
#3777=EDGE_CURVE('',#4750,#4734,#5898,.T.);
#3778=EDGE_CURVE('',#4750,#4751,#5899,.T.);
#3779=EDGE_CURVE('',#4735,#4751,#5900,.T.);
#3780=EDGE_CURVE('',#4752,#4736,#5901,.T.);
#3781=EDGE_CURVE('',#4752,#4753,#5902,.T.);
#3782=EDGE_CURVE('',#4737,#4753,#5903,.T.);
#3783=EDGE_CURVE('',#4754,#4738,#5904,.T.);
#3784=EDGE_CURVE('',#4754,#4755,#5905,.T.);
#3785=EDGE_CURVE('',#4739,#4755,#5906,.T.);
#3786=EDGE_CURVE('',#4756,#4740,#5907,.T.);
#3787=EDGE_CURVE('',#4756,#4757,#5908,.T.);
#3788=EDGE_CURVE('',#4741,#4757,#5909,.T.);
#3789=EDGE_CURVE('',#4758,#4742,#5910,.T.);
#3790=EDGE_CURVE('',#4758,#4759,#5911,.T.);
#3791=EDGE_CURVE('',#4743,#4759,#5912,.T.);
#3792=EDGE_CURVE('',#4744,#4760,#5913,.T.);
#3793=EDGE_CURVE('',#4745,#4761,#5914,.T.);
#3794=EDGE_CURVE('',#4761,#4760,#5915,.T.);
#3795=EDGE_CURVE('',#4762,#4746,#5916,.T.);
#3796=EDGE_CURVE('',#4762,#4763,#5917,.T.);
#3797=EDGE_CURVE('',#4747,#4763,#5918,.T.);
#3798=EDGE_CURVE('',#4764,#4748,#5919,.T.);
#3799=EDGE_CURVE('',#4764,#4765,#5920,.T.);
#3800=EDGE_CURVE('',#4749,#4765,#5921,.T.);
#3801=EDGE_CURVE('',#4766,#4750,#5922,.T.);
#3802=EDGE_CURVE('',#4766,#4767,#5923,.T.);
#3803=EDGE_CURVE('',#4751,#4767,#5924,.T.);
#3804=EDGE_CURVE('',#4768,#4752,#5925,.T.);
#3805=EDGE_CURVE('',#4768,#4769,#5926,.T.);
#3806=EDGE_CURVE('',#4753,#4769,#5927,.T.);
#3807=EDGE_CURVE('',#4770,#4754,#5928,.T.);
#3808=EDGE_CURVE('',#4770,#4771,#5929,.T.);
#3809=EDGE_CURVE('',#4755,#4771,#5930,.T.);
#3810=EDGE_CURVE('',#4772,#4756,#5931,.T.);
#3811=EDGE_CURVE('',#4772,#4773,#5932,.T.);
#3812=EDGE_CURVE('',#4757,#4773,#5933,.T.);
#3813=EDGE_CURVE('',#4774,#4758,#5934,.T.);
#3814=EDGE_CURVE('',#4774,#4775,#5935,.T.);
#3815=EDGE_CURVE('',#4759,#4775,#5936,.T.);
#3816=EDGE_CURVE('',#4760,#4544,#5937,.T.);
#3817=EDGE_CURVE('',#4761,#4546,#5938,.T.);
#3818=EDGE_CURVE('',#4582,#4762,#5939,.T.);
#3819=EDGE_CURVE('',#4763,#4581,#5940,.T.);
#3820=EDGE_CURVE('',#4578,#4764,#5941,.T.);
#3821=EDGE_CURVE('',#4765,#4577,#5942,.T.);
#3822=EDGE_CURVE('',#4574,#4766,#5943,.T.);
#3823=EDGE_CURVE('',#4767,#4573,#5944,.T.);
#3824=EDGE_CURVE('',#4570,#4768,#5945,.T.);
#3825=EDGE_CURVE('',#4769,#4569,#5946,.T.);
#3826=EDGE_CURVE('',#4566,#4770,#5947,.T.);
#3827=EDGE_CURVE('',#4771,#4565,#5948,.T.);
#3828=EDGE_CURVE('',#4558,#4772,#5949,.T.);
#3829=EDGE_CURVE('',#4773,#4557,#5950,.T.);
#3830=EDGE_CURVE('',#4554,#4774,#5951,.T.);
#3831=EDGE_CURVE('',#4775,#4553,#5952,.T.);
#3832=EDGE_CURVE('',#4776,#4777,#5953,.T.);
#3833=EDGE_CURVE('',#4776,#4778,#5954,.T.);
#3834=EDGE_CURVE('',#4779,#4778,#5955,.T.);
#3835=EDGE_CURVE('',#4777,#4779,#5956,.T.);
#3836=EDGE_CURVE('',#4780,#4776,#5957,.T.);
#3837=EDGE_CURVE('',#4780,#4781,#5958,.T.);
#3838=EDGE_CURVE('',#4778,#4781,#5959,.T.);
#3839=EDGE_CURVE('',#4782,#4780,#5960,.T.);
#3840=EDGE_CURVE('',#4782,#4783,#5961,.T.);
#3841=EDGE_CURVE('',#4781,#4783,#5962,.T.);
#3842=EDGE_CURVE('',#4784,#4782,#52,.F.);
#3843=EDGE_CURVE('',#4784,#4785,#5963,.T.);
#3844=EDGE_CURVE('',#4783,#4785,#53,.T.);
#3845=EDGE_CURVE('',#4786,#4784,#5964,.T.);
#3846=EDGE_CURVE('',#4786,#4787,#5965,.T.);
#3847=EDGE_CURVE('',#4785,#4787,#5966,.T.);
#3848=EDGE_CURVE('',#4786,#4788,#5967,.T.);
#3849=EDGE_CURVE('',#4788,#4789,#5968,.T.);
#3850=EDGE_CURVE('',#4695,#4789,#5969,.T.);
#3851=EDGE_CURVE('',#4694,#4790,#5970,.T.);
#3852=EDGE_CURVE('',#4790,#4791,#5971,.T.);
#3853=EDGE_CURVE('',#4693,#4791,#5972,.T.);
#3854=EDGE_CURVE('',#4692,#4792,#5973,.T.);
#3855=EDGE_CURVE('',#4792,#4793,#5974,.T.);
#3856=EDGE_CURVE('',#4691,#4793,#5975,.T.);
#3857=EDGE_CURVE('',#4690,#4794,#5976,.T.);
#3858=EDGE_CURVE('',#4794,#4795,#5977,.T.);
#3859=EDGE_CURVE('',#4689,#4795,#5978,.T.);
#3860=EDGE_CURVE('',#4688,#4796,#5979,.T.);
#3861=EDGE_CURVE('',#4796,#4797,#5980,.T.);
#3862=EDGE_CURVE('',#4687,#4797,#5981,.T.);
#3863=EDGE_CURVE('',#4686,#4798,#5982,.T.);
#3864=EDGE_CURVE('',#4798,#4799,#5983,.T.);
#3865=EDGE_CURVE('',#4685,#4799,#5984,.T.);
#3866=EDGE_CURVE('',#4684,#4800,#5985,.T.);
#3867=EDGE_CURVE('',#4800,#4801,#5986,.T.);
#3868=EDGE_CURVE('',#4683,#4801,#5987,.T.);
#3869=EDGE_CURVE('',#4682,#4802,#5988,.T.);
#3870=EDGE_CURVE('',#4802,#4803,#5989,.T.);
#3871=EDGE_CURVE('',#4681,#4803,#5990,.T.);
#3872=EDGE_CURVE('',#4680,#4804,#5991,.T.);
#3873=EDGE_CURVE('',#4804,#4805,#5992,.T.);
#3874=EDGE_CURVE('',#4678,#4805,#5993,.T.);
#3875=EDGE_CURVE('',#4679,#4698,#5994,.T.);
#3876=EDGE_CURVE('',#4545,#4696,#5995,.T.);
#3877=EDGE_CURVE('',#4583,#4701,#5996,.T.);
#3878=EDGE_CURVE('',#4580,#4703,#5997,.T.);
#3879=EDGE_CURVE('',#4579,#4705,#5998,.T.);
#3880=EDGE_CURVE('',#4576,#4707,#5999,.T.);
#3881=EDGE_CURVE('',#4575,#4709,#6000,.T.);
#3882=EDGE_CURVE('',#4572,#4711,#6001,.T.);
#3883=EDGE_CURVE('',#4571,#4713,#6002,.T.);
#3884=EDGE_CURVE('',#4568,#4715,#6003,.T.);
#3885=EDGE_CURVE('',#4567,#4717,#6004,.T.);
#3886=EDGE_CURVE('',#4564,#4719,#6005,.T.);
#3887=EDGE_CURVE('',#4563,#4806,#6006,.T.);
#3888=EDGE_CURVE('',#4806,#4807,#6007,.T.);
#3889=EDGE_CURVE('',#4807,#4808,#6008,.T.);
#3890=EDGE_CURVE('',#4809,#4808,#6009,.T.);
#3891=EDGE_CURVE('',#4560,#4809,#6010,.T.);
#3892=EDGE_CURVE('',#4559,#4721,#6011,.T.);
#3893=EDGE_CURVE('',#4556,#4723,#6012,.T.);
#3894=EDGE_CURVE('',#4555,#4725,#6013,.T.);
#3895=EDGE_CURVE('',#4552,#4727,#6014,.T.);
#3896=EDGE_CURVE('',#4551,#4810,#6015,.T.);
#3897=EDGE_CURVE('',#4810,#4811,#6016,.T.);
#3898=EDGE_CURVE('',#4787,#4811,#6017,.T.);
#3899=EDGE_CURVE('',#4812,#4810,#6018,.T.);
#3900=EDGE_CURVE('',#4812,#4813,#6019,.T.);
#3901=EDGE_CURVE('',#4811,#4813,#6020,.T.);
#3902=EDGE_CURVE('',#4814,#4812,#54,.F.);
#3903=EDGE_CURVE('',#4814,#4815,#6021,.T.);
#3904=EDGE_CURVE('',#4813,#4815,#55,.T.);
#3905=EDGE_CURVE('',#4816,#4814,#6022,.T.);
#3906=EDGE_CURVE('',#4816,#4817,#6023,.T.);
#3907=EDGE_CURVE('',#4815,#4817,#6024,.T.);
#3908=EDGE_CURVE('',#4818,#4816,#6025,.T.);
#3909=EDGE_CURVE('',#4818,#4819,#6026,.T.);
#3910=EDGE_CURVE('',#4817,#4819,#6027,.T.);
#3911=EDGE_CURVE('',#4550,#4818,#6028,.T.);
#3912=EDGE_CURVE('',#4819,#4549,#6029,.T.);
#3913=EDGE_CURVE('',#4805,#4588,#6030,.T.);
#3914=EDGE_CURVE('',#4593,#4804,#6031,.T.);
#3915=EDGE_CURVE('',#4803,#4595,#6032,.T.);
#3916=EDGE_CURVE('',#4597,#4802,#6033,.T.);
#3917=EDGE_CURVE('',#4801,#4599,#6034,.T.);
#3918=EDGE_CURVE('',#4601,#4800,#6035,.T.);
#3919=EDGE_CURVE('',#4799,#4603,#6036,.T.);
#3920=EDGE_CURVE('',#4605,#4798,#6037,.T.);
#3921=EDGE_CURVE('',#4797,#4607,#6038,.T.);
#3922=EDGE_CURVE('',#4609,#4796,#6039,.T.);
#3923=EDGE_CURVE('',#4795,#4611,#6040,.T.);
#3924=EDGE_CURVE('',#4613,#4794,#6041,.T.);
#3925=EDGE_CURVE('',#4793,#4615,#6042,.T.);
#3926=EDGE_CURVE('',#4617,#4792,#6043,.T.);
#3927=EDGE_CURVE('',#4791,#4619,#6044,.T.);
#3928=EDGE_CURVE('',#4621,#4790,#6045,.T.);
#3929=EDGE_CURVE('',#4789,#4623,#6046,.T.);
#3930=EDGE_CURVE('',#4777,#4788,#6047,.T.);
#3931=EDGE_CURVE('',#4548,#4779,#6048,.T.);
#3932=EDGE_CURVE('',#4547,#4590,#6049,.T.);
#3933=EDGE_CURVE('',#4809,#4820,#6050,.T.);
#3934=EDGE_CURVE('',#4820,#4561,#6051,.T.);
#3935=EDGE_CURVE('',#4821,#4562,#6052,.T.);
#3936=EDGE_CURVE('',#4821,#4806,#6053,.T.);
#3937=EDGE_CURVE('',#4807,#4587,#6054,.T.);
#3938=EDGE_CURVE('',#4808,#4586,#6055,.T.);
#3939=EDGE_CURVE('',#4585,#4806,#6056,.T.);
#3940=EDGE_CURVE('',#4820,#4821,#6057,.T.);
#3941=EDGE_CURVE('',#4584,#4809,#6058,.T.);
#3942=EDGE_CURVE('',#4822,#4823,#6059,.T.);
#3943=EDGE_CURVE('',#4824,#4823,#6060,.T.);
#3944=EDGE_CURVE('',#4825,#4824,#6061,.T.);
#3945=EDGE_CURVE('',#4825,#4822,#6062,.T.);
#3946=EDGE_CURVE('',#4826,#4827,#6063,.T.);
#3947=EDGE_CURVE('',#4828,#4826,#6064,.T.);
#3948=EDGE_CURVE('',#4829,#4828,#6065,.T.);
#3949=EDGE_CURVE('',#4830,#4829,#6066,.T.);
#3950=EDGE_CURVE('',#4831,#4830,#6067,.T.);
#3951=EDGE_CURVE('',#4827,#4831,#6068,.T.);
#3952=EDGE_CURVE('',#4832,#4833,#6069,.T.);
#3953=EDGE_CURVE('',#4834,#4833,#6070,.T.);
#3954=EDGE_CURVE('',#4835,#4834,#6071,.T.);
#3955=EDGE_CURVE('',#4835,#4832,#6072,.T.);
#3956=EDGE_CURVE('',#4833,#4836,#6073,.T.);
#3957=EDGE_CURVE('',#4837,#4836,#6074,.T.);
#3958=EDGE_CURVE('',#4834,#4837,#6075,.T.);
#3959=EDGE_CURVE('',#4836,#4822,#6076,.T.);
#3960=EDGE_CURVE('',#4837,#4825,#6077,.T.);
#3961=EDGE_CURVE('',#4823,#4838,#56,.T.);
#3962=EDGE_CURVE('',#4839,#4838,#6078,.T.);
#3963=EDGE_CURVE('',#4824,#4839,#57,.T.);
#3964=EDGE_CURVE('',#4838,#4840,#6079,.T.);
#3965=EDGE_CURVE('',#4841,#4840,#6080,.T.);
#3966=EDGE_CURVE('',#4839,#4841,#6081,.T.);
#3967=EDGE_CURVE('',#4840,#4842,#58,.T.);
#3968=EDGE_CURVE('',#4843,#4842,#6082,.T.);
#3969=EDGE_CURVE('',#4841,#4843,#59,.T.);
#3970=EDGE_CURVE('',#4842,#4844,#6083,.T.);
#3971=EDGE_CURVE('',#4845,#4844,#6084,.T.);
#3972=EDGE_CURVE('',#4843,#4845,#6085,.T.);
#3973=EDGE_CURVE('',#4844,#4846,#6086,.T.);
#3974=EDGE_CURVE('',#4847,#4846,#6087,.T.);
#3975=EDGE_CURVE('',#4845,#4847,#6088,.T.);
#3976=EDGE_CURVE('',#4846,#4848,#6089,.T.);
#3977=EDGE_CURVE('',#4849,#4848,#6090,.T.);
#3978=EDGE_CURVE('',#4847,#4849,#6091,.T.);
#3979=EDGE_CURVE('',#4848,#4850,#6092,.T.);
#3980=EDGE_CURVE('',#4851,#4850,#6093,.T.);
#3981=EDGE_CURVE('',#4849,#4851,#6094,.T.);
#3982=EDGE_CURVE('',#4850,#4852,#6095,.T.);
#3983=EDGE_CURVE('',#4853,#4852,#6096,.T.);
#3984=EDGE_CURVE('',#4851,#4853,#6097,.T.);
#3985=EDGE_CURVE('',#4852,#4854,#6098,.T.);
#3986=EDGE_CURVE('',#4855,#4854,#6099,.T.);
#3987=EDGE_CURVE('',#4853,#4855,#6100,.T.);
#3988=EDGE_CURVE('',#4854,#4856,#6101,.T.);
#3989=EDGE_CURVE('',#4857,#4856,#6102,.T.);
#3990=EDGE_CURVE('',#4855,#4857,#6103,.T.);
#3991=EDGE_CURVE('',#4856,#4858,#60,.T.);
#3992=EDGE_CURVE('',#4859,#4858,#6104,.T.);
#3993=EDGE_CURVE('',#4857,#4859,#61,.T.);
#3994=EDGE_CURVE('',#4858,#4860,#6105,.T.);
#3995=EDGE_CURVE('',#4861,#4860,#6106,.T.);
#3996=EDGE_CURVE('',#4859,#4861,#6107,.T.);
#3997=EDGE_CURVE('',#4860,#4862,#62,.T.);
#3998=EDGE_CURVE('',#4863,#4862,#6108,.T.);
#3999=EDGE_CURVE('',#4861,#4863,#63,.T.);
#4000=EDGE_CURVE('',#4862,#4864,#6109,.T.);
#4001=EDGE_CURVE('',#4865,#4864,#6110,.T.);
#4002=EDGE_CURVE('',#4863,#4865,#6111,.T.);
#4003=EDGE_CURVE('',#4864,#4866,#6112,.T.);
#4004=EDGE_CURVE('',#4867,#4866,#6113,.T.);
#4005=EDGE_CURVE('',#4865,#4867,#6114,.T.);
#4006=EDGE_CURVE('',#4866,#4868,#6115,.T.);
#4007=EDGE_CURVE('',#4869,#4868,#6116,.T.);
#4008=EDGE_CURVE('',#4867,#4869,#6117,.T.);
#4009=EDGE_CURVE('',#4868,#4870,#6118,.T.);
#4010=EDGE_CURVE('',#4871,#4870,#6119,.T.);
#4011=EDGE_CURVE('',#4869,#4871,#6120,.T.);
#4012=EDGE_CURVE('',#4870,#4872,#6121,.T.);
#4013=EDGE_CURVE('',#4873,#4872,#6122,.T.);
#4014=EDGE_CURVE('',#4871,#4873,#6123,.T.);
#4015=EDGE_CURVE('',#4872,#4874,#6124,.T.);
#4016=EDGE_CURVE('',#4875,#4874,#6125,.T.);
#4017=EDGE_CURVE('',#4873,#4875,#6126,.T.);
#4018=EDGE_CURVE('',#4874,#4876,#6127,.T.);
#4019=EDGE_CURVE('',#4877,#4876,#6128,.T.);
#4020=EDGE_CURVE('',#4875,#4877,#6129,.T.);
#4021=EDGE_CURVE('',#4876,#4878,#64,.T.);
#4022=EDGE_CURVE('',#4879,#4878,#6130,.T.);
#4023=EDGE_CURVE('',#4877,#4879,#65,.T.);
#4024=EDGE_CURVE('',#4878,#4880,#6131,.T.);
#4025=EDGE_CURVE('',#4881,#4880,#6132,.T.);
#4026=EDGE_CURVE('',#4879,#4881,#6133,.T.);
#4027=EDGE_CURVE('',#4880,#4882,#66,.T.);
#4028=EDGE_CURVE('',#4883,#4882,#6134,.T.);
#4029=EDGE_CURVE('',#4881,#4883,#67,.T.);
#4030=EDGE_CURVE('',#4882,#4884,#6135,.T.);
#4031=EDGE_CURVE('',#4885,#4884,#6136,.T.);
#4032=EDGE_CURVE('',#4883,#4885,#6137,.T.);
#4033=EDGE_CURVE('',#4884,#4886,#6138,.T.);
#4034=EDGE_CURVE('',#4887,#4886,#6139,.T.);
#4035=EDGE_CURVE('',#4885,#4887,#6140,.T.);
#4036=EDGE_CURVE('',#4886,#4832,#6141,.T.);
#4037=EDGE_CURVE('',#4887,#4835,#6142,.T.);
#4038=EDGE_CURVE('',#4888,#4827,#6143,.T.);
#4039=EDGE_CURVE('',#4889,#4888,#6144,.T.);
#4040=EDGE_CURVE('',#4889,#4826,#6145,.T.);
#4041=EDGE_CURVE('',#4890,#4831,#6146,.T.);
#4042=EDGE_CURVE('',#4888,#4890,#6147,.T.);
#4043=EDGE_CURVE('',#4891,#4830,#6148,.T.);
#4044=EDGE_CURVE('',#4890,#4891,#6149,.T.);
#4045=EDGE_CURVE('',#4892,#4829,#6150,.T.);
#4046=EDGE_CURVE('',#4891,#4892,#6151,.T.);
#4047=EDGE_CURVE('',#4893,#4828,#6152,.T.);
#4048=EDGE_CURVE('',#4892,#4893,#6153,.T.);
#4049=EDGE_CURVE('',#4893,#4889,#6154,.T.);
#4050=VERTEX_POINT('',#12290);
#4051=VERTEX_POINT('',#12291);
#4052=VERTEX_POINT('',#12293);
#4053=VERTEX_POINT('',#12295);
#4054=VERTEX_POINT('',#12297);
#4055=VERTEX_POINT('',#12299);
#4056=VERTEX_POINT('',#12301);
#4057=VERTEX_POINT('',#12303);
#4058=VERTEX_POINT('',#12305);
#4059=VERTEX_POINT('',#12307);
#4060=VERTEX_POINT('',#12311);
#4061=VERTEX_POINT('',#12312);
#4062=VERTEX_POINT('',#12314);
#4063=VERTEX_POINT('',#12316);
#4064=VERTEX_POINT('',#12318);
#4065=VERTEX_POINT('',#12322);
#4066=VERTEX_POINT('',#12323);
#4067=VERTEX_POINT('',#12325);
#4068=VERTEX_POINT('',#12327);
#4069=VERTEX_POINT('',#12329);
#4070=VERTEX_POINT('',#12339);
#4071=VERTEX_POINT('',#12340);
#4072=VERTEX_POINT('',#12342);
#4073=VERTEX_POINT('',#12344);
#4074=VERTEX_POINT('',#12348);
#4075=VERTEX_POINT('',#12349);
#4076=VERTEX_POINT('',#12352);
#4077=VERTEX_POINT('',#12356);
#4078=VERTEX_POINT('',#12357);
#4079=VERTEX_POINT('',#12359);
#4080=VERTEX_POINT('',#12361);
#4081=VERTEX_POINT('',#12365);
#4082=VERTEX_POINT('',#12366);
#4083=VERTEX_POINT('',#12368);
#4084=VERTEX_POINT('',#12370);
#4085=VERTEX_POINT('',#12374);
#4086=VERTEX_POINT('',#12375);
#4087=VERTEX_POINT('',#12377);
#4088=VERTEX_POINT('',#12379);
#4089=VERTEX_POINT('',#12383);
#4090=VERTEX_POINT('',#12385);
#4091=VERTEX_POINT('',#12389);
#4092=VERTEX_POINT('',#12391);
#4093=VERTEX_POINT('',#12395);
#4094=VERTEX_POINT('',#12396);
#4095=VERTEX_POINT('',#12398);
#4096=VERTEX_POINT('',#12400);
#4097=VERTEX_POINT('',#12404);
#4098=VERTEX_POINT('',#12406);
#4099=VERTEX_POINT('',#12410);
#4100=VERTEX_POINT('',#12412);
#4101=VERTEX_POINT('',#12416);
#4102=VERTEX_POINT('',#12417);
#4103=VERTEX_POINT('',#12419);
#4104=VERTEX_POINT('',#12421);
#4105=VERTEX_POINT('',#12425);
#4106=VERTEX_POINT('',#12427);
#4107=VERTEX_POINT('',#12431);
#4108=VERTEX_POINT('',#12433);
#4109=VERTEX_POINT('',#12437);
#4110=VERTEX_POINT('',#12438);
#4111=VERTEX_POINT('',#12440);
#4112=VERTEX_POINT('',#12442);
#4113=VERTEX_POINT('',#12446);
#4114=VERTEX_POINT('',#12448);
#4115=VERTEX_POINT('',#12452);
#4116=VERTEX_POINT('',#12454);
#4117=VERTEX_POINT('',#12458);
#4118=VERTEX_POINT('',#12459);
#4119=VERTEX_POINT('',#12461);
#4120=VERTEX_POINT('',#12463);
#4121=VERTEX_POINT('',#12467);
#4122=VERTEX_POINT('',#12469);
#4123=VERTEX_POINT('',#12473);
#4124=VERTEX_POINT('',#12475);
#4125=VERTEX_POINT('',#12479);
#4126=VERTEX_POINT('',#12480);
#4127=VERTEX_POINT('',#12482);
#4128=VERTEX_POINT('',#12484);
#4129=VERTEX_POINT('',#12488);
#4130=VERTEX_POINT('',#12490);
#4131=VERTEX_POINT('',#12494);
#4132=VERTEX_POINT('',#12496);
#4133=VERTEX_POINT('',#12500);
#4134=VERTEX_POINT('',#12501);
#4135=VERTEX_POINT('',#12503);
#4136=VERTEX_POINT('',#12505);
#4137=VERTEX_POINT('',#12509);
#4138=VERTEX_POINT('',#12511);
#4139=VERTEX_POINT('',#12515);
#4140=VERTEX_POINT('',#12517);
#4141=VERTEX_POINT('',#12521);
#4142=VERTEX_POINT('',#12522);
#4143=VERTEX_POINT('',#12524);
#4144=VERTEX_POINT('',#12526);
#4145=VERTEX_POINT('',#12530);
#4146=VERTEX_POINT('',#12532);
#4147=VERTEX_POINT('',#12536);
#4148=VERTEX_POINT('',#12538);
#4149=VERTEX_POINT('',#12566);
#4150=VERTEX_POINT('',#12567);
#4151=VERTEX_POINT('',#12569);
#4152=VERTEX_POINT('',#12571);
#4153=VERTEX_POINT('',#12575);
#4154=VERTEX_POINT('',#12576);
#4155=VERTEX_POINT('',#12578);
#4156=VERTEX_POINT('',#12580);
#4157=VERTEX_POINT('',#12584);
#4158=VERTEX_POINT('',#12585);
#4159=VERTEX_POINT('',#12589);
#4160=VERTEX_POINT('',#12591);
#4161=VERTEX_POINT('',#12597);
#4162=VERTEX_POINT('',#12599);
#4163=VERTEX_POINT('',#12601);
#4164=VERTEX_POINT('',#12605);
#4165=VERTEX_POINT('',#12607);
#4166=VERTEX_POINT('',#12609);
#4167=VERTEX_POINT('',#12611);
#4168=VERTEX_POINT('',#12614);
#4169=VERTEX_POINT('',#12616);
#4170=VERTEX_POINT('',#12621);
#4171=VERTEX_POINT('',#12622);
#4172=VERTEX_POINT('',#12624);
#4173=VERTEX_POINT('',#12626);
#4174=VERTEX_POINT('',#12630);
#4175=VERTEX_POINT('',#12632);
#4176=VERTEX_POINT('',#12636);
#4177=VERTEX_POINT('',#12638);
#4178=VERTEX_POINT('',#12642);
#4179=VERTEX_POINT('',#12643);
#4180=VERTEX_POINT('',#12645);
#4181=VERTEX_POINT('',#12647);
#4182=VERTEX_POINT('',#12651);
#4183=VERTEX_POINT('',#12653);
#4184=VERTEX_POINT('',#12657);
#4185=VERTEX_POINT('',#12659);
#4186=VERTEX_POINT('',#12663);
#4187=VERTEX_POINT('',#12664);
#4188=VERTEX_POINT('',#12666);
#4189=VERTEX_POINT('',#12668);
#4190=VERTEX_POINT('',#12672);
#4191=VERTEX_POINT('',#12674);
#4192=VERTEX_POINT('',#12678);
#4193=VERTEX_POINT('',#12680);
#4194=VERTEX_POINT('',#12684);
#4195=VERTEX_POINT('',#12685);
#4196=VERTEX_POINT('',#12687);
#4197=VERTEX_POINT('',#12689);
#4198=VERTEX_POINT('',#12693);
#4199=VERTEX_POINT('',#12695);
#4200=VERTEX_POINT('',#12699);
#4201=VERTEX_POINT('',#12701);
#4202=VERTEX_POINT('',#12705);
#4203=VERTEX_POINT('',#12706);
#4204=VERTEX_POINT('',#12708);
#4205=VERTEX_POINT('',#12710);
#4206=VERTEX_POINT('',#12714);
#4207=VERTEX_POINT('',#12716);
#4208=VERTEX_POINT('',#12720);
#4209=VERTEX_POINT('',#12722);
#4210=VERTEX_POINT('',#12726);
#4211=VERTEX_POINT('',#12727);
#4212=VERTEX_POINT('',#12729);
#4213=VERTEX_POINT('',#12731);
#4214=VERTEX_POINT('',#12735);
#4215=VERTEX_POINT('',#12737);
#4216=VERTEX_POINT('',#12741);
#4217=VERTEX_POINT('',#12743);
#4218=VERTEX_POINT('',#12747);
#4219=VERTEX_POINT('',#12748);
#4220=VERTEX_POINT('',#12750);
#4221=VERTEX_POINT('',#12752);
#4222=VERTEX_POINT('',#12756);
#4223=VERTEX_POINT('',#12758);
#4224=VERTEX_POINT('',#12762);
#4225=VERTEX_POINT('',#12764);
#4226=VERTEX_POINT('',#12768);
#4227=VERTEX_POINT('',#12769);
#4228=VERTEX_POINT('',#12771);
#4229=VERTEX_POINT('',#12773);
#4230=VERTEX_POINT('',#12777);
#4231=VERTEX_POINT('',#12779);
#4232=VERTEX_POINT('',#12783);
#4233=VERTEX_POINT('',#12785);
#4234=VERTEX_POINT('',#12789);
#4235=VERTEX_POINT('',#12790);
#4236=VERTEX_POINT('',#12792);
#4237=VERTEX_POINT('',#12794);
#4238=VERTEX_POINT('',#12798);
#4239=VERTEX_POINT('',#12800);
#4240=VERTEX_POINT('',#12804);
#4241=VERTEX_POINT('',#12806);
#4242=VERTEX_POINT('',#12810);
#4243=VERTEX_POINT('',#12811);
#4244=VERTEX_POINT('',#12813);
#4245=VERTEX_POINT('',#12815);
#4246=VERTEX_POINT('',#12819);
#4247=VERTEX_POINT('',#12821);
#4248=VERTEX_POINT('',#12825);
#4249=VERTEX_POINT('',#12827);
#4250=VERTEX_POINT('',#12831);
#4251=VERTEX_POINT('',#12832);
#4252=VERTEX_POINT('',#12834);
#4253=VERTEX_POINT('',#12836);
#4254=VERTEX_POINT('',#12840);
#4255=VERTEX_POINT('',#12842);
#4256=VERTEX_POINT('',#12846);
#4257=VERTEX_POINT('',#12848);
#4258=VERTEX_POINT('',#12852);
#4259=VERTEX_POINT('',#12853);
#4260=VERTEX_POINT('',#12855);
#4261=VERTEX_POINT('',#12857);
#4262=VERTEX_POINT('',#12861);
#4263=VERTEX_POINT('',#12863);
#4264=VERTEX_POINT('',#12867);
#4265=VERTEX_POINT('',#12869);
#4266=VERTEX_POINT('',#12909);
#4267=VERTEX_POINT('',#12911);
#4268=VERTEX_POINT('',#12921);
#4269=VERTEX_POINT('',#12923);
#4270=VERTEX_POINT('',#12954);
#4271=VERTEX_POINT('',#12956);
#4272=VERTEX_POINT('',#12960);
#4273=VERTEX_POINT('',#12962);
#4274=VERTEX_POINT('',#12981);
#4275=VERTEX_POINT('',#12982);
#4276=VERTEX_POINT('',#12984);
#4277=VERTEX_POINT('',#12986);
#4278=VERTEX_POINT('',#12988);
#4279=VERTEX_POINT('',#12990);
#4280=VERTEX_POINT('',#12992);
#4281=VERTEX_POINT('',#12994);
#4282=VERTEX_POINT('',#12996);
#4283=VERTEX_POINT('',#12998);
#4284=VERTEX_POINT('',#13000);
#4285=VERTEX_POINT('',#13002);
#4286=VERTEX_POINT('',#13004);
#4287=VERTEX_POINT('',#13006);
#4288=VERTEX_POINT('',#13008);
#4289=VERTEX_POINT('',#13010);
#4290=VERTEX_POINT('',#13012);
#4291=VERTEX_POINT('',#13014);
#4292=VERTEX_POINT('',#13016);
#4293=VERTEX_POINT('',#13018);
#4294=VERTEX_POINT('',#13020);
#4295=VERTEX_POINT('',#13022);
#4296=VERTEX_POINT('',#13024);
#4297=VERTEX_POINT('',#13026);
#4298=VERTEX_POINT('',#13028);
#4299=VERTEX_POINT('',#13030);
#4300=VERTEX_POINT('',#13032);
#4301=VERTEX_POINT('',#13034);
#4302=VERTEX_POINT('',#13036);
#4303=VERTEX_POINT('',#13038);
#4304=VERTEX_POINT('',#13040);
#4305=VERTEX_POINT('',#13042);
#4306=VERTEX_POINT('',#13044);
#4307=VERTEX_POINT('',#13046);
#4308=VERTEX_POINT('',#13048);
#4309=VERTEX_POINT('',#13050);
#4310=VERTEX_POINT('',#13052);
#4311=VERTEX_POINT('',#13054);
#4312=VERTEX_POINT('',#13056);
#4313=VERTEX_POINT('',#13058);
#4314=VERTEX_POINT('',#13062);
#4315=VERTEX_POINT('',#13063);
#4316=VERTEX_POINT('',#13065);
#4317=VERTEX_POINT('',#13067);
#4318=VERTEX_POINT('',#13071);
#4319=VERTEX_POINT('',#13072);
#4320=VERTEX_POINT('',#13074);
#4321=VERTEX_POINT('',#13076);
#4322=VERTEX_POINT('',#13080);
#4323=VERTEX_POINT('',#13081);
#4324=VERTEX_POINT('',#13083);
#4325=VERTEX_POINT('',#13085);
#4326=VERTEX_POINT('',#13089);
#4327=VERTEX_POINT('',#13090);
#4328=VERTEX_POINT('',#13092);
#4329=VERTEX_POINT('',#13094);
#4330=VERTEX_POINT('',#13098);
#4331=VERTEX_POINT('',#13099);
#4332=VERTEX_POINT('',#13101);
#4333=VERTEX_POINT('',#13103);
#4334=VERTEX_POINT('',#13107);
#4335=VERTEX_POINT('',#13108);
#4336=VERTEX_POINT('',#13110);
#4337=VERTEX_POINT('',#13112);
#4338=VERTEX_POINT('',#13116);
#4339=VERTEX_POINT('',#13117);
#4340=VERTEX_POINT('',#13119);
#4341=VERTEX_POINT('',#13121);
#4342=VERTEX_POINT('',#13125);
#4343=VERTEX_POINT('',#13126);
#4344=VERTEX_POINT('',#13128);
#4345=VERTEX_POINT('',#13130);
#4346=VERTEX_POINT('',#13134);
#4347=VERTEX_POINT('',#13135);
#4348=VERTEX_POINT('',#13137);
#4349=VERTEX_POINT('',#13139);
#4350=VERTEX_POINT('',#13143);
#4351=VERTEX_POINT('',#13145);
#4352=VERTEX_POINT('',#13149);
#4353=VERTEX_POINT('',#13151);
#4354=VERTEX_POINT('',#13155);
#4355=VERTEX_POINT('',#13157);
#4356=VERTEX_POINT('',#13161);
#4357=VERTEX_POINT('',#13163);
#4358=VERTEX_POINT('',#13167);
#4359=VERTEX_POINT('',#13169);
#4360=VERTEX_POINT('',#13173);
#4361=VERTEX_POINT('',#13175);
#4362=VERTEX_POINT('',#13179);
#4363=VERTEX_POINT('',#13181);
#4364=VERTEX_POINT('',#13185);
#4365=VERTEX_POINT('',#13187);
#4366=VERTEX_POINT('',#13191);
#4367=VERTEX_POINT('',#13193);
#4368=VERTEX_POINT('',#13197);
#4369=VERTEX_POINT('',#13199);
#4370=VERTEX_POINT('',#13203);
#4371=VERTEX_POINT('',#13205);
#4372=VERTEX_POINT('',#13209);
#4373=VERTEX_POINT('',#13211);
#4374=VERTEX_POINT('',#13215);
#4375=VERTEX_POINT('',#13217);
#4376=VERTEX_POINT('',#13221);
#4377=VERTEX_POINT('',#13223);
#4378=VERTEX_POINT('',#13227);
#4379=VERTEX_POINT('',#13229);
#4380=VERTEX_POINT('',#13233);
#4381=VERTEX_POINT('',#13235);
#4382=VERTEX_POINT('',#13239);
#4383=VERTEX_POINT('',#13241);
#4384=VERTEX_POINT('',#13245);
#4385=VERTEX_POINT('',#13247);
#4386=VERTEX_POINT('',#13251);
#4387=VERTEX_POINT('',#13253);
#4388=VERTEX_POINT('',#13257);
#4389=VERTEX_POINT('',#13259);
#4390=VERTEX_POINT('',#13263);
#4391=VERTEX_POINT('',#13265);
#4392=VERTEX_POINT('',#13269);
#4393=VERTEX_POINT('',#13271);
#4394=VERTEX_POINT('',#13275);
#4395=VERTEX_POINT('',#13277);
#4396=VERTEX_POINT('',#13281);
#4397=VERTEX_POINT('',#13283);
#4398=VERTEX_POINT('',#13287);
#4399=VERTEX_POINT('',#13289);
#4400=VERTEX_POINT('',#13293);
#4401=VERTEX_POINT('',#13295);
#4402=VERTEX_POINT('',#13299);
#4403=VERTEX_POINT('',#13301);
#4404=VERTEX_POINT('',#13305);
#4405=VERTEX_POINT('',#13307);
#4406=VERTEX_POINT('',#13311);
#4407=VERTEX_POINT('',#13313);
#4408=VERTEX_POINT('',#13317);
#4409=VERTEX_POINT('',#13319);
#4410=VERTEX_POINT('',#13323);
#4411=VERTEX_POINT('',#13325);
#4412=VERTEX_POINT('',#13329);
#4413=VERTEX_POINT('',#13331);
#4414=VERTEX_POINT('',#13335);
#4415=VERTEX_POINT('',#13337);
#4416=VERTEX_POINT('',#13341);
#4417=VERTEX_POINT('',#13343);
#4418=VERTEX_POINT('',#13347);
#4419=VERTEX_POINT('',#13349);
#4420=VERTEX_POINT('',#13353);
#4421=VERTEX_POINT('',#13355);
#4422=VERTEX_POINT('',#13359);
#4423=VERTEX_POINT('',#13361);
#4424=VERTEX_POINT('',#13365);
#4425=VERTEX_POINT('',#13367);
#4426=VERTEX_POINT('',#13371);
#4427=VERTEX_POINT('',#13373);
#4428=VERTEX_POINT('',#13377);
#4429=VERTEX_POINT('',#13379);
#4430=VERTEX_POINT('',#13383);
#4431=VERTEX_POINT('',#13384);
#4432=VERTEX_POINT('',#13386);
#4433=VERTEX_POINT('',#13388);
#4434=VERTEX_POINT('',#13392);
#4435=VERTEX_POINT('',#13393);
#4436=VERTEX_POINT('',#13395);
#4437=VERTEX_POINT('',#13397);
#4438=VERTEX_POINT('',#13401);
#4439=VERTEX_POINT('',#13402);
#4440=VERTEX_POINT('',#13404);
#4441=VERTEX_POINT('',#13406);
#4442=VERTEX_POINT('',#13410);
#4443=VERTEX_POINT('',#13411);
#4444=VERTEX_POINT('',#13413);
#4445=VERTEX_POINT('',#13415);
#4446=VERTEX_POINT('',#13419);
#4447=VERTEX_POINT('',#13420);
#4448=VERTEX_POINT('',#13422);
#4449=VERTEX_POINT('',#13424);
#4450=VERTEX_POINT('',#13428);
#4451=VERTEX_POINT('',#13429);
#4452=VERTEX_POINT('',#13431);
#4453=VERTEX_POINT('',#13433);
#4454=VERTEX_POINT('',#13437);
#4455=VERTEX_POINT('',#13438);
#4456=VERTEX_POINT('',#13440);
#4457=VERTEX_POINT('',#13442);
#4458=VERTEX_POINT('',#13446);
#4459=VERTEX_POINT('',#13447);
#4460=VERTEX_POINT('',#13449);
#4461=VERTEX_POINT('',#13451);
#4462=VERTEX_POINT('',#13455);
#4463=VERTEX_POINT('',#13456);
#4464=VERTEX_POINT('',#13458);
#4465=VERTEX_POINT('',#13460);
#4466=VERTEX_POINT('',#13464);
#4467=VERTEX_POINT('',#13466);
#4468=VERTEX_POINT('',#13470);
#4469=VERTEX_POINT('',#13472);
#4470=VERTEX_POINT('',#13476);
#4471=VERTEX_POINT('',#13478);
#4472=VERTEX_POINT('',#13482);
#4473=VERTEX_POINT('',#13484);
#4474=VERTEX_POINT('',#13488);
#4475=VERTEX_POINT('',#13490);
#4476=VERTEX_POINT('',#13494);
#4477=VERTEX_POINT('',#13496);
#4478=VERTEX_POINT('',#13500);
#4479=VERTEX_POINT('',#13502);
#4480=VERTEX_POINT('',#13506);
#4481=VERTEX_POINT('',#13508);
#4482=VERTEX_POINT('',#13512);
#4483=VERTEX_POINT('',#13514);
#4484=VERTEX_POINT('',#13518);
#4485=VERTEX_POINT('',#13520);
#4486=VERTEX_POINT('',#13524);
#4487=VERTEX_POINT('',#13526);
#4488=VERTEX_POINT('',#13530);
#4489=VERTEX_POINT('',#13532);
#4490=VERTEX_POINT('',#13536);
#4491=VERTEX_POINT('',#13538);
#4492=VERTEX_POINT('',#13542);
#4493=VERTEX_POINT('',#13544);
#4494=VERTEX_POINT('',#13548);
#4495=VERTEX_POINT('',#13550);
#4496=VERTEX_POINT('',#13554);
#4497=VERTEX_POINT('',#13556);
#4498=VERTEX_POINT('',#13560);
#4499=VERTEX_POINT('',#13562);
#4500=VERTEX_POINT('',#13566);
#4501=VERTEX_POINT('',#13568);
#4502=VERTEX_POINT('',#13599);
#4503=VERTEX_POINT('',#13600);
#4504=VERTEX_POINT('',#13602);
#4505=VERTEX_POINT('',#13604);
#4506=VERTEX_POINT('',#13608);
#4507=VERTEX_POINT('',#13610);
#4508=VERTEX_POINT('',#13613);
#4509=VERTEX_POINT('',#13615);
#4510=VERTEX_POINT('',#13618);
#4511=VERTEX_POINT('',#13620);
#4512=VERTEX_POINT('',#13623);
#4513=VERTEX_POINT('',#13625);
#4514=VERTEX_POINT('',#13628);
#4515=VERTEX_POINT('',#13630);
#4516=VERTEX_POINT('',#13633);
#4517=VERTEX_POINT('',#13635);
#4518=VERTEX_POINT('',#13638);
#4519=VERTEX_POINT('',#13640);
#4520=VERTEX_POINT('',#13643);
#4521=VERTEX_POINT('',#13645);
#4522=VERTEX_POINT('',#13648);
#4523=VERTEX_POINT('',#13650);
#4524=VERTEX_POINT('',#13656);
#4525=VERTEX_POINT('',#13658);
#4526=VERTEX_POINT('',#13662);
#4527=VERTEX_POINT('',#13664);
#4528=VERTEX_POINT('',#13668);
#4529=VERTEX_POINT('',#13670);
#4530=VERTEX_POINT('',#13674);
#4531=VERTEX_POINT('',#13676);
#4532=VERTEX_POINT('',#13680);
#4533=VERTEX_POINT('',#13682);
#4534=VERTEX_POINT('',#13686);
#4535=VERTEX_POINT('',#13687);
#4536=VERTEX_POINT('',#13713);
#4537=VERTEX_POINT('',#13715);
#4538=VERTEX_POINT('',#13731);
#4539=VERTEX_POINT('',#13733);
#4540=VERTEX_POINT('',#13737);
#4541=VERTEX_POINT('',#13739);
#4542=VERTEX_POINT('',#13743);
#4543=VERTEX_POINT('',#13745);
#4544=VERTEX_POINT('',#13870);
#4545=VERTEX_POINT('',#13871);
#4546=VERTEX_POINT('',#13873);
#4547=VERTEX_POINT('',#13875);
#4548=VERTEX_POINT('',#13877);
#4549=VERTEX_POINT('',#13879);
#4550=VERTEX_POINT('',#13881);
#4551=VERTEX_POINT('',#13883);
#4552=VERTEX_POINT('',#13885);
#4553=VERTEX_POINT('',#13887);
#4554=VERTEX_POINT('',#13889);
#4555=VERTEX_POINT('',#13891);
#4556=VERTEX_POINT('',#13893);
#4557=VERTEX_POINT('',#13895);
#4558=VERTEX_POINT('',#13897);
#4559=VERTEX_POINT('',#13899);
#4560=VERTEX_POINT('',#13901);
#4561=VERTEX_POINT('',#13903);
#4562=VERTEX_POINT('',#13905);
#4563=VERTEX_POINT('',#13907);
#4564=VERTEX_POINT('',#13909);
#4565=VERTEX_POINT('',#13911);
#4566=VERTEX_POINT('',#13913);
#4567=VERTEX_POINT('',#13915);
#4568=VERTEX_POINT('',#13917);
#4569=VERTEX_POINT('',#13919);
#4570=VERTEX_POINT('',#13921);
#4571=VERTEX_POINT('',#13923);
#4572=VERTEX_POINT('',#13925);
#4573=VERTEX_POINT('',#13927);
#4574=VERTEX_POINT('',#13929);
#4575=VERTEX_POINT('',#13931);
#4576=VERTEX_POINT('',#13933);
#4577=VERTEX_POINT('',#13935);
#4578=VERTEX_POINT('',#13937);
#4579=VERTEX_POINT('',#13939);
#4580=VERTEX_POINT('',#13941);
#4581=VERTEX_POINT('',#13943);
#4582=VERTEX_POINT('',#13945);
#4583=VERTEX_POINT('',#13947);
#4584=VERTEX_POINT('',#13950);
#4585=VERTEX_POINT('',#13951);
#4586=VERTEX_POINT('',#13953);
#4587=VERTEX_POINT('',#13955);
#4588=VERTEX_POINT('',#13959);
#4589=VERTEX_POINT('',#13960);
#4590=VERTEX_POINT('',#13962);
#4591=VERTEX_POINT('',#13964);
#4592=VERTEX_POINT('',#13968);
#4593=VERTEX_POINT('',#13969);
#4594=VERTEX_POINT('',#13971);
#4595=VERTEX_POINT('',#13973);
#4596=VERTEX_POINT('',#13977);
#4597=VERTEX_POINT('',#13978);
#4598=VERTEX_POINT('',#13980);
#4599=VERTEX_POINT('',#13982);
#4600=VERTEX_POINT('',#13986);
#4601=VERTEX_POINT('',#13987);
#4602=VERTEX_POINT('',#13989);
#4603=VERTEX_POINT('',#13991);
#4604=VERTEX_POINT('',#13995);
#4605=VERTEX_POINT('',#13996);
#4606=VERTEX_POINT('',#13998);
#4607=VERTEX_POINT('',#14000);
#4608=VERTEX_POINT('',#14004);
#4609=VERTEX_POINT('',#14005);
#4610=VERTEX_POINT('',#14007);
#4611=VERTEX_POINT('',#14009);
#4612=VERTEX_POINT('',#14013);
#4613=VERTEX_POINT('',#14014);
#4614=VERTEX_POINT('',#14016);
#4615=VERTEX_POINT('',#14018);
#4616=VERTEX_POINT('',#14022);
#4617=VERTEX_POINT('',#14023);
#4618=VERTEX_POINT('',#14025);
#4619=VERTEX_POINT('',#14027);
#4620=VERTEX_POINT('',#14031);
#4621=VERTEX_POINT('',#14032);
#4622=VERTEX_POINT('',#14034);
#4623=VERTEX_POINT('',#14036);
#4624=VERTEX_POINT('',#14040);
#4625=VERTEX_POINT('',#14042);
#4626=VERTEX_POINT('',#14046);
#4627=VERTEX_POINT('',#14048);
#4628=VERTEX_POINT('',#14052);
#4629=VERTEX_POINT('',#14054);
#4630=VERTEX_POINT('',#14058);
#4631=VERTEX_POINT('',#14060);
#4632=VERTEX_POINT('',#14064);
#4633=VERTEX_POINT('',#14066);
#4634=VERTEX_POINT('',#14070);
#4635=VERTEX_POINT('',#14072);
#4636=VERTEX_POINT('',#14076);
#4637=VERTEX_POINT('',#14078);
#4638=VERTEX_POINT('',#14082);
#4639=VERTEX_POINT('',#14084);
#4640=VERTEX_POINT('',#14088);
#4641=VERTEX_POINT('',#14090);
#4642=VERTEX_POINT('',#14094);
#4643=VERTEX_POINT('',#14096);
#4644=VERTEX_POINT('',#14100);
#4645=VERTEX_POINT('',#14102);
#4646=VERTEX_POINT('',#14106);
#4647=VERTEX_POINT('',#14108);
#4648=VERTEX_POINT('',#14112);
#4649=VERTEX_POINT('',#14114);
#4650=VERTEX_POINT('',#14118);
#4651=VERTEX_POINT('',#14120);
#4652=VERTEX_POINT('',#14124);
#4653=VERTEX_POINT('',#14126);
#4654=VERTEX_POINT('',#14130);
#4655=VERTEX_POINT('',#14132);
#4656=VERTEX_POINT('',#14136);
#4657=VERTEX_POINT('',#14138);
#4658=VERTEX_POINT('',#14142);
#4659=VERTEX_POINT('',#14144);
#4660=VERTEX_POINT('',#14148);
#4661=VERTEX_POINT('',#14150);
#4662=VERTEX_POINT('',#14154);
#4663=VERTEX_POINT('',#14156);
#4664=VERTEX_POINT('',#14160);
#4665=VERTEX_POINT('',#14162);
#4666=VERTEX_POINT('',#14166);
#4667=VERTEX_POINT('',#14168);
#4668=VERTEX_POINT('',#14172);
#4669=VERTEX_POINT('',#14174);
#4670=VERTEX_POINT('',#14178);
#4671=VERTEX_POINT('',#14180);
#4672=VERTEX_POINT('',#14184);
#4673=VERTEX_POINT('',#14186);
#4674=VERTEX_POINT('',#14190);
#4675=VERTEX_POINT('',#14192);
#4676=VERTEX_POINT('',#14196);
#4677=VERTEX_POINT('',#14198);
#4678=VERTEX_POINT('',#14202);
#4679=VERTEX_POINT('',#14204);
#4680=VERTEX_POINT('',#14208);
#4681=VERTEX_POINT('',#14210);
#4682=VERTEX_POINT('',#14214);
#4683=VERTEX_POINT('',#14216);
#4684=VERTEX_POINT('',#14220);
#4685=VERTEX_POINT('',#14222);
#4686=VERTEX_POINT('',#14226);
#4687=VERTEX_POINT('',#14228);
#4688=VERTEX_POINT('',#14232);
#4689=VERTEX_POINT('',#14234);
#4690=VERTEX_POINT('',#14238);
#4691=VERTEX_POINT('',#14240);
#4692=VERTEX_POINT('',#14244);
#4693=VERTEX_POINT('',#14246);
#4694=VERTEX_POINT('',#14250);
#4695=VERTEX_POINT('',#14252);
#4696=VERTEX_POINT('',#14256);
#4697=VERTEX_POINT('',#14257);
#4698=VERTEX_POINT('',#14259);
#4699=VERTEX_POINT('',#14261);
#4700=VERTEX_POINT('',#14265);
#4701=VERTEX_POINT('',#14266);
#4702=VERTEX_POINT('',#14268);
#4703=VERTEX_POINT('',#14270);
#4704=VERTEX_POINT('',#14274);
#4705=VERTEX_POINT('',#14275);
#4706=VERTEX_POINT('',#14277);
#4707=VERTEX_POINT('',#14279);
#4708=VERTEX_POINT('',#14283);
#4709=VERTEX_POINT('',#14284);
#4710=VERTEX_POINT('',#14286);
#4711=VERTEX_POINT('',#14288);
#4712=VERTEX_POINT('',#14292);
#4713=VERTEX_POINT('',#14293);
#4714=VERTEX_POINT('',#14295);
#4715=VERTEX_POINT('',#14297);
#4716=VERTEX_POINT('',#14301);
#4717=VERTEX_POINT('',#14302);
#4718=VERTEX_POINT('',#14304);
#4719=VERTEX_POINT('',#14306);
#4720=VERTEX_POINT('',#14310);
#4721=VERTEX_POINT('',#14311);
#4722=VERTEX_POINT('',#14313);
#4723=VERTEX_POINT('',#14315);
#4724=VERTEX_POINT('',#14319);
#4725=VERTEX_POINT('',#14320);
#4726=VERTEX_POINT('',#14322);
#4727=VERTEX_POINT('',#14324);
#4728=VERTEX_POINT('',#14328);
#4729=VERTEX_POINT('',#14330);
#4730=VERTEX_POINT('',#14334);
#4731=VERTEX_POINT('',#14336);
#4732=VERTEX_POINT('',#14340);
#4733=VERTEX_POINT('',#14342);
#4734=VERTEX_POINT('',#14346);
#4735=VERTEX_POINT('',#14348);
#4736=VERTEX_POINT('',#14352);
#4737=VERTEX_POINT('',#14354);
#4738=VERTEX_POINT('',#14358);
#4739=VERTEX_POINT('',#14360);
#4740=VERTEX_POINT('',#14364);
#4741=VERTEX_POINT('',#14366);
#4742=VERTEX_POINT('',#14370);
#4743=VERTEX_POINT('',#14372);
#4744=VERTEX_POINT('',#14376);
#4745=VERTEX_POINT('',#14378);
#4746=VERTEX_POINT('',#14382);
#4747=VERTEX_POINT('',#14384);
#4748=VERTEX_POINT('',#14388);
#4749=VERTEX_POINT('',#14390);
#4750=VERTEX_POINT('',#14394);
#4751=VERTEX_POINT('',#14396);
#4752=VERTEX_POINT('',#14400);
#4753=VERTEX_POINT('',#14402);
#4754=VERTEX_POINT('',#14406);
#4755=VERTEX_POINT('',#14408);
#4756=VERTEX_POINT('',#14412);
#4757=VERTEX_POINT('',#14414);
#4758=VERTEX_POINT('',#14418);
#4759=VERTEX_POINT('',#14420);
#4760=VERTEX_POINT('',#14424);
#4761=VERTEX_POINT('',#14426);
#4762=VERTEX_POINT('',#14430);
#4763=VERTEX_POINT('',#14432);
#4764=VERTEX_POINT('',#14436);
#4765=VERTEX_POINT('',#14438);
#4766=VERTEX_POINT('',#14442);
#4767=VERTEX_POINT('',#14444);
#4768=VERTEX_POINT('',#14448);
#4769=VERTEX_POINT('',#14450);
#4770=VERTEX_POINT('',#14454);
#4771=VERTEX_POINT('',#14456);
#4772=VERTEX_POINT('',#14460);
#4773=VERTEX_POINT('',#14462);
#4774=VERTEX_POINT('',#14466);
#4775=VERTEX_POINT('',#14468);
#4776=VERTEX_POINT('',#14496);
#4777=VERTEX_POINT('',#14497);
#4778=VERTEX_POINT('',#14499);
#4779=VERTEX_POINT('',#14501);
#4780=VERTEX_POINT('',#14505);
#4781=VERTEX_POINT('',#14507);
#4782=VERTEX_POINT('',#14511);
#4783=VERTEX_POINT('',#14513);
#4784=VERTEX_POINT('',#14517);
#4785=VERTEX_POINT('',#14519);
#4786=VERTEX_POINT('',#14523);
#4787=VERTEX_POINT('',#14525);
#4788=VERTEX_POINT('',#14529);
#4789=VERTEX_POINT('',#14531);
#4790=VERTEX_POINT('',#14534);
#4791=VERTEX_POINT('',#14536);
#4792=VERTEX_POINT('',#14539);
#4793=VERTEX_POINT('',#14541);
#4794=VERTEX_POINT('',#14544);
#4795=VERTEX_POINT('',#14546);
#4796=VERTEX_POINT('',#14549);
#4797=VERTEX_POINT('',#14551);
#4798=VERTEX_POINT('',#14554);
#4799=VERTEX_POINT('',#14556);
#4800=VERTEX_POINT('',#14559);
#4801=VERTEX_POINT('',#14561);
#4802=VERTEX_POINT('',#14564);
#4803=VERTEX_POINT('',#14566);
#4804=VERTEX_POINT('',#14569);
#4805=VERTEX_POINT('',#14571);
#4806=VERTEX_POINT('',#14586);
#4807=VERTEX_POINT('',#14588);
#4808=VERTEX_POINT('',#14590);
#4809=VERTEX_POINT('',#14592);
#4810=VERTEX_POINT('',#14599);
#4811=VERTEX_POINT('',#14601);
#4812=VERTEX_POINT('',#14605);
#4813=VERTEX_POINT('',#14607);
#4814=VERTEX_POINT('',#14611);
#4815=VERTEX_POINT('',#14613);
#4816=VERTEX_POINT('',#14617);
#4817=VERTEX_POINT('',#14619);
#4818=VERTEX_POINT('',#14623);
#4819=VERTEX_POINT('',#14625);
#4820=VERTEX_POINT('',#14678);
#4821=VERTEX_POINT('',#14682);
#4822=VERTEX_POINT('',#14708);
#4823=VERTEX_POINT('',#14709);
#4824=VERTEX_POINT('',#14711);
#4825=VERTEX_POINT('',#14713);
#4826=VERTEX_POINT('',#14716);
#4827=VERTEX_POINT('',#14717);
#4828=VERTEX_POINT('',#14719);
#4829=VERTEX_POINT('',#14721);
#4830=VERTEX_POINT('',#14723);
#4831=VERTEX_POINT('',#14725);
#4832=VERTEX_POINT('',#14729);
#4833=VERTEX_POINT('',#14730);
#4834=VERTEX_POINT('',#14732);
#4835=VERTEX_POINT('',#14734);
#4836=VERTEX_POINT('',#14738);
#4837=VERTEX_POINT('',#14740);
#4838=VERTEX_POINT('',#14747);
#4839=VERTEX_POINT('',#14749);
#4840=VERTEX_POINT('',#14753);
#4841=VERTEX_POINT('',#14755);
#4842=VERTEX_POINT('',#14759);
#4843=VERTEX_POINT('',#14761);
#4844=VERTEX_POINT('',#14765);
#4845=VERTEX_POINT('',#14767);
#4846=VERTEX_POINT('',#14771);
#4847=VERTEX_POINT('',#14773);
#4848=VERTEX_POINT('',#14777);
#4849=VERTEX_POINT('',#14779);
#4850=VERTEX_POINT('',#14783);
#4851=VERTEX_POINT('',#14785);
#4852=VERTEX_POINT('',#14789);
#4853=VERTEX_POINT('',#14791);
#4854=VERTEX_POINT('',#14795);
#4855=VERTEX_POINT('',#14797);
#4856=VERTEX_POINT('',#14801);
#4857=VERTEX_POINT('',#14803);
#4858=VERTEX_POINT('',#14807);
#4859=VERTEX_POINT('',#14809);
#4860=VERTEX_POINT('',#14813);
#4861=VERTEX_POINT('',#14815);
#4862=VERTEX_POINT('',#14819);
#4863=VERTEX_POINT('',#14821);
#4864=VERTEX_POINT('',#14825);
#4865=VERTEX_POINT('',#14827);
#4866=VERTEX_POINT('',#14831);
#4867=VERTEX_POINT('',#14833);
#4868=VERTEX_POINT('',#14837);
#4869=VERTEX_POINT('',#14839);
#4870=VERTEX_POINT('',#14843);
#4871=VERTEX_POINT('',#14845);
#4872=VERTEX_POINT('',#14849);
#4873=VERTEX_POINT('',#14851);
#4874=VERTEX_POINT('',#14855);
#4875=VERTEX_POINT('',#14857);
#4876=VERTEX_POINT('',#14861);
#4877=VERTEX_POINT('',#14863);
#4878=VERTEX_POINT('',#14867);
#4879=VERTEX_POINT('',#14869);
#4880=VERTEX_POINT('',#14873);
#4881=VERTEX_POINT('',#14875);
#4882=VERTEX_POINT('',#14879);
#4883=VERTEX_POINT('',#14881);
#4884=VERTEX_POINT('',#14885);
#4885=VERTEX_POINT('',#14887);
#4886=VERTEX_POINT('',#14891);
#4887=VERTEX_POINT('',#14893);
#4888=VERTEX_POINT('',#14902);
#4889=VERTEX_POINT('',#14904);
#4890=VERTEX_POINT('',#14908);
#4891=VERTEX_POINT('',#14912);
#4892=VERTEX_POINT('',#14916);
#4893=VERTEX_POINT('',#14920);
#4894=LINE('',#12289,#6155);
#4895=LINE('',#12292,#6156);
#4896=LINE('',#12294,#6157);
#4897=LINE('',#12296,#6158);
#4898=LINE('',#12298,#6159);
#4899=LINE('',#12300,#6160);
#4900=LINE('',#12302,#6161);
#4901=LINE('',#12304,#6162);
#4902=LINE('',#12306,#6163);
#4903=LINE('',#12308,#6164);
#4904=LINE('',#12310,#6165);
#4905=LINE('',#12313,#6166);
#4906=LINE('',#12315,#6167);
#4907=LINE('',#12317,#6168);
#4908=LINE('',#12319,#6169);
#4909=LINE('',#12321,#6170);
#4910=LINE('',#12324,#6171);
#4911=LINE('',#12326,#6172);
#4912=LINE('',#12328,#6173);
#4913=LINE('',#12330,#6174);
#4914=LINE('',#12332,#6175);
#4915=LINE('',#12333,#6176);
#4916=LINE('',#12335,#6177);
#4917=LINE('',#12336,#6178);
#4918=LINE('',#12338,#6179);
#4919=LINE('',#12341,#6180);
#4920=LINE('',#12343,#6181);
#4921=LINE('',#12345,#6182);
#4922=LINE('',#12347,#6183);
#4923=LINE('',#12350,#6184);
#4924=LINE('',#12351,#6185);
#4925=LINE('',#12353,#6186);
#4926=LINE('',#12355,#6187);
#4927=LINE('',#12358,#6188);
#4928=LINE('',#12360,#6189);
#4929=LINE('',#12362,#6190);
#4930=LINE('',#12364,#6191);
#4931=LINE('',#12367,#6192);
#4932=LINE('',#12369,#6193);
#4933=LINE('',#12371,#6194);
#4934=LINE('',#12373,#6195);
#4935=LINE('',#12376,#6196);
#4936=LINE('',#12378,#6197);
#4937=LINE('',#12380,#6198);
#4938=LINE('',#12382,#6199);
#4939=LINE('',#12384,#6200);
#4940=LINE('',#12386,#6201);
#4941=LINE('',#12388,#6202);
#4942=LINE('',#12390,#6203);
#4943=LINE('',#12392,#6204);
#4944=LINE('',#12394,#6205);
#4945=LINE('',#12397,#6206);
#4946=LINE('',#12399,#6207);
#4947=LINE('',#12401,#6208);
#4948=LINE('',#12403,#6209);
#4949=LINE('',#12405,#6210);
#4950=LINE('',#12407,#6211);
#4951=LINE('',#12409,#6212);
#4952=LINE('',#12411,#6213);
#4953=LINE('',#12413,#6214);
#4954=LINE('',#12415,#6215);
#4955=LINE('',#12418,#6216);
#4956=LINE('',#12420,#6217);
#4957=LINE('',#12422,#6218);
#4958=LINE('',#12424,#6219);
#4959=LINE('',#12426,#6220);
#4960=LINE('',#12428,#6221);
#4961=LINE('',#12430,#6222);
#4962=LINE('',#12432,#6223);
#4963=LINE('',#12434,#6224);
#4964=LINE('',#12436,#6225);
#4965=LINE('',#12439,#6226);
#4966=LINE('',#12441,#6227);
#4967=LINE('',#12443,#6228);
#4968=LINE('',#12445,#6229);
#4969=LINE('',#12447,#6230);
#4970=LINE('',#12449,#6231);
#4971=LINE('',#12451,#6232);
#4972=LINE('',#12453,#6233);
#4973=LINE('',#12455,#6234);
#4974=LINE('',#12457,#6235);
#4975=LINE('',#12460,#6236);
#4976=LINE('',#12462,#6237);
#4977=LINE('',#12464,#6238);
#4978=LINE('',#12466,#6239);
#4979=LINE('',#12468,#6240);
#4980=LINE('',#12470,#6241);
#4981=LINE('',#12472,#6242);
#4982=LINE('',#12474,#6243);
#4983=LINE('',#12476,#6244);
#4984=LINE('',#12478,#6245);
#4985=LINE('',#12481,#6246);
#4986=LINE('',#12483,#6247);
#4987=LINE('',#12485,#6248);
#4988=LINE('',#12487,#6249);
#4989=LINE('',#12489,#6250);
#4990=LINE('',#12491,#6251);
#4991=LINE('',#12493,#6252);
#4992=LINE('',#12495,#6253);
#4993=LINE('',#12497,#6254);
#4994=LINE('',#12499,#6255);
#4995=LINE('',#12502,#6256);
#4996=LINE('',#12504,#6257);
#4997=LINE('',#12506,#6258);
#4998=LINE('',#12508,#6259);
#4999=LINE('',#12510,#6260);
#5000=LINE('',#12512,#6261);
#5001=LINE('',#12514,#6262);
#5002=LINE('',#12516,#6263);
#5003=LINE('',#12518,#6264);
#5004=LINE('',#12520,#6265);
#5005=LINE('',#12523,#6266);
#5006=LINE('',#12525,#6267);
#5007=LINE('',#12527,#6268);
#5008=LINE('',#12529,#6269);
#5009=LINE('',#12531,#6270);
#5010=LINE('',#12533,#6271);
#5011=LINE('',#12535,#6272);
#5012=LINE('',#12537,#6273);
#5013=LINE('',#12539,#6274);
#5014=LINE('',#12541,#6275);
#5015=LINE('',#12542,#6276);
#5016=LINE('',#12544,#6277);
#5017=LINE('',#12545,#6278);
#5018=LINE('',#12547,#6279);
#5019=LINE('',#12548,#6280);
#5020=LINE('',#12550,#6281);
#5021=LINE('',#12551,#6282);
#5022=LINE('',#12553,#6283);
#5023=LINE('',#12554,#6284);
#5024=LINE('',#12556,#6285);
#5025=LINE('',#12557,#6286);
#5026=LINE('',#12559,#6287);
#5027=LINE('',#12560,#6288);
#5028=LINE('',#12562,#6289);
#5029=LINE('',#12563,#6290);
#5030=LINE('',#12565,#6291);
#5031=LINE('',#12568,#6292);
#5032=LINE('',#12570,#6293);
#5033=LINE('',#12572,#6294);
#5034=LINE('',#12574,#6295);
#5035=LINE('',#12577,#6296);
#5036=LINE('',#12579,#6297);
#5037=LINE('',#12581,#6298);
#5038=LINE('',#12583,#6299);
#5039=LINE('',#12586,#6300);
#5040=LINE('',#12587,#6301);
#5041=LINE('',#12588,#6302);
#5042=LINE('',#12590,#6303);
#5043=LINE('',#12592,#6304);
#5044=LINE('',#12593,#6305);
#5045=LINE('',#12594,#6306);
#5046=LINE('',#12596,#6307);
#5047=LINE('',#12598,#6308);
#5048=LINE('',#12600,#6309);
#5049=LINE('',#12602,#6310);
#5050=LINE('',#12604,#6311);
#5051=LINE('',#12606,#6312);
#5052=LINE('',#12608,#6313);
#5053=LINE('',#12610,#6314);
#5054=LINE('',#12612,#6315);
#5055=LINE('',#12613,#6316);
#5056=LINE('',#12615,#6317);
#5057=LINE('',#12617,#6318);
#5058=LINE('',#12618,#6319);
#5059=LINE('',#12620,#6320);
#5060=LINE('',#12623,#6321);
#5061=LINE('',#12625,#6322);
#5062=LINE('',#12627,#6323);
#5063=LINE('',#12629,#6324);
#5064=LINE('',#12631,#6325);
#5065=LINE('',#12633,#6326);
#5066=LINE('',#12635,#6327);
#5067=LINE('',#12637,#6328);
#5068=LINE('',#12639,#6329);
#5069=LINE('',#12641,#6330);
#5070=LINE('',#12644,#6331);
#5071=LINE('',#12646,#6332);
#5072=LINE('',#12648,#6333);
#5073=LINE('',#12650,#6334);
#5074=LINE('',#12652,#6335);
#5075=LINE('',#12654,#6336);
#5076=LINE('',#12656,#6337);
#5077=LINE('',#12658,#6338);
#5078=LINE('',#12660,#6339);
#5079=LINE('',#12662,#6340);
#5080=LINE('',#12665,#6341);
#5081=LINE('',#12667,#6342);
#5082=LINE('',#12669,#6343);
#5083=LINE('',#12671,#6344);
#5084=LINE('',#12673,#6345);
#5085=LINE('',#12675,#6346);
#5086=LINE('',#12677,#6347);
#5087=LINE('',#12679,#6348);
#5088=LINE('',#12681,#6349);
#5089=LINE('',#12683,#6350);
#5090=LINE('',#12686,#6351);
#5091=LINE('',#12688,#6352);
#5092=LINE('',#12690,#6353);
#5093=LINE('',#12692,#6354);
#5094=LINE('',#12694,#6355);
#5095=LINE('',#12696,#6356);
#5096=LINE('',#12698,#6357);
#5097=LINE('',#12700,#6358);
#5098=LINE('',#12702,#6359);
#5099=LINE('',#12704,#6360);
#5100=LINE('',#12707,#6361);
#5101=LINE('',#12709,#6362);
#5102=LINE('',#12711,#6363);
#5103=LINE('',#12713,#6364);
#5104=LINE('',#12715,#6365);
#5105=LINE('',#12717,#6366);
#5106=LINE('',#12719,#6367);
#5107=LINE('',#12721,#6368);
#5108=LINE('',#12723,#6369);
#5109=LINE('',#12725,#6370);
#5110=LINE('',#12728,#6371);
#5111=LINE('',#12730,#6372);
#5112=LINE('',#12732,#6373);
#5113=LINE('',#12734,#6374);
#5114=LINE('',#12736,#6375);
#5115=LINE('',#12738,#6376);
#5116=LINE('',#12740,#6377);
#5117=LINE('',#12742,#6378);
#5118=LINE('',#12744,#6379);
#5119=LINE('',#12746,#6380);
#5120=LINE('',#12749,#6381);
#5121=LINE('',#12751,#6382);
#5122=LINE('',#12753,#6383);
#5123=LINE('',#12755,#6384);
#5124=LINE('',#12757,#6385);
#5125=LINE('',#12759,#6386);
#5126=LINE('',#12761,#6387);
#5127=LINE('',#12763,#6388);
#5128=LINE('',#12765,#6389);
#5129=LINE('',#12767,#6390);
#5130=LINE('',#12770,#6391);
#5131=LINE('',#12772,#6392);
#5132=LINE('',#12774,#6393);
#5133=LINE('',#12776,#6394);
#5134=LINE('',#12778,#6395);
#5135=LINE('',#12780,#6396);
#5136=LINE('',#12782,#6397);
#5137=LINE('',#12784,#6398);
#5138=LINE('',#12786,#6399);
#5139=LINE('',#12788,#6400);
#5140=LINE('',#12791,#6401);
#5141=LINE('',#12793,#6402);
#5142=LINE('',#12795,#6403);
#5143=LINE('',#12797,#6404);
#5144=LINE('',#12799,#6405);
#5145=LINE('',#12801,#6406);
#5146=LINE('',#12803,#6407);
#5147=LINE('',#12805,#6408);
#5148=LINE('',#12807,#6409);
#5149=LINE('',#12809,#6410);
#5150=LINE('',#12812,#6411);
#5151=LINE('',#12814,#6412);
#5152=LINE('',#12816,#6413);
#5153=LINE('',#12818,#6414);
#5154=LINE('',#12820,#6415);
#5155=LINE('',#12822,#6416);
#5156=LINE('',#12824,#6417);
#5157=LINE('',#12826,#6418);
#5158=LINE('',#12828,#6419);
#5159=LINE('',#12830,#6420);
#5160=LINE('',#12833,#6421);
#5161=LINE('',#12835,#6422);
#5162=LINE('',#12837,#6423);
#5163=LINE('',#12839,#6424);
#5164=LINE('',#12841,#6425);
#5165=LINE('',#12843,#6426);
#5166=LINE('',#12845,#6427);
#5167=LINE('',#12847,#6428);
#5168=LINE('',#12849,#6429);
#5169=LINE('',#12851,#6430);
#5170=LINE('',#12854,#6431);
#5171=LINE('',#12856,#6432);
#5172=LINE('',#12858,#6433);
#5173=LINE('',#12860,#6434);
#5174=LINE('',#12862,#6435);
#5175=LINE('',#12864,#6436);
#5176=LINE('',#12866,#6437);
#5177=LINE('',#12868,#6438);
#5178=LINE('',#12870,#6439);
#5179=LINE('',#12872,#6440);
#5180=LINE('',#12873,#6441);
#5181=LINE('',#12875,#6442);
#5182=LINE('',#12876,#6443);
#5183=LINE('',#12878,#6444);
#5184=LINE('',#12879,#6445);
#5185=LINE('',#12881,#6446);
#5186=LINE('',#12882,#6447);
#5187=LINE('',#12884,#6448);
#5188=LINE('',#12885,#6449);
#5189=LINE('',#12887,#6450);
#5190=LINE('',#12888,#6451);
#5191=LINE('',#12890,#6452);
#5192=LINE('',#12891,#6453);
#5193=LINE('',#12893,#6454);
#5194=LINE('',#12894,#6455);
#5195=LINE('',#12896,#6456);
#5196=LINE('',#12897,#6457);
#5197=LINE('',#12899,#6458);
#5198=LINE('',#12900,#6459);
#5199=LINE('',#12902,#6460);
#5200=LINE('',#12903,#6461);
#5201=LINE('',#12905,#6462);
#5202=LINE('',#12906,#6463);
#5203=LINE('',#12908,#6464);
#5204=LINE('',#12910,#6465);
#5205=LINE('',#12912,#6466);
#5206=LINE('',#12914,#6467);
#5207=LINE('',#12915,#6468);
#5208=LINE('',#12916,#6469);
#5209=LINE('',#12918,#6470);
#5210=LINE('',#12919,#6471);
#5211=LINE('',#12920,#6472);
#5212=LINE('',#12922,#6473);
#5213=LINE('',#12924,#6474);
#5214=LINE('',#12926,#6475);
#5215=LINE('',#12927,#6476);
#5216=LINE('',#12929,#6477);
#5217=LINE('',#12931,#6478);
#5218=LINE('',#12933,#6479);
#5219=LINE('',#12934,#6480);
#5220=LINE('',#12936,#6481);
#5221=LINE('',#12938,#6482);
#5222=LINE('',#12948,#6483);
#5223=LINE('',#12950,#6484);
#5224=LINE('',#12952,#6485);
#5225=LINE('',#12953,#6486);
#5226=LINE('',#12955,#6487);
#5227=LINE('',#12957,#6488);
#5228=LINE('',#12959,#6489);
#5229=LINE('',#12961,#6490);
#5230=LINE('',#12963,#6491);
#5231=LINE('',#12964,#6492);
#5232=LINE('',#12966,#6493);
#5233=LINE('',#12969,#6494);
#5234=LINE('',#12973,#6495);
#5235=LINE('',#12976,#6496);
#5236=LINE('',#12980,#6497);
#5237=LINE('',#12983,#6498);
#5238=LINE('',#12985,#6499);
#5239=LINE('',#12987,#6500);
#5240=LINE('',#12989,#6501);
#5241=LINE('',#12991,#6502);
#5242=LINE('',#12993,#6503);
#5243=LINE('',#12995,#6504);
#5244=LINE('',#12997,#6505);
#5245=LINE('',#12999,#6506);
#5246=LINE('',#13001,#6507);
#5247=LINE('',#13003,#6508);
#5248=LINE('',#13005,#6509);
#5249=LINE('',#13007,#6510);
#5250=LINE('',#13009,#6511);
#5251=LINE('',#13011,#6512);
#5252=LINE('',#13013,#6513);
#5253=LINE('',#13015,#6514);
#5254=LINE('',#13017,#6515);
#5255=LINE('',#13019,#6516);
#5256=LINE('',#13021,#6517);
#5257=LINE('',#13023,#6518);
#5258=LINE('',#13025,#6519);
#5259=LINE('',#13027,#6520);
#5260=LINE('',#13029,#6521);
#5261=LINE('',#13031,#6522);
#5262=LINE('',#13033,#6523);
#5263=LINE('',#13035,#6524);
#5264=LINE('',#13037,#6525);
#5265=LINE('',#13039,#6526);
#5266=LINE('',#13041,#6527);
#5267=LINE('',#13043,#6528);
#5268=LINE('',#13045,#6529);
#5269=LINE('',#13047,#6530);
#5270=LINE('',#13049,#6531);
#5271=LINE('',#13051,#6532);
#5272=LINE('',#13053,#6533);
#5273=LINE('',#13055,#6534);
#5274=LINE('',#13057,#6535);
#5275=LINE('',#13059,#6536);
#5276=LINE('',#13061,#6537);
#5277=LINE('',#13064,#6538);
#5278=LINE('',#13066,#6539);
#5279=LINE('',#13068,#6540);
#5280=LINE('',#13070,#6541);
#5281=LINE('',#13073,#6542);
#5282=LINE('',#13075,#6543);
#5283=LINE('',#13077,#6544);
#5284=LINE('',#13079,#6545);
#5285=LINE('',#13082,#6546);
#5286=LINE('',#13084,#6547);
#5287=LINE('',#13086,#6548);
#5288=LINE('',#13088,#6549);
#5289=LINE('',#13091,#6550);
#5290=LINE('',#13093,#6551);
#5291=LINE('',#13095,#6552);
#5292=LINE('',#13097,#6553);
#5293=LINE('',#13100,#6554);
#5294=LINE('',#13102,#6555);
#5295=LINE('',#13104,#6556);
#5296=LINE('',#13106,#6557);
#5297=LINE('',#13109,#6558);
#5298=LINE('',#13111,#6559);
#5299=LINE('',#13113,#6560);
#5300=LINE('',#13115,#6561);
#5301=LINE('',#13118,#6562);
#5302=LINE('',#13120,#6563);
#5303=LINE('',#13122,#6564);
#5304=LINE('',#13124,#6565);
#5305=LINE('',#13127,#6566);
#5306=LINE('',#13129,#6567);
#5307=LINE('',#13131,#6568);
#5308=LINE('',#13133,#6569);
#5309=LINE('',#13136,#6570);
#5310=LINE('',#13138,#6571);
#5311=LINE('',#13140,#6572);
#5312=LINE('',#13142,#6573);
#5313=LINE('',#13144,#6574);
#5314=LINE('',#13146,#6575);
#5315=LINE('',#13148,#6576);
#5316=LINE('',#13150,#6577);
#5317=LINE('',#13152,#6578);
#5318=LINE('',#13154,#6579);
#5319=LINE('',#13156,#6580);
#5320=LINE('',#13158,#6581);
#5321=LINE('',#13160,#6582);
#5322=LINE('',#13162,#6583);
#5323=LINE('',#13164,#6584);
#5324=LINE('',#13166,#6585);
#5325=LINE('',#13168,#6586);
#5326=LINE('',#13170,#6587);
#5327=LINE('',#13172,#6588);
#5328=LINE('',#13174,#6589);
#5329=LINE('',#13176,#6590);
#5330=LINE('',#13178,#6591);
#5331=LINE('',#13180,#6592);
#5332=LINE('',#13182,#6593);
#5333=LINE('',#13184,#6594);
#5334=LINE('',#13186,#6595);
#5335=LINE('',#13188,#6596);
#5336=LINE('',#13190,#6597);
#5337=LINE('',#13192,#6598);
#5338=LINE('',#13194,#6599);
#5339=LINE('',#13196,#6600);
#5340=LINE('',#13198,#6601);
#5341=LINE('',#13200,#6602);
#5342=LINE('',#13202,#6603);
#5343=LINE('',#13204,#6604);
#5344=LINE('',#13206,#6605);
#5345=LINE('',#13208,#6606);
#5346=LINE('',#13210,#6607);
#5347=LINE('',#13212,#6608);
#5348=LINE('',#13214,#6609);
#5349=LINE('',#13216,#6610);
#5350=LINE('',#13218,#6611);
#5351=LINE('',#13220,#6612);
#5352=LINE('',#13222,#6613);
#5353=LINE('',#13224,#6614);
#5354=LINE('',#13226,#6615);
#5355=LINE('',#13228,#6616);
#5356=LINE('',#13230,#6617);
#5357=LINE('',#13232,#6618);
#5358=LINE('',#13234,#6619);
#5359=LINE('',#13236,#6620);
#5360=LINE('',#13238,#6621);
#5361=LINE('',#13240,#6622);
#5362=LINE('',#13242,#6623);
#5363=LINE('',#13244,#6624);
#5364=LINE('',#13246,#6625);
#5365=LINE('',#13248,#6626);
#5366=LINE('',#13250,#6627);
#5367=LINE('',#13252,#6628);
#5368=LINE('',#13254,#6629);
#5369=LINE('',#13256,#6630);
#5370=LINE('',#13258,#6631);
#5371=LINE('',#13260,#6632);
#5372=LINE('',#13262,#6633);
#5373=LINE('',#13264,#6634);
#5374=LINE('',#13266,#6635);
#5375=LINE('',#13268,#6636);
#5376=LINE('',#13270,#6637);
#5377=LINE('',#13272,#6638);
#5378=LINE('',#13274,#6639);
#5379=LINE('',#13276,#6640);
#5380=LINE('',#13278,#6641);
#5381=LINE('',#13280,#6642);
#5382=LINE('',#13282,#6643);
#5383=LINE('',#13284,#6644);
#5384=LINE('',#13286,#6645);
#5385=LINE('',#13288,#6646);
#5386=LINE('',#13290,#6647);
#5387=LINE('',#13292,#6648);
#5388=LINE('',#13294,#6649);
#5389=LINE('',#13296,#6650);
#5390=LINE('',#13298,#6651);
#5391=LINE('',#13300,#6652);
#5392=LINE('',#13302,#6653);
#5393=LINE('',#13304,#6654);
#5394=LINE('',#13306,#6655);
#5395=LINE('',#13308,#6656);
#5396=LINE('',#13310,#6657);
#5397=LINE('',#13312,#6658);
#5398=LINE('',#13314,#6659);
#5399=LINE('',#13316,#6660);
#5400=LINE('',#13318,#6661);
#5401=LINE('',#13320,#6662);
#5402=LINE('',#13322,#6663);
#5403=LINE('',#13324,#6664);
#5404=LINE('',#13326,#6665);
#5405=LINE('',#13328,#6666);
#5406=LINE('',#13330,#6667);
#5407=LINE('',#13332,#6668);
#5408=LINE('',#13334,#6669);
#5409=LINE('',#13336,#6670);
#5410=LINE('',#13338,#6671);
#5411=LINE('',#13340,#6672);
#5412=LINE('',#13342,#6673);
#5413=LINE('',#13344,#6674);
#5414=LINE('',#13346,#6675);
#5415=LINE('',#13348,#6676);
#5416=LINE('',#13350,#6677);
#5417=LINE('',#13352,#6678);
#5418=LINE('',#13354,#6679);
#5419=LINE('',#13356,#6680);
#5420=LINE('',#13358,#6681);
#5421=LINE('',#13360,#6682);
#5422=LINE('',#13362,#6683);
#5423=LINE('',#13364,#6684);
#5424=LINE('',#13366,#6685);
#5425=LINE('',#13368,#6686);
#5426=LINE('',#13370,#6687);
#5427=LINE('',#13372,#6688);
#5428=LINE('',#13374,#6689);
#5429=LINE('',#13376,#6690);
#5430=LINE('',#13378,#6691);
#5431=LINE('',#13380,#6692);
#5432=LINE('',#13382,#6693);
#5433=LINE('',#13385,#6694);
#5434=LINE('',#13387,#6695);
#5435=LINE('',#13389,#6696);
#5436=LINE('',#13391,#6697);
#5437=LINE('',#13394,#6698);
#5438=LINE('',#13396,#6699);
#5439=LINE('',#13398,#6700);
#5440=LINE('',#13400,#6701);
#5441=LINE('',#13403,#6702);
#5442=LINE('',#13405,#6703);
#5443=LINE('',#13407,#6704);
#5444=LINE('',#13409,#6705);
#5445=LINE('',#13412,#6706);
#5446=LINE('',#13414,#6707);
#5447=LINE('',#13416,#6708);
#5448=LINE('',#13418,#6709);
#5449=LINE('',#13421,#6710);
#5450=LINE('',#13423,#6711);
#5451=LINE('',#13425,#6712);
#5452=LINE('',#13427,#6713);
#5453=LINE('',#13430,#6714);
#5454=LINE('',#13432,#6715);
#5455=LINE('',#13434,#6716);
#5456=LINE('',#13436,#6717);
#5457=LINE('',#13439,#6718);
#5458=LINE('',#13441,#6719);
#5459=LINE('',#13443,#6720);
#5460=LINE('',#13445,#6721);
#5461=LINE('',#13448,#6722);
#5462=LINE('',#13450,#6723);
#5463=LINE('',#13452,#6724);
#5464=LINE('',#13454,#6725);
#5465=LINE('',#13457,#6726);
#5466=LINE('',#13459,#6727);
#5467=LINE('',#13461,#6728);
#5468=LINE('',#13463,#6729);
#5469=LINE('',#13465,#6730);
#5470=LINE('',#13467,#6731);
#5471=LINE('',#13469,#6732);
#5472=LINE('',#13471,#6733);
#5473=LINE('',#13473,#6734);
#5474=LINE('',#13475,#6735);
#5475=LINE('',#13477,#6736);
#5476=LINE('',#13479,#6737);
#5477=LINE('',#13481,#6738);
#5478=LINE('',#13483,#6739);
#5479=LINE('',#13485,#6740);
#5480=LINE('',#13487,#6741);
#5481=LINE('',#13489,#6742);
#5482=LINE('',#13491,#6743);
#5483=LINE('',#13493,#6744);
#5484=LINE('',#13495,#6745);
#5485=LINE('',#13497,#6746);
#5486=LINE('',#13499,#6747);
#5487=LINE('',#13501,#6748);
#5488=LINE('',#13503,#6749);
#5489=LINE('',#13505,#6750);
#5490=LINE('',#13507,#6751);
#5491=LINE('',#13509,#6752);
#5492=LINE('',#13511,#6753);
#5493=LINE('',#13513,#6754);
#5494=LINE('',#13515,#6755);
#5495=LINE('',#13517,#6756);
#5496=LINE('',#13519,#6757);
#5497=LINE('',#13521,#6758);
#5498=LINE('',#13523,#6759);
#5499=LINE('',#13525,#6760);
#5500=LINE('',#13527,#6761);
#5501=LINE('',#13529,#6762);
#5502=LINE('',#13531,#6763);
#5503=LINE('',#13533,#6764);
#5504=LINE('',#13535,#6765);
#5505=LINE('',#13537,#6766);
#5506=LINE('',#13539,#6767);
#5507=LINE('',#13541,#6768);
#5508=LINE('',#13543,#6769);
#5509=LINE('',#13545,#6770);
#5510=LINE('',#13547,#6771);
#5511=LINE('',#13549,#6772);
#5512=LINE('',#13551,#6773);
#5513=LINE('',#13553,#6774);
#5514=LINE('',#13555,#6775);
#5515=LINE('',#13557,#6776);
#5516=LINE('',#13559,#6777);
#5517=LINE('',#13561,#6778);
#5518=LINE('',#13563,#6779);
#5519=LINE('',#13565,#6780);
#5520=LINE('',#13567,#6781);
#5521=LINE('',#13569,#6782);
#5522=LINE('',#13571,#6783);
#5523=LINE('',#13572,#6784);
#5524=LINE('',#13574,#6785);
#5525=LINE('',#13575,#6786);
#5526=LINE('',#13577,#6787);
#5527=LINE('',#13578,#6788);
#5528=LINE('',#13580,#6789);
#5529=LINE('',#13581,#6790);
#5530=LINE('',#13583,#6791);
#5531=LINE('',#13584,#6792);
#5532=LINE('',#13586,#6793);
#5533=LINE('',#13587,#6794);
#5534=LINE('',#13589,#6795);
#5535=LINE('',#13590,#6796);
#5536=LINE('',#13592,#6797);
#5537=LINE('',#13593,#6798);
#5538=LINE('',#13595,#6799);
#5539=LINE('',#13596,#6800);
#5540=LINE('',#13598,#6801);
#5541=LINE('',#13601,#6802);
#5542=LINE('',#13603,#6803);
#5543=LINE('',#13605,#6804);
#5544=LINE('',#13607,#6805);
#5545=LINE('',#13609,#6806);
#5546=LINE('',#13611,#6807);
#5547=LINE('',#13612,#6808);
#5548=LINE('',#13614,#6809);
#5549=LINE('',#13616,#6810);
#5550=LINE('',#13617,#6811);
#5551=LINE('',#13619,#6812);
#5552=LINE('',#13621,#6813);
#5553=LINE('',#13622,#6814);
#5554=LINE('',#13624,#6815);
#5555=LINE('',#13626,#6816);
#5556=LINE('',#13627,#6817);
#5557=LINE('',#13629,#6818);
#5558=LINE('',#13631,#6819);
#5559=LINE('',#13632,#6820);
#5560=LINE('',#13634,#6821);
#5561=LINE('',#13636,#6822);
#5562=LINE('',#13637,#6823);
#5563=LINE('',#13639,#6824);
#5564=LINE('',#13641,#6825);
#5565=LINE('',#13642,#6826);
#5566=LINE('',#13644,#6827);
#5567=LINE('',#13646,#6828);
#5568=LINE('',#13647,#6829);
#5569=LINE('',#13649,#6830);
#5570=LINE('',#13651,#6831);
#5571=LINE('',#13652,#6832);
#5572=LINE('',#13653,#6833);
#5573=LINE('',#13655,#6834);
#5574=LINE('',#13657,#6835);
#5575=LINE('',#13659,#6836);
#5576=LINE('',#13661,#6837);
#5577=LINE('',#13663,#6838);
#5578=LINE('',#13665,#6839);
#5579=LINE('',#13667,#6840);
#5580=LINE('',#13669,#6841);
#5581=LINE('',#13671,#6842);
#5582=LINE('',#13673,#6843);
#5583=LINE('',#13675,#6844);
#5584=LINE('',#13677,#6845);
#5585=LINE('',#13679,#6846);
#5586=LINE('',#13681,#6847);
#5587=LINE('',#13683,#6848);
#5588=LINE('',#13685,#6849);
#5589=LINE('',#13688,#6850);
#5590=LINE('',#13689,#6851);
#5591=LINE('',#13690,#6852);
#5592=LINE('',#13691,#6853);
#5593=LINE('',#13692,#6854);
#5594=LINE('',#13693,#6855);
#5595=LINE('',#13694,#6856);
#5596=LINE('',#13695,#6857);
#5597=LINE('',#13696,#6858);
#5598=LINE('',#13697,#6859);
#5599=LINE('',#13698,#6860);
#5600=LINE('',#13699,#6861);
#5601=LINE('',#13700,#6862);
#5602=LINE('',#13701,#6863);
#5603=LINE('',#13702,#6864);
#5604=LINE('',#13703,#6865);
#5605=LINE('',#13704,#6866);
#5606=LINE('',#13705,#6867);
#5607=LINE('',#13706,#6868);
#5608=LINE('',#13707,#6869);
#5609=LINE('',#13708,#6870);
#5610=LINE('',#13709,#6871);
#5611=LINE('',#13710,#6872);
#5612=LINE('',#13711,#6873);
#5613=LINE('',#13712,#6874);
#5614=LINE('',#13714,#6875);
#5615=LINE('',#13716,#6876);
#5616=LINE('',#13717,#6877);
#5617=LINE('',#13718,#6878);
#5618=LINE('',#13719,#6879);
#5619=LINE('',#13720,#6880);
#5620=LINE('',#13721,#6881);
#5621=LINE('',#13722,#6882);
#5622=LINE('',#13723,#6883);
#5623=LINE('',#13724,#6884);
#5624=LINE('',#13725,#6885);
#5625=LINE('',#13726,#6886);
#5626=LINE('',#13727,#6887);
#5627=LINE('',#13728,#6888);
#5628=LINE('',#13730,#6889);
#5629=LINE('',#13732,#6890);
#5630=LINE('',#13734,#6891);
#5631=LINE('',#13736,#6892);
#5632=LINE('',#13738,#6893);
#5633=LINE('',#13740,#6894);
#5634=LINE('',#13742,#6895);
#5635=LINE('',#13744,#6896);
#5636=LINE('',#13746,#6897);
#5637=LINE('',#13748,#6898);
#5638=LINE('',#13749,#6899);
#5639=LINE('',#13751,#6900);
#5640=LINE('',#13752,#6901);
#5641=LINE('',#13754,#6902);
#5642=LINE('',#13755,#6903);
#5643=LINE('',#13761,#6904);
#5644=LINE('',#13763,#6905);
#5645=LINE('',#13767,#6906);
#5646=LINE('',#13769,#6907);
#5647=LINE('',#13773,#6908);
#5648=LINE('',#13775,#6909);
#5649=LINE('',#13779,#6910);
#5650=LINE('',#13781,#6911);
#5651=LINE('',#13785,#6912);
#5652=LINE('',#13787,#6913);
#5653=LINE('',#13791,#6914);
#5654=LINE('',#13793,#6915);
#5655=LINE('',#13797,#6916);
#5656=LINE('',#13799,#6917);
#5657=LINE('',#13803,#6918);
#5658=LINE('',#13805,#6919);
#5659=LINE('',#13809,#6920);
#5660=LINE('',#13811,#6921);
#5661=LINE('',#13815,#6922);
#5662=LINE('',#13817,#6923);
#5663=LINE('',#13821,#6924);
#5664=LINE('',#13823,#6925);
#5665=LINE('',#13827,#6926);
#5666=LINE('',#13829,#6927);
#5667=LINE('',#13833,#6928);
#5668=LINE('',#13835,#6929);
#5669=LINE('',#13839,#6930);
#5670=LINE('',#13841,#6931);
#5671=LINE('',#13845,#6932);
#5672=LINE('',#13848,#6933);
#5673=LINE('',#13851,#6934);
#5674=LINE('',#13853,#6935);
#5675=LINE('',#13857,#6936);
#5676=LINE('',#13859,#6937);
#5677=LINE('',#13863,#6938);
#5678=LINE('',#13865,#6939);
#5679=LINE('',#13869,#6940);
#5680=LINE('',#13872,#6941);
#5681=LINE('',#13874,#6942);
#5682=LINE('',#13876,#6943);
#5683=LINE('',#13878,#6944);
#5684=LINE('',#13880,#6945);
#5685=LINE('',#13882,#6946);
#5686=LINE('',#13884,#6947);
#5687=LINE('',#13886,#6948);
#5688=LINE('',#13888,#6949);
#5689=LINE('',#13890,#6950);
#5690=LINE('',#13892,#6951);
#5691=LINE('',#13894,#6952);
#5692=LINE('',#13896,#6953);
#5693=LINE('',#13898,#6954);
#5694=LINE('',#13900,#6955);
#5695=LINE('',#13902,#6956);
#5696=LINE('',#13904,#6957);
#5697=LINE('',#13906,#6958);
#5698=LINE('',#13908,#6959);
#5699=LINE('',#13910,#6960);
#5700=LINE('',#13912,#6961);
#5701=LINE('',#13914,#6962);
#5702=LINE('',#13916,#6963);
#5703=LINE('',#13918,#6964);
#5704=LINE('',#13920,#6965);
#5705=LINE('',#13922,#6966);
#5706=LINE('',#13924,#6967);
#5707=LINE('',#13926,#6968);
#5708=LINE('',#13928,#6969);
#5709=LINE('',#13930,#6970);
#5710=LINE('',#13932,#6971);
#5711=LINE('',#13934,#6972);
#5712=LINE('',#13936,#6973);
#5713=LINE('',#13938,#6974);
#5714=LINE('',#13940,#6975);
#5715=LINE('',#13942,#6976);
#5716=LINE('',#13944,#6977);
#5717=LINE('',#13946,#6978);
#5718=LINE('',#13948,#6979);
#5719=LINE('',#13949,#6980);
#5720=LINE('',#13952,#6981);
#5721=LINE('',#13954,#6982);
#5722=LINE('',#13956,#6983);
#5723=LINE('',#13958,#6984);
#5724=LINE('',#13961,#6985);
#5725=LINE('',#13963,#6986);
#5726=LINE('',#13965,#6987);
#5727=LINE('',#13967,#6988);
#5728=LINE('',#13970,#6989);
#5729=LINE('',#13972,#6990);
#5730=LINE('',#13974,#6991);
#5731=LINE('',#13976,#6992);
#5732=LINE('',#13979,#6993);
#5733=LINE('',#13981,#6994);
#5734=LINE('',#13983,#6995);
#5735=LINE('',#13985,#6996);
#5736=LINE('',#13988,#6997);
#5737=LINE('',#13990,#6998);
#5738=LINE('',#13992,#6999);
#5739=LINE('',#13994,#7000);
#5740=LINE('',#13997,#7001);
#5741=LINE('',#13999,#7002);
#5742=LINE('',#14001,#7003);
#5743=LINE('',#14003,#7004);
#5744=LINE('',#14006,#7005);
#5745=LINE('',#14008,#7006);
#5746=LINE('',#14010,#7007);
#5747=LINE('',#14012,#7008);
#5748=LINE('',#14015,#7009);
#5749=LINE('',#14017,#7010);
#5750=LINE('',#14019,#7011);
#5751=LINE('',#14021,#7012);
#5752=LINE('',#14024,#7013);
#5753=LINE('',#14026,#7014);
#5754=LINE('',#14028,#7015);
#5755=LINE('',#14030,#7016);
#5756=LINE('',#14033,#7017);
#5757=LINE('',#14035,#7018);
#5758=LINE('',#14037,#7019);
#5759=LINE('',#14039,#7020);
#5760=LINE('',#14041,#7021);
#5761=LINE('',#14043,#7022);
#5762=LINE('',#14045,#7023);
#5763=LINE('',#14047,#7024);
#5764=LINE('',#14049,#7025);
#5765=LINE('',#14051,#7026);
#5766=LINE('',#14053,#7027);
#5767=LINE('',#14055,#7028);
#5768=LINE('',#14057,#7029);
#5769=LINE('',#14059,#7030);
#5770=LINE('',#14061,#7031);
#5771=LINE('',#14063,#7032);
#5772=LINE('',#14065,#7033);
#5773=LINE('',#14067,#7034);
#5774=LINE('',#14069,#7035);
#5775=LINE('',#14071,#7036);
#5776=LINE('',#14073,#7037);
#5777=LINE('',#14075,#7038);
#5778=LINE('',#14077,#7039);
#5779=LINE('',#14079,#7040);
#5780=LINE('',#14081,#7041);
#5781=LINE('',#14083,#7042);
#5782=LINE('',#14085,#7043);
#5783=LINE('',#14087,#7044);
#5784=LINE('',#14089,#7045);
#5785=LINE('',#14091,#7046);
#5786=LINE('',#14093,#7047);
#5787=LINE('',#14095,#7048);
#5788=LINE('',#14097,#7049);
#5789=LINE('',#14099,#7050);
#5790=LINE('',#14101,#7051);
#5791=LINE('',#14103,#7052);
#5792=LINE('',#14105,#7053);
#5793=LINE('',#14107,#7054);
#5794=LINE('',#14109,#7055);
#5795=LINE('',#14111,#7056);
#5796=LINE('',#14113,#7057);
#5797=LINE('',#14115,#7058);
#5798=LINE('',#14117,#7059);
#5799=LINE('',#14119,#7060);
#5800=LINE('',#14121,#7061);
#5801=LINE('',#14123,#7062);
#5802=LINE('',#14125,#7063);
#5803=LINE('',#14127,#7064);
#5804=LINE('',#14129,#7065);
#5805=LINE('',#14131,#7066);
#5806=LINE('',#14133,#7067);
#5807=LINE('',#14135,#7068);
#5808=LINE('',#14137,#7069);
#5809=LINE('',#14139,#7070);
#5810=LINE('',#14141,#7071);
#5811=LINE('',#14143,#7072);
#5812=LINE('',#14145,#7073);
#5813=LINE('',#14151,#7074);
#5814=LINE('',#14155,#7075);
#5815=LINE('',#14161,#7076);
#5816=LINE('',#14167,#7077);
#5817=LINE('',#14173,#7078);
#5818=LINE('',#14179,#7079);
#5819=LINE('',#14185,#7080);
#5820=LINE('',#14191,#7081);
#5821=LINE('',#14197,#7082);
#5822=LINE('',#14201,#7083);
#5823=LINE('',#14203,#7084);
#5824=LINE('',#14205,#7085);
#5825=LINE('',#14207,#7086);
#5826=LINE('',#14209,#7087);
#5827=LINE('',#14211,#7088);
#5828=LINE('',#14213,#7089);
#5829=LINE('',#14215,#7090);
#5830=LINE('',#14217,#7091);
#5831=LINE('',#14219,#7092);
#5832=LINE('',#14221,#7093);
#5833=LINE('',#14223,#7094);
#5834=LINE('',#14225,#7095);
#5835=LINE('',#14227,#7096);
#5836=LINE('',#14229,#7097);
#5837=LINE('',#14231,#7098);
#5838=LINE('',#14233,#7099);
#5839=LINE('',#14235,#7100);
#5840=LINE('',#14237,#7101);
#5841=LINE('',#14239,#7102);
#5842=LINE('',#14241,#7103);
#5843=LINE('',#14243,#7104);
#5844=LINE('',#14245,#7105);
#5845=LINE('',#14247,#7106);
#5846=LINE('',#14249,#7107);
#5847=LINE('',#14251,#7108);
#5848=LINE('',#14253,#7109);
#5849=LINE('',#14255,#7110);
#5850=LINE('',#14258,#7111);
#5851=LINE('',#14260,#7112);
#5852=LINE('',#14262,#7113);
#5853=LINE('',#14264,#7114);
#5854=LINE('',#14267,#7115);
#5855=LINE('',#14269,#7116);
#5856=LINE('',#14271,#7117);
#5857=LINE('',#14273,#7118);
#5858=LINE('',#14276,#7119);
#5859=LINE('',#14278,#7120);
#5860=LINE('',#14280,#7121);
#5861=LINE('',#14282,#7122);
#5862=LINE('',#14285,#7123);
#5863=LINE('',#14287,#7124);
#5864=LINE('',#14289,#7125);
#5865=LINE('',#14291,#7126);
#5866=LINE('',#14294,#7127);
#5867=LINE('',#14296,#7128);
#5868=LINE('',#14298,#7129);
#5869=LINE('',#14300,#7130);
#5870=LINE('',#14303,#7131);
#5871=LINE('',#14305,#7132);
#5872=LINE('',#14307,#7133);
#5873=LINE('',#14309,#7134);
#5874=LINE('',#14312,#7135);
#5875=LINE('',#14314,#7136);
#5876=LINE('',#14316,#7137);
#5877=LINE('',#14318,#7138);
#5878=LINE('',#14321,#7139);
#5879=LINE('',#14323,#7140);
#5880=LINE('',#14325,#7141);
#5881=LINE('',#14331,#7142);
#5882=LINE('',#14335,#7143);
#5883=LINE('',#14341,#7144);
#5884=LINE('',#14347,#7145);
#5885=LINE('',#14353,#7146);
#5886=LINE('',#14359,#7147);
#5887=LINE('',#14365,#7148);
#5888=LINE('',#14371,#7149);
#5889=LINE('',#14375,#7150);
#5890=LINE('',#14377,#7151);
#5891=LINE('',#14379,#7152);
#5892=LINE('',#14381,#7153);
#5893=LINE('',#14383,#7154);
#5894=LINE('',#14385,#7155);
#5895=LINE('',#14387,#7156);
#5896=LINE('',#14389,#7157);
#5897=LINE('',#14391,#7158);
#5898=LINE('',#14393,#7159);
#5899=LINE('',#14395,#7160);
#5900=LINE('',#14397,#7161);
#5901=LINE('',#14399,#7162);
#5902=LINE('',#14401,#7163);
#5903=LINE('',#14403,#7164);
#5904=LINE('',#14405,#7165);
#5905=LINE('',#14407,#7166);
#5906=LINE('',#14409,#7167);
#5907=LINE('',#14411,#7168);
#5908=LINE('',#14413,#7169);
#5909=LINE('',#14415,#7170);
#5910=LINE('',#14417,#7171);
#5911=LINE('',#14419,#7172);
#5912=LINE('',#14421,#7173);
#5913=LINE('',#14423,#7174);
#5914=LINE('',#14425,#7175);
#5915=LINE('',#14427,#7176);
#5916=LINE('',#14429,#7177);
#5917=LINE('',#14431,#7178);
#5918=LINE('',#14433,#7179);
#5919=LINE('',#14435,#7180);
#5920=LINE('',#14437,#7181);
#5921=LINE('',#14439,#7182);
#5922=LINE('',#14441,#7183);
#5923=LINE('',#14443,#7184);
#5924=LINE('',#14445,#7185);
#5925=LINE('',#14447,#7186);
#5926=LINE('',#14449,#7187);
#5927=LINE('',#14451,#7188);
#5928=LINE('',#14453,#7189);
#5929=LINE('',#14455,#7190);
#5930=LINE('',#14457,#7191);
#5931=LINE('',#14459,#7192);
#5932=LINE('',#14461,#7193);
#5933=LINE('',#14463,#7194);
#5934=LINE('',#14465,#7195);
#5935=LINE('',#14467,#7196);
#5936=LINE('',#14469,#7197);
#5937=LINE('',#14471,#7198);
#5938=LINE('',#14472,#7199);
#5939=LINE('',#14474,#7200);
#5940=LINE('',#14475,#7201);
#5941=LINE('',#14477,#7202);
#5942=LINE('',#14478,#7203);
#5943=LINE('',#14480,#7204);
#5944=LINE('',#14481,#7205);
#5945=LINE('',#14483,#7206);
#5946=LINE('',#14484,#7207);
#5947=LINE('',#14486,#7208);
#5948=LINE('',#14487,#7209);
#5949=LINE('',#14489,#7210);
#5950=LINE('',#14490,#7211);
#5951=LINE('',#14492,#7212);
#5952=LINE('',#14493,#7213);
#5953=LINE('',#14495,#7214);
#5954=LINE('',#14498,#7215);
#5955=LINE('',#14500,#7216);
#5956=LINE('',#14502,#7217);
#5957=LINE('',#14504,#7218);
#5958=LINE('',#14506,#7219);
#5959=LINE('',#14508,#7220);
#5960=LINE('',#14510,#7221);
#5961=LINE('',#14512,#7222);
#5962=LINE('',#14514,#7223);
#5963=LINE('',#14518,#7224);
#5964=LINE('',#14522,#7225);
#5965=LINE('',#14524,#7226);
#5966=LINE('',#14526,#7227);
#5967=LINE('',#14528,#7228);
#5968=LINE('',#14530,#7229);
#5969=LINE('',#14532,#7230);
#5970=LINE('',#14533,#7231);
#5971=LINE('',#14535,#7232);
#5972=LINE('',#14537,#7233);
#5973=LINE('',#14538,#7234);
#5974=LINE('',#14540,#7235);
#5975=LINE('',#14542,#7236);
#5976=LINE('',#14543,#7237);
#5977=LINE('',#14545,#7238);
#5978=LINE('',#14547,#7239);
#5979=LINE('',#14548,#7240);
#5980=LINE('',#14550,#7241);
#5981=LINE('',#14552,#7242);
#5982=LINE('',#14553,#7243);
#5983=LINE('',#14555,#7244);
#5984=LINE('',#14557,#7245);
#5985=LINE('',#14558,#7246);
#5986=LINE('',#14560,#7247);
#5987=LINE('',#14562,#7248);
#5988=LINE('',#14563,#7249);
#5989=LINE('',#14565,#7250);
#5990=LINE('',#14567,#7251);
#5991=LINE('',#14568,#7252);
#5992=LINE('',#14570,#7253);
#5993=LINE('',#14572,#7254);
#5994=LINE('',#14573,#7255);
#5995=LINE('',#14574,#7256);
#5996=LINE('',#14575,#7257);
#5997=LINE('',#14576,#7258);
#5998=LINE('',#14577,#7259);
#5999=LINE('',#14578,#7260);
#6000=LINE('',#14579,#7261);
#6001=LINE('',#14580,#7262);
#6002=LINE('',#14581,#7263);
#6003=LINE('',#14582,#7264);
#6004=LINE('',#14583,#7265);
#6005=LINE('',#14584,#7266);
#6006=LINE('',#14585,#7267);
#6007=LINE('',#14587,#7268);
#6008=LINE('',#14589,#7269);
#6009=LINE('',#14591,#7270);
#6010=LINE('',#14593,#7271);
#6011=LINE('',#14594,#7272);
#6012=LINE('',#14595,#7273);
#6013=LINE('',#14596,#7274);
#6014=LINE('',#14597,#7275);
#6015=LINE('',#14598,#7276);
#6016=LINE('',#14600,#7277);
#6017=LINE('',#14602,#7278);
#6018=LINE('',#14604,#7279);
#6019=LINE('',#14606,#7280);
#6020=LINE('',#14608,#7281);
#6021=LINE('',#14612,#7282);
#6022=LINE('',#14616,#7283);
#6023=LINE('',#14618,#7284);
#6024=LINE('',#14620,#7285);
#6025=LINE('',#14622,#7286);
#6026=LINE('',#14624,#7287);
#6027=LINE('',#14626,#7288);
#6028=LINE('',#14628,#7289);
#6029=LINE('',#14629,#7290);
#6030=LINE('',#14631,#7291);
#6031=LINE('',#14632,#7292);
#6032=LINE('',#14633,#7293);
#6033=LINE('',#14634,#7294);
#6034=LINE('',#14635,#7295);
#6035=LINE('',#14636,#7296);
#6036=LINE('',#14637,#7297);
#6037=LINE('',#14638,#7298);
#6038=LINE('',#14639,#7299);
#6039=LINE('',#14640,#7300);
#6040=LINE('',#14641,#7301);
#6041=LINE('',#14642,#7302);
#6042=LINE('',#14643,#7303);
#6043=LINE('',#14644,#7304);
#6044=LINE('',#14645,#7305);
#6045=LINE('',#14646,#7306);
#6046=LINE('',#14647,#7307);
#6047=LINE('',#14648,#7308);
#6048=LINE('',#14649,#7309);
#6049=LINE('',#14650,#7310);
#6050=LINE('',#14677,#7311);
#6051=LINE('',#14679,#7312);
#6052=LINE('',#14681,#7313);
#6053=LINE('',#14683,#7314);
#6054=LINE('',#14696,#7315);
#6055=LINE('',#14697,#7316);
#6056=LINE('',#14699,#7317);
#6057=LINE('',#14700,#7318);
#6058=LINE('',#14701,#7319);
#6059=LINE('',#14707,#7320);
#6060=LINE('',#14710,#7321);
#6061=LINE('',#14712,#7322);
#6062=LINE('',#14714,#7323);
#6063=LINE('',#14715,#7324);
#6064=LINE('',#14718,#7325);
#6065=LINE('',#14720,#7326);
#6066=LINE('',#14722,#7327);
#6067=LINE('',#14724,#7328);
#6068=LINE('',#14726,#7329);
#6069=LINE('',#14728,#7330);
#6070=LINE('',#14731,#7331);
#6071=LINE('',#14733,#7332);
#6072=LINE('',#14735,#7333);
#6073=LINE('',#14737,#7334);
#6074=LINE('',#14739,#7335);
#6075=LINE('',#14741,#7336);
#6076=LINE('',#14743,#7337);
#6077=LINE('',#14744,#7338);
#6078=LINE('',#14748,#7339);
#6079=LINE('',#14752,#7340);
#6080=LINE('',#14754,#7341);
#6081=LINE('',#14756,#7342);
#6082=LINE('',#14760,#7343);
#6083=LINE('',#14764,#7344);
#6084=LINE('',#14766,#7345);
#6085=LINE('',#14768,#7346);
#6086=LINE('',#14770,#7347);
#6087=LINE('',#14772,#7348);
#6088=LINE('',#14774,#7349);
#6089=LINE('',#14776,#7350);
#6090=LINE('',#14778,#7351);
#6091=LINE('',#14780,#7352);
#6092=LINE('',#14782,#7353);
#6093=LINE('',#14784,#7354);
#6094=LINE('',#14786,#7355);
#6095=LINE('',#14788,#7356);
#6096=LINE('',#14790,#7357);
#6097=LINE('',#14792,#7358);
#6098=LINE('',#14794,#7359);
#6099=LINE('',#14796,#7360);
#6100=LINE('',#14798,#7361);
#6101=LINE('',#14800,#7362);
#6102=LINE('',#14802,#7363);
#6103=LINE('',#14804,#7364);
#6104=LINE('',#14808,#7365);
#6105=LINE('',#14812,#7366);
#6106=LINE('',#14814,#7367);
#6107=LINE('',#14816,#7368);
#6108=LINE('',#14820,#7369);
#6109=LINE('',#14824,#7370);
#6110=LINE('',#14826,#7371);
#6111=LINE('',#14828,#7372);
#6112=LINE('',#14830,#7373);
#6113=LINE('',#14832,#7374);
#6114=LINE('',#14834,#7375);
#6115=LINE('',#14836,#7376);
#6116=LINE('',#14838,#7377);
#6117=LINE('',#14840,#7378);
#6118=LINE('',#14842,#7379);
#6119=LINE('',#14844,#7380);
#6120=LINE('',#14846,#7381);
#6121=LINE('',#14848,#7382);
#6122=LINE('',#14850,#7383);
#6123=LINE('',#14852,#7384);
#6124=LINE('',#14854,#7385);
#6125=LINE('',#14856,#7386);
#6126=LINE('',#14858,#7387);
#6127=LINE('',#14860,#7388);
#6128=LINE('',#14862,#7389);
#6129=LINE('',#14864,#7390);
#6130=LINE('',#14868,#7391);
#6131=LINE('',#14872,#7392);
#6132=LINE('',#14874,#7393);
#6133=LINE('',#14876,#7394);
#6134=LINE('',#14880,#7395);
#6135=LINE('',#14884,#7396);
#6136=LINE('',#14886,#7397);
#6137=LINE('',#14888,#7398);
#6138=LINE('',#14890,#7399);
#6139=LINE('',#14892,#7400);
#6140=LINE('',#14894,#7401);
#6141=LINE('',#14896,#7402);
#6142=LINE('',#14897,#7403);
#6143=LINE('',#14901,#7404);
#6144=LINE('',#14903,#7405);
#6145=LINE('',#14905,#7406);
#6146=LINE('',#14907,#7407);
#6147=LINE('',#14909,#7408);
#6148=LINE('',#14911,#7409);
#6149=LINE('',#14913,#7410);
#6150=LINE('',#14915,#7411);
#6151=LINE('',#14917,#7412);
#6152=LINE('',#14919,#7413);
#6153=LINE('',#14921,#7414);
#6154=LINE('',#14923,#7415);
#6155=VECTOR('',#9962,39.3700787401575);
#6156=VECTOR('',#9963,39.3700787401575);
#6157=VECTOR('',#9964,39.3700787401575);
#6158=VECTOR('',#9965,39.3700787401575);
#6159=VECTOR('',#9966,39.3700787401575);
#6160=VECTOR('',#9967,39.3700787401575);
#6161=VECTOR('',#9968,39.3700787401575);
#6162=VECTOR('',#9969,39.3700787401575);
#6163=VECTOR('',#9970,39.3700787401575);
#6164=VECTOR('',#9971,39.3700787401575);
#6165=VECTOR('',#9974,39.3700787401575);
#6166=VECTOR('',#9975,39.3700787401575);
#6167=VECTOR('',#9976,39.3700787401575);
#6168=VECTOR('',#9977,39.3700787401575);
#6169=VECTOR('',#9978,39.3700787401575);
#6170=VECTOR('',#9981,39.3700787401575);
#6171=VECTOR('',#9982,39.3700787401575);
#6172=VECTOR('',#9983,39.3700787401575);
#6173=VECTOR('',#9984,39.3700787401575);
#6174=VECTOR('',#9985,39.3700787401575);
#6175=VECTOR('',#9988,39.3700787401575);
#6176=VECTOR('',#9989,39.3700787401575);
#6177=VECTOR('',#9992,39.3700787401575);
#6178=VECTOR('',#9993,39.3700787401575);
#6179=VECTOR('',#9996,39.3700787401575);
#6180=VECTOR('',#9997,39.3700787401575);
#6181=VECTOR('',#9998,39.3700787401575);
#6182=VECTOR('',#9999,39.3700787401575);
#6183=VECTOR('',#10002,39.3700787401575);
#6184=VECTOR('',#10003,39.3700787401575);
#6185=VECTOR('',#10004,39.3700787401575);
#6186=VECTOR('',#10005,39.3700787401575);
#6187=VECTOR('',#10008,39.3700787401575);
#6188=VECTOR('',#10009,39.3700787401575);
#6189=VECTOR('',#10010,39.3700787401575);
#6190=VECTOR('',#10011,39.3700787401575);
#6191=VECTOR('',#10014,39.3700787401575);
#6192=VECTOR('',#10015,39.3700787401575);
#6193=VECTOR('',#10016,39.3700787401575);
#6194=VECTOR('',#10017,39.3700787401575);
#6195=VECTOR('',#10020,39.3700787401575);
#6196=VECTOR('',#10021,39.3700787401575);
#6197=VECTOR('',#10022,39.3700787401575);
#6198=VECTOR('',#10023,39.3700787401575);
#6199=VECTOR('',#10026,39.3700787401575);
#6200=VECTOR('',#10027,39.3700787401575);
#6201=VECTOR('',#10028,39.3700787401575);
#6202=VECTOR('',#10031,39.3700787401575);
#6203=VECTOR('',#10032,39.3700787401575);
#6204=VECTOR('',#10033,39.3700787401575);
#6205=VECTOR('',#10036,39.3700787401575);
#6206=VECTOR('',#10037,39.3700787401575);
#6207=VECTOR('',#10038,39.3700787401575);
#6208=VECTOR('',#10039,39.3700787401575);
#6209=VECTOR('',#10042,39.3700787401575);
#6210=VECTOR('',#10043,39.3700787401575);
#6211=VECTOR('',#10044,39.3700787401575);
#6212=VECTOR('',#10047,39.3700787401575);
#6213=VECTOR('',#10048,39.3700787401575);
#6214=VECTOR('',#10049,39.3700787401575);
#6215=VECTOR('',#10052,39.3700787401575);
#6216=VECTOR('',#10053,39.3700787401575);
#6217=VECTOR('',#10054,39.3700787401575);
#6218=VECTOR('',#10055,39.3700787401575);
#6219=VECTOR('',#10058,39.3700787401575);
#6220=VECTOR('',#10059,39.3700787401575);
#6221=VECTOR('',#10060,39.3700787401575);
#6222=VECTOR('',#10063,39.3700787401575);
#6223=VECTOR('',#10064,39.3700787401575);
#6224=VECTOR('',#10065,39.3700787401575);
#6225=VECTOR('',#10068,39.3700787401575);
#6226=VECTOR('',#10069,39.3700787401575);
#6227=VECTOR('',#10070,39.3700787401575);
#6228=VECTOR('',#10071,39.3700787401575);
#6229=VECTOR('',#10074,39.3700787401575);
#6230=VECTOR('',#10075,39.3700787401575);
#6231=VECTOR('',#10076,39.3700787401575);
#6232=VECTOR('',#10079,39.3700787401575);
#6233=VECTOR('',#10080,39.3700787401575);
#6234=VECTOR('',#10081,39.3700787401575);
#6235=VECTOR('',#10084,39.3700787401575);
#6236=VECTOR('',#10085,39.3700787401575);
#6237=VECTOR('',#10086,39.3700787401575);
#6238=VECTOR('',#10087,39.3700787401575);
#6239=VECTOR('',#10090,39.3700787401575);
#6240=VECTOR('',#10091,39.3700787401575);
#6241=VECTOR('',#10092,39.3700787401575);
#6242=VECTOR('',#10095,39.3700787401575);
#6243=VECTOR('',#10096,39.3700787401575);
#6244=VECTOR('',#10097,39.3700787401575);
#6245=VECTOR('',#10100,39.3700787401575);
#6246=VECTOR('',#10101,39.3700787401575);
#6247=VECTOR('',#10102,39.3700787401575);
#6248=VECTOR('',#10103,39.3700787401575);
#6249=VECTOR('',#10106,39.3700787401575);
#6250=VECTOR('',#10107,39.3700787401575);
#6251=VECTOR('',#10108,39.3700787401575);
#6252=VECTOR('',#10111,39.3700787401575);
#6253=VECTOR('',#10112,39.3700787401575);
#6254=VECTOR('',#10113,39.3700787401575);
#6255=VECTOR('',#10116,39.3700787401575);
#6256=VECTOR('',#10117,39.3700787401575);
#6257=VECTOR('',#10118,39.3700787401575);
#6258=VECTOR('',#10119,39.3700787401575);
#6259=VECTOR('',#10122,39.3700787401575);
#6260=VECTOR('',#10123,39.3700787401575);
#6261=VECTOR('',#10124,39.3700787401575);
#6262=VECTOR('',#10127,39.3700787401575);
#6263=VECTOR('',#10128,39.3700787401575);
#6264=VECTOR('',#10129,39.3700787401575);
#6265=VECTOR('',#10132,39.3700787401575);
#6266=VECTOR('',#10133,39.3700787401575);
#6267=VECTOR('',#10134,39.3700787401575);
#6268=VECTOR('',#10135,39.3700787401575);
#6269=VECTOR('',#10138,39.3700787401575);
#6270=VECTOR('',#10139,39.3700787401575);
#6271=VECTOR('',#10140,39.3700787401575);
#6272=VECTOR('',#10143,39.3700787401575);
#6273=VECTOR('',#10144,39.3700787401575);
#6274=VECTOR('',#10145,39.3700787401575);
#6275=VECTOR('',#10148,39.3700787401575);
#6276=VECTOR('',#10149,39.3700787401575);
#6277=VECTOR('',#10152,39.3700787401575);
#6278=VECTOR('',#10153,39.3700787401575);
#6279=VECTOR('',#10156,39.3700787401575);
#6280=VECTOR('',#10157,39.3700787401575);
#6281=VECTOR('',#10160,39.3700787401575);
#6282=VECTOR('',#10161,39.3700787401575);
#6283=VECTOR('',#10164,39.3700787401575);
#6284=VECTOR('',#10165,39.3700787401575);
#6285=VECTOR('',#10168,39.3700787401575);
#6286=VECTOR('',#10169,39.3700787401575);
#6287=VECTOR('',#10172,39.3700787401575);
#6288=VECTOR('',#10173,39.3700787401575);
#6289=VECTOR('',#10176,39.3700787401575);
#6290=VECTOR('',#10177,39.3700787401575);
#6291=VECTOR('',#10180,39.3700787401575);
#6292=VECTOR('',#10181,39.3700787401575);
#6293=VECTOR('',#10182,39.3700787401575);
#6294=VECTOR('',#10183,39.3700787401575);
#6295=VECTOR('',#10186,39.3700787401575);
#6296=VECTOR('',#10187,39.3700787401575);
#6297=VECTOR('',#10188,39.3700787401575);
#6298=VECTOR('',#10189,39.3700787401575);
#6299=VECTOR('',#10192,39.3700787401575);
#6300=VECTOR('',#10193,39.3700787401575);
#6301=VECTOR('',#10194,39.3700787401575);
#6302=VECTOR('',#10195,39.3700787401575);
#6303=VECTOR('',#10196,39.3700787401575);
#6304=VECTOR('',#10197,39.3700787401575);
#6305=VECTOR('',#10198,39.3700787401575);
#6306=VECTOR('',#10199,39.3700787401575);
#6307=VECTOR('',#10202,39.3700787401575);
#6308=VECTOR('',#10203,39.3700787401575);
#6309=VECTOR('',#10204,39.3700787401575);
#6310=VECTOR('',#10205,39.3700787401575);
#6311=VECTOR('',#10208,39.3700787401575);
#6312=VECTOR('',#10209,39.3700787401575);
#6313=VECTOR('',#10210,39.3700787401575);
#6314=VECTOR('',#10211,39.3700787401575);
#6315=VECTOR('',#10212,39.3700787401575);
#6316=VECTOR('',#10213,39.3700787401575);
#6317=VECTOR('',#10214,39.3700787401575);
#6318=VECTOR('',#10215,39.3700787401575);
#6319=VECTOR('',#10216,39.3700787401575);
#6320=VECTOR('',#10219,39.3700787401575);
#6321=VECTOR('',#10220,39.3700787401575);
#6322=VECTOR('',#10221,39.3700787401575);
#6323=VECTOR('',#10222,39.3700787401575);
#6324=VECTOR('',#10225,39.3700787401575);
#6325=VECTOR('',#10226,39.3700787401575);
#6326=VECTOR('',#10227,39.3700787401575);
#6327=VECTOR('',#10230,39.3700787401575);
#6328=VECTOR('',#10231,39.3700787401575);
#6329=VECTOR('',#10232,39.3700787401575);
#6330=VECTOR('',#10235,39.3700787401575);
#6331=VECTOR('',#10236,39.3700787401575);
#6332=VECTOR('',#10237,39.3700787401575);
#6333=VECTOR('',#10238,39.3700787401575);
#6334=VECTOR('',#10241,39.3700787401575);
#6335=VECTOR('',#10242,39.3700787401575);
#6336=VECTOR('',#10243,39.3700787401575);
#6337=VECTOR('',#10246,39.3700787401575);
#6338=VECTOR('',#10247,39.3700787401575);
#6339=VECTOR('',#10248,39.3700787401575);
#6340=VECTOR('',#10251,39.3700787401575);
#6341=VECTOR('',#10252,39.3700787401575);
#6342=VECTOR('',#10253,39.3700787401575);
#6343=VECTOR('',#10254,39.3700787401575);
#6344=VECTOR('',#10257,39.3700787401575);
#6345=VECTOR('',#10258,39.3700787401575);
#6346=VECTOR('',#10259,39.3700787401575);
#6347=VECTOR('',#10262,39.3700787401575);
#6348=VECTOR('',#10263,39.3700787401575);
#6349=VECTOR('',#10264,39.3700787401575);
#6350=VECTOR('',#10267,39.3700787401575);
#6351=VECTOR('',#10268,39.3700787401575);
#6352=VECTOR('',#10269,39.3700787401575);
#6353=VECTOR('',#10270,39.3700787401575);
#6354=VECTOR('',#10273,39.3700787401575);
#6355=VECTOR('',#10274,39.3700787401575);
#6356=VECTOR('',#10275,39.3700787401575);
#6357=VECTOR('',#10278,39.3700787401575);
#6358=VECTOR('',#10279,39.3700787401575);
#6359=VECTOR('',#10280,39.3700787401575);
#6360=VECTOR('',#10283,39.3700787401575);
#6361=VECTOR('',#10284,39.3700787401575);
#6362=VECTOR('',#10285,39.3700787401575);
#6363=VECTOR('',#10286,39.3700787401575);
#6364=VECTOR('',#10289,39.3700787401575);
#6365=VECTOR('',#10290,39.3700787401575);
#6366=VECTOR('',#10291,39.3700787401575);
#6367=VECTOR('',#10294,39.3700787401575);
#6368=VECTOR('',#10295,39.3700787401575);
#6369=VECTOR('',#10296,39.3700787401575);
#6370=VECTOR('',#10299,39.3700787401575);
#6371=VECTOR('',#10300,39.3700787401575);
#6372=VECTOR('',#10301,39.3700787401575);
#6373=VECTOR('',#10302,39.3700787401575);
#6374=VECTOR('',#10305,39.3700787401575);
#6375=VECTOR('',#10306,39.3700787401575);
#6376=VECTOR('',#10307,39.3700787401575);
#6377=VECTOR('',#10310,39.3700787401575);
#6378=VECTOR('',#10311,39.3700787401575);
#6379=VECTOR('',#10312,39.3700787401575);
#6380=VECTOR('',#10315,39.3700787401575);
#6381=VECTOR('',#10316,39.3700787401575);
#6382=VECTOR('',#10317,39.3700787401575);
#6383=VECTOR('',#10318,39.3700787401575);
#6384=VECTOR('',#10321,39.3700787401575);
#6385=VECTOR('',#10322,39.3700787401575);
#6386=VECTOR('',#10323,39.3700787401575);
#6387=VECTOR('',#10326,39.3700787401575);
#6388=VECTOR('',#10327,39.3700787401575);
#6389=VECTOR('',#10328,39.3700787401575);
#6390=VECTOR('',#10331,39.3700787401575);
#6391=VECTOR('',#10332,39.3700787401575);
#6392=VECTOR('',#10333,39.3700787401575);
#6393=VECTOR('',#10334,39.3700787401575);
#6394=VECTOR('',#10337,39.3700787401575);
#6395=VECTOR('',#10338,39.3700787401575);
#6396=VECTOR('',#10339,39.3700787401575);
#6397=VECTOR('',#10342,39.3700787401575);
#6398=VECTOR('',#10343,39.3700787401575);
#6399=VECTOR('',#10344,39.3700787401575);
#6400=VECTOR('',#10347,39.3700787401575);
#6401=VECTOR('',#10348,39.3700787401575);
#6402=VECTOR('',#10349,39.3700787401575);
#6403=VECTOR('',#10350,39.3700787401575);
#6404=VECTOR('',#10353,39.3700787401575);
#6405=VECTOR('',#10354,39.3700787401575);
#6406=VECTOR('',#10355,39.3700787401575);
#6407=VECTOR('',#10358,39.3700787401575);
#6408=VECTOR('',#10359,39.3700787401575);
#6409=VECTOR('',#10360,39.3700787401575);
#6410=VECTOR('',#10363,39.3700787401575);
#6411=VECTOR('',#10364,39.3700787401575);
#6412=VECTOR('',#10365,39.3700787401575);
#6413=VECTOR('',#10366,39.3700787401575);
#6414=VECTOR('',#10369,39.3700787401575);
#6415=VECTOR('',#10370,39.3700787401575);
#6416=VECTOR('',#10371,39.3700787401575);
#6417=VECTOR('',#10374,39.3700787401575);
#6418=VECTOR('',#10375,39.3700787401575);
#6419=VECTOR('',#10376,39.3700787401575);
#6420=VECTOR('',#10379,39.3700787401575);
#6421=VECTOR('',#10380,39.3700787401575);
#6422=VECTOR('',#10381,39.3700787401575);
#6423=VECTOR('',#10382,39.3700787401575);
#6424=VECTOR('',#10385,39.3700787401575);
#6425=VECTOR('',#10386,39.3700787401575);
#6426=VECTOR('',#10387,39.3700787401575);
#6427=VECTOR('',#10390,39.3700787401575);
#6428=VECTOR('',#10391,39.3700787401575);
#6429=VECTOR('',#10392,39.3700787401575);
#6430=VECTOR('',#10395,39.3700787401575);
#6431=VECTOR('',#10396,39.3700787401575);
#6432=VECTOR('',#10397,39.3700787401575);
#6433=VECTOR('',#10398,39.3700787401575);
#6434=VECTOR('',#10401,39.3700787401575);
#6435=VECTOR('',#10402,39.3700787401575);
#6436=VECTOR('',#10403,39.3700787401575);
#6437=VECTOR('',#10406,39.3700787401575);
#6438=VECTOR('',#10407,39.3700787401575);
#6439=VECTOR('',#10408,39.3700787401575);
#6440=VECTOR('',#10411,39.3700787401575);
#6441=VECTOR('',#10412,39.3700787401575);
#6442=VECTOR('',#10415,39.3700787401575);
#6443=VECTOR('',#10416,39.3700787401575);
#6444=VECTOR('',#10419,39.3700787401575);
#6445=VECTOR('',#10420,39.3700787401575);
#6446=VECTOR('',#10423,39.3700787401575);
#6447=VECTOR('',#10424,39.3700787401575);
#6448=VECTOR('',#10427,39.3700787401575);
#6449=VECTOR('',#10428,39.3700787401575);
#6450=VECTOR('',#10431,39.3700787401575);
#6451=VECTOR('',#10432,39.3700787401575);
#6452=VECTOR('',#10435,39.3700787401575);
#6453=VECTOR('',#10436,39.3700787401575);
#6454=VECTOR('',#10439,39.3700787401575);
#6455=VECTOR('',#10440,39.3700787401575);
#6456=VECTOR('',#10443,39.3700787401575);
#6457=VECTOR('',#10444,39.3700787401575);
#6458=VECTOR('',#10447,39.3700787401575);
#6459=VECTOR('',#10448,39.3700787401575);
#6460=VECTOR('',#10451,39.3700787401575);
#6461=VECTOR('',#10452,39.3700787401575);
#6462=VECTOR('',#10455,39.3700787401575);
#6463=VECTOR('',#10456,39.3700787401575);
#6464=VECTOR('',#10459,39.3700787401575);
#6465=VECTOR('',#10460,39.3700787401575);
#6466=VECTOR('',#10461,39.3700787401575);
#6467=VECTOR('',#10464,39.3700787401575);
#6468=VECTOR('',#10465,39.3700787401575);
#6469=VECTOR('',#10466,39.3700787401575);
#6470=VECTOR('',#10469,39.3700787401575);
#6471=VECTOR('',#10470,39.3700787401575);
#6472=VECTOR('',#10471,39.3700787401575);
#6473=VECTOR('',#10472,39.3700787401575);
#6474=VECTOR('',#10473,39.3700787401575);
#6475=VECTOR('',#10476,39.3700787401575);
#6476=VECTOR('',#10477,39.3700787401575);
#6477=VECTOR('',#10480,39.3700787401575);
#6478=VECTOR('',#10483,39.3700787401575);
#6479=VECTOR('',#10486,39.3700787401575);
#6480=VECTOR('',#10487,39.3700787401575);
#6481=VECTOR('',#10490,39.3700787401575);
#6482=VECTOR('',#10493,39.3700787401575);
#6483=VECTOR('',#10512,39.3700787401575);
#6484=VECTOR('',#10515,39.3700787401575);
#6485=VECTOR('',#10518,39.3700787401575);
#6486=VECTOR('',#10519,39.3700787401575);
#6487=VECTOR('',#10520,39.3700787401575);
#6488=VECTOR('',#10521,39.3700787401575);
#6489=VECTOR('',#10524,39.3700787401575);
#6490=VECTOR('',#10525,39.3700787401575);
#6491=VECTOR('',#10526,39.3700787401575);
#6492=VECTOR('',#10527,39.3700787401575);
#6493=VECTOR('',#10530,39.3700787401575);
#6494=VECTOR('',#10535,39.3700787401575);
#6495=VECTOR('',#10542,39.3700787401575);
#6496=VECTOR('',#10547,39.3700787401575);
#6497=VECTOR('',#10554,39.3700787401575);
#6498=VECTOR('',#10555,39.3700787401575);
#6499=VECTOR('',#10556,39.3700787401575);
#6500=VECTOR('',#10557,39.3700787401575);
#6501=VECTOR('',#10558,39.3700787401575);
#6502=VECTOR('',#10559,39.3700787401575);
#6503=VECTOR('',#10560,39.3700787401575);
#6504=VECTOR('',#10561,39.3700787401575);
#6505=VECTOR('',#10562,39.3700787401575);
#6506=VECTOR('',#10563,39.3700787401575);
#6507=VECTOR('',#10564,39.3700787401575);
#6508=VECTOR('',#10565,39.3700787401575);
#6509=VECTOR('',#10566,39.3700787401575);
#6510=VECTOR('',#10567,39.3700787401575);
#6511=VECTOR('',#10568,39.3700787401575);
#6512=VECTOR('',#10569,39.3700787401575);
#6513=VECTOR('',#10570,39.3700787401575);
#6514=VECTOR('',#10571,39.3700787401575);
#6515=VECTOR('',#10572,39.3700787401575);
#6516=VECTOR('',#10573,39.3700787401575);
#6517=VECTOR('',#10574,39.3700787401575);
#6518=VECTOR('',#10575,39.3700787401575);
#6519=VECTOR('',#10576,39.3700787401575);
#6520=VECTOR('',#10577,39.3700787401575);
#6521=VECTOR('',#10578,39.3700787401575);
#6522=VECTOR('',#10579,39.3700787401575);
#6523=VECTOR('',#10580,39.3700787401575);
#6524=VECTOR('',#10581,39.3700787401575);
#6525=VECTOR('',#10582,39.3700787401575);
#6526=VECTOR('',#10583,39.3700787401575);
#6527=VECTOR('',#10584,39.3700787401575);
#6528=VECTOR('',#10585,39.3700787401575);
#6529=VECTOR('',#10586,39.3700787401575);
#6530=VECTOR('',#10587,39.3700787401575);
#6531=VECTOR('',#10588,39.3700787401575);
#6532=VECTOR('',#10589,39.3700787401575);
#6533=VECTOR('',#10590,39.3700787401575);
#6534=VECTOR('',#10591,39.3700787401575);
#6535=VECTOR('',#10592,39.3700787401575);
#6536=VECTOR('',#10593,39.3700787401575);
#6537=VECTOR('',#10596,39.3700787401575);
#6538=VECTOR('',#10597,39.3700787401575);
#6539=VECTOR('',#10598,39.3700787401575);
#6540=VECTOR('',#10599,39.3700787401575);
#6541=VECTOR('',#10602,39.3700787401575);
#6542=VECTOR('',#10603,39.3700787401575);
#6543=VECTOR('',#10604,39.3700787401575);
#6544=VECTOR('',#10605,39.3700787401575);
#6545=VECTOR('',#10608,39.3700787401575);
#6546=VECTOR('',#10609,39.3700787401575);
#6547=VECTOR('',#10610,39.3700787401575);
#6548=VECTOR('',#10611,39.3700787401575);
#6549=VECTOR('',#10614,39.3700787401575);
#6550=VECTOR('',#10615,39.3700787401575);
#6551=VECTOR('',#10616,39.3700787401575);
#6552=VECTOR('',#10617,39.3700787401575);
#6553=VECTOR('',#10620,39.3700787401575);
#6554=VECTOR('',#10621,39.3700787401575);
#6555=VECTOR('',#10622,39.3700787401575);
#6556=VECTOR('',#10623,39.3700787401575);
#6557=VECTOR('',#10626,39.3700787401575);
#6558=VECTOR('',#10627,39.3700787401575);
#6559=VECTOR('',#10628,39.3700787401575);
#6560=VECTOR('',#10629,39.3700787401575);
#6561=VECTOR('',#10632,39.3700787401575);
#6562=VECTOR('',#10633,39.3700787401575);
#6563=VECTOR('',#10634,39.3700787401575);
#6564=VECTOR('',#10635,39.3700787401575);
#6565=VECTOR('',#10638,39.3700787401575);
#6566=VECTOR('',#10639,39.3700787401575);
#6567=VECTOR('',#10640,39.3700787401575);
#6568=VECTOR('',#10641,39.3700787401575);
#6569=VECTOR('',#10644,39.3700787401575);
#6570=VECTOR('',#10645,39.3700787401575);
#6571=VECTOR('',#10646,39.3700787401575);
#6572=VECTOR('',#10647,39.3700787401575);
#6573=VECTOR('',#10650,39.3700787401575);
#6574=VECTOR('',#10651,39.3700787401575);
#6575=VECTOR('',#10652,39.3700787401575);
#6576=VECTOR('',#10655,39.3700787401575);
#6577=VECTOR('',#10656,39.3700787401575);
#6578=VECTOR('',#10657,39.3700787401575);
#6579=VECTOR('',#10660,39.3700787401575);
#6580=VECTOR('',#10661,39.3700787401575);
#6581=VECTOR('',#10662,39.3700787401575);
#6582=VECTOR('',#10665,39.3700787401575);
#6583=VECTOR('',#10666,39.3700787401575);
#6584=VECTOR('',#10667,39.3700787401575);
#6585=VECTOR('',#10670,39.3700787401575);
#6586=VECTOR('',#10671,39.3700787401575);
#6587=VECTOR('',#10672,39.3700787401575);
#6588=VECTOR('',#10675,39.3700787401575);
#6589=VECTOR('',#10676,39.3700787401575);
#6590=VECTOR('',#10677,39.3700787401575);
#6591=VECTOR('',#10680,39.3700787401575);
#6592=VECTOR('',#10681,39.3700787401575);
#6593=VECTOR('',#10682,39.3700787401575);
#6594=VECTOR('',#10685,39.3700787401575);
#6595=VECTOR('',#10686,39.3700787401575);
#6596=VECTOR('',#10687,39.3700787401575);
#6597=VECTOR('',#10690,39.3700787401575);
#6598=VECTOR('',#10691,39.3700787401575);
#6599=VECTOR('',#10692,39.3700787401575);
#6600=VECTOR('',#10695,39.3700787401575);
#6601=VECTOR('',#10696,39.3700787401575);
#6602=VECTOR('',#10697,39.3700787401575);
#6603=VECTOR('',#10700,39.3700787401575);
#6604=VECTOR('',#10701,39.3700787401575);
#6605=VECTOR('',#10702,39.3700787401575);
#6606=VECTOR('',#10705,39.3700787401575);
#6607=VECTOR('',#10706,39.3700787401575);
#6608=VECTOR('',#10707,39.3700787401575);
#6609=VECTOR('',#10710,39.3700787401575);
#6610=VECTOR('',#10711,39.3700787401575);
#6611=VECTOR('',#10712,39.3700787401575);
#6612=VECTOR('',#10715,39.3700787401575);
#6613=VECTOR('',#10716,39.3700787401575);
#6614=VECTOR('',#10717,39.3700787401575);
#6615=VECTOR('',#10720,39.3700787401575);
#6616=VECTOR('',#10721,39.3700787401575);
#6617=VECTOR('',#10722,39.3700787401575);
#6618=VECTOR('',#10725,39.3700787401575);
#6619=VECTOR('',#10726,39.3700787401575);
#6620=VECTOR('',#10727,39.3700787401575);
#6621=VECTOR('',#10730,39.3700787401575);
#6622=VECTOR('',#10731,39.3700787401575);
#6623=VECTOR('',#10732,39.3700787401575);
#6624=VECTOR('',#10735,39.3700787401575);
#6625=VECTOR('',#10736,39.3700787401575);
#6626=VECTOR('',#10737,39.3700787401575);
#6627=VECTOR('',#10740,39.3700787401575);
#6628=VECTOR('',#10741,39.3700787401575);
#6629=VECTOR('',#10742,39.3700787401575);
#6630=VECTOR('',#10745,39.3700787401575);
#6631=VECTOR('',#10746,39.3700787401575);
#6632=VECTOR('',#10747,39.3700787401575);
#6633=VECTOR('',#10750,39.3700787401575);
#6634=VECTOR('',#10751,39.3700787401575);
#6635=VECTOR('',#10752,39.3700787401575);
#6636=VECTOR('',#10755,39.3700787401575);
#6637=VECTOR('',#10756,39.3700787401575);
#6638=VECTOR('',#10757,39.3700787401575);
#6639=VECTOR('',#10760,39.3700787401575);
#6640=VECTOR('',#10761,39.3700787401575);
#6641=VECTOR('',#10762,39.3700787401575);
#6642=VECTOR('',#10765,39.3700787401575);
#6643=VECTOR('',#10766,39.3700787401575);
#6644=VECTOR('',#10767,39.3700787401575);
#6645=VECTOR('',#10770,39.3700787401575);
#6646=VECTOR('',#10771,39.3700787401575);
#6647=VECTOR('',#10772,39.3700787401575);
#6648=VECTOR('',#10775,39.3700787401575);
#6649=VECTOR('',#10776,39.3700787401575);
#6650=VECTOR('',#10777,39.3700787401575);
#6651=VECTOR('',#10780,39.3700787401575);
#6652=VECTOR('',#10781,39.3700787401575);
#6653=VECTOR('',#10782,39.3700787401575);
#6654=VECTOR('',#10785,39.3700787401575);
#6655=VECTOR('',#10786,39.3700787401575);
#6656=VECTOR('',#10787,39.3700787401575);
#6657=VECTOR('',#10790,39.3700787401575);
#6658=VECTOR('',#10791,39.3700787401575);
#6659=VECTOR('',#10792,39.3700787401575);
#6660=VECTOR('',#10795,39.3700787401575);
#6661=VECTOR('',#10796,39.3700787401575);
#6662=VECTOR('',#10797,39.3700787401575);
#6663=VECTOR('',#10800,39.3700787401575);
#6664=VECTOR('',#10801,39.3700787401575);
#6665=VECTOR('',#10802,39.3700787401575);
#6666=VECTOR('',#10805,39.3700787401575);
#6667=VECTOR('',#10806,39.3700787401575);
#6668=VECTOR('',#10807,39.3700787401575);
#6669=VECTOR('',#10810,39.3700787401575);
#6670=VECTOR('',#10811,39.3700787401575);
#6671=VECTOR('',#10812,39.3700787401575);
#6672=VECTOR('',#10815,39.3700787401575);
#6673=VECTOR('',#10816,39.3700787401575);
#6674=VECTOR('',#10817,39.3700787401575);
#6675=VECTOR('',#10820,39.3700787401575);
#6676=VECTOR('',#10821,39.3700787401575);
#6677=VECTOR('',#10822,39.3700787401575);
#6678=VECTOR('',#10825,39.3700787401575);
#6679=VECTOR('',#10826,39.3700787401575);
#6680=VECTOR('',#10827,39.3700787401575);
#6681=VECTOR('',#10830,39.3700787401575);
#6682=VECTOR('',#10831,39.3700787401575);
#6683=VECTOR('',#10832,39.3700787401575);
#6684=VECTOR('',#10835,39.3700787401575);
#6685=VECTOR('',#10836,39.3700787401575);
#6686=VECTOR('',#10837,39.3700787401575);
#6687=VECTOR('',#10840,39.3700787401575);
#6688=VECTOR('',#10841,39.3700787401575);
#6689=VECTOR('',#10842,39.3700787401575);
#6690=VECTOR('',#10845,39.3700787401575);
#6691=VECTOR('',#10846,39.3700787401575);
#6692=VECTOR('',#10847,39.3700787401575);
#6693=VECTOR('',#10850,39.3700787401575);
#6694=VECTOR('',#10851,39.3700787401575);
#6695=VECTOR('',#10852,39.3700787401575);
#6696=VECTOR('',#10853,39.3700787401575);
#6697=VECTOR('',#10856,39.3700787401575);
#6698=VECTOR('',#10857,39.3700787401575);
#6699=VECTOR('',#10858,39.3700787401575);
#6700=VECTOR('',#10859,39.3700787401575);
#6701=VECTOR('',#10862,39.3700787401575);
#6702=VECTOR('',#10863,39.3700787401575);
#6703=VECTOR('',#10864,39.3700787401575);
#6704=VECTOR('',#10865,39.3700787401575);
#6705=VECTOR('',#10868,39.3700787401575);
#6706=VECTOR('',#10869,39.3700787401575);
#6707=VECTOR('',#10870,39.3700787401575);
#6708=VECTOR('',#10871,39.3700787401575);
#6709=VECTOR('',#10874,39.3700787401575);
#6710=VECTOR('',#10875,39.3700787401575);
#6711=VECTOR('',#10876,39.3700787401575);
#6712=VECTOR('',#10877,39.3700787401575);
#6713=VECTOR('',#10880,39.3700787401575);
#6714=VECTOR('',#10881,39.3700787401575);
#6715=VECTOR('',#10882,39.3700787401575);
#6716=VECTOR('',#10883,39.3700787401575);
#6717=VECTOR('',#10886,39.3700787401575);
#6718=VECTOR('',#10887,39.3700787401575);
#6719=VECTOR('',#10888,39.3700787401575);
#6720=VECTOR('',#10889,39.3700787401575);
#6721=VECTOR('',#10892,39.3700787401575);
#6722=VECTOR('',#10893,39.3700787401575);
#6723=VECTOR('',#10894,39.3700787401575);
#6724=VECTOR('',#10895,39.3700787401575);
#6725=VECTOR('',#10898,39.3700787401575);
#6726=VECTOR('',#10899,39.3700787401575);
#6727=VECTOR('',#10900,39.3700787401575);
#6728=VECTOR('',#10901,39.3700787401575);
#6729=VECTOR('',#10904,39.3700787401575);
#6730=VECTOR('',#10905,39.3700787401575);
#6731=VECTOR('',#10906,39.3700787401575);
#6732=VECTOR('',#10909,39.3700787401575);
#6733=VECTOR('',#10910,39.3700787401575);
#6734=VECTOR('',#10911,39.3700787401575);
#6735=VECTOR('',#10914,39.3700787401575);
#6736=VECTOR('',#10915,39.3700787401575);
#6737=VECTOR('',#10916,39.3700787401575);
#6738=VECTOR('',#10919,39.3700787401575);
#6739=VECTOR('',#10920,39.3700787401575);
#6740=VECTOR('',#10921,39.3700787401575);
#6741=VECTOR('',#10924,39.3700787401575);
#6742=VECTOR('',#10925,39.3700787401575);
#6743=VECTOR('',#10926,39.3700787401575);
#6744=VECTOR('',#10929,39.3700787401575);
#6745=VECTOR('',#10930,39.3700787401575);
#6746=VECTOR('',#10931,39.3700787401575);
#6747=VECTOR('',#10934,39.3700787401575);
#6748=VECTOR('',#10935,39.3700787401575);
#6749=VECTOR('',#10936,39.3700787401575);
#6750=VECTOR('',#10939,39.3700787401575);
#6751=VECTOR('',#10940,39.3700787401575);
#6752=VECTOR('',#10941,39.3700787401575);
#6753=VECTOR('',#10944,39.3700787401575);
#6754=VECTOR('',#10945,39.3700787401575);
#6755=VECTOR('',#10946,39.3700787401575);
#6756=VECTOR('',#10949,39.3700787401575);
#6757=VECTOR('',#10950,39.3700787401575);
#6758=VECTOR('',#10951,39.3700787401575);
#6759=VECTOR('',#10954,39.3700787401575);
#6760=VECTOR('',#10955,39.3700787401575);
#6761=VECTOR('',#10956,39.3700787401575);
#6762=VECTOR('',#10959,39.3700787401575);
#6763=VECTOR('',#10960,39.3700787401575);
#6764=VECTOR('',#10961,39.3700787401575);
#6765=VECTOR('',#10964,39.3700787401575);
#6766=VECTOR('',#10965,39.3700787401575);
#6767=VECTOR('',#10966,39.3700787401575);
#6768=VECTOR('',#10969,39.3700787401575);
#6769=VECTOR('',#10970,39.3700787401575);
#6770=VECTOR('',#10971,39.3700787401575);
#6771=VECTOR('',#10974,39.3700787401575);
#6772=VECTOR('',#10975,39.3700787401575);
#6773=VECTOR('',#10976,39.3700787401575);
#6774=VECTOR('',#10979,39.3700787401575);
#6775=VECTOR('',#10980,39.3700787401575);
#6776=VECTOR('',#10981,39.3700787401575);
#6777=VECTOR('',#10984,39.3700787401575);
#6778=VECTOR('',#10985,39.3700787401575);
#6779=VECTOR('',#10986,39.3700787401575);
#6780=VECTOR('',#10989,39.3700787401575);
#6781=VECTOR('',#10990,39.3700787401575);
#6782=VECTOR('',#10991,39.3700787401575);
#6783=VECTOR('',#10994,39.3700787401575);
#6784=VECTOR('',#10995,39.3700787401575);
#6785=VECTOR('',#10998,39.3700787401575);
#6786=VECTOR('',#10999,39.3700787401575);
#6787=VECTOR('',#11002,39.3700787401575);
#6788=VECTOR('',#11003,39.3700787401575);
#6789=VECTOR('',#11006,39.3700787401575);
#6790=VECTOR('',#11007,39.3700787401575);
#6791=VECTOR('',#11010,39.3700787401575);
#6792=VECTOR('',#11011,39.3700787401575);
#6793=VECTOR('',#11014,39.3700787401575);
#6794=VECTOR('',#11015,39.3700787401575);
#6795=VECTOR('',#11018,39.3700787401575);
#6796=VECTOR('',#11019,39.3700787401575);
#6797=VECTOR('',#11022,39.3700787401575);
#6798=VECTOR('',#11023,39.3700787401575);
#6799=VECTOR('',#11026,39.3700787401575);
#6800=VECTOR('',#11027,39.3700787401575);
#6801=VECTOR('',#11030,39.3700787401575);
#6802=VECTOR('',#11031,39.3700787401575);
#6803=VECTOR('',#11032,39.3700787401575);
#6804=VECTOR('',#11033,39.3700787401575);
#6805=VECTOR('',#11036,39.3700787401575);
#6806=VECTOR('',#11037,39.3700787401575);
#6807=VECTOR('',#11038,39.3700787401575);
#6808=VECTOR('',#11039,39.3700787401575);
#6809=VECTOR('',#11040,39.3700787401575);
#6810=VECTOR('',#11041,39.3700787401575);
#6811=VECTOR('',#11042,39.3700787401575);
#6812=VECTOR('',#11043,39.3700787401575);
#6813=VECTOR('',#11044,39.3700787401575);
#6814=VECTOR('',#11045,39.3700787401575);
#6815=VECTOR('',#11046,39.3700787401575);
#6816=VECTOR('',#11047,39.3700787401575);
#6817=VECTOR('',#11048,39.3700787401575);
#6818=VECTOR('',#11049,39.3700787401575);
#6819=VECTOR('',#11050,39.3700787401575);
#6820=VECTOR('',#11051,39.3700787401575);
#6821=VECTOR('',#11052,39.3700787401575);
#6822=VECTOR('',#11053,39.3700787401575);
#6823=VECTOR('',#11054,39.3700787401575);
#6824=VECTOR('',#11055,39.3700787401575);
#6825=VECTOR('',#11056,39.3700787401575);
#6826=VECTOR('',#11057,39.3700787401575);
#6827=VECTOR('',#11058,39.3700787401575);
#6828=VECTOR('',#11059,39.3700787401575);
#6829=VECTOR('',#11060,39.3700787401575);
#6830=VECTOR('',#11061,39.3700787401575);
#6831=VECTOR('',#11062,39.3700787401575);
#6832=VECTOR('',#11063,39.3700787401575);
#6833=VECTOR('',#11064,39.3700787401575);
#6834=VECTOR('',#11067,39.3700787401575);
#6835=VECTOR('',#11068,39.3700787401575);
#6836=VECTOR('',#11069,39.3700787401575);
#6837=VECTOR('',#11072,39.3700787401575);
#6838=VECTOR('',#11073,39.3700787401575);
#6839=VECTOR('',#11074,39.3700787401575);
#6840=VECTOR('',#11077,39.3700787401575);
#6841=VECTOR('',#11078,39.3700787401575);
#6842=VECTOR('',#11079,39.3700787401575);
#6843=VECTOR('',#11082,39.3700787401575);
#6844=VECTOR('',#11083,39.3700787401575);
#6845=VECTOR('',#11084,39.3700787401575);
#6846=VECTOR('',#11087,39.3700787401575);
#6847=VECTOR('',#11088,39.3700787401575);
#6848=VECTOR('',#11089,39.3700787401575);
#6849=VECTOR('',#11092,39.3700787401575);
#6850=VECTOR('',#11093,39.3700787401575);
#6851=VECTOR('',#11094,39.3700787401575);
#6852=VECTOR('',#11095,39.3700787401575);
#6853=VECTOR('',#11096,39.3700787401575);
#6854=VECTOR('',#11097,39.3700787401575);
#6855=VECTOR('',#11098,39.3700787401575);
#6856=VECTOR('',#11099,39.3700787401575);
#6857=VECTOR('',#11100,39.3700787401575);
#6858=VECTOR('',#11101,39.3700787401575);
#6859=VECTOR('',#11102,39.3700787401575);
#6860=VECTOR('',#11103,39.3700787401575);
#6861=VECTOR('',#11104,39.3700787401575);
#6862=VECTOR('',#11105,39.3700787401575);
#6863=VECTOR('',#11106,39.3700787401575);
#6864=VECTOR('',#11107,39.3700787401575);
#6865=VECTOR('',#11108,39.3700787401575);
#6866=VECTOR('',#11109,39.3700787401575);
#6867=VECTOR('',#11110,39.3700787401575);
#6868=VECTOR('',#11111,39.3700787401575);
#6869=VECTOR('',#11112,39.3700787401575);
#6870=VECTOR('',#11113,39.3700787401575);
#6871=VECTOR('',#11114,39.3700787401575);
#6872=VECTOR('',#11115,39.3700787401575);
#6873=VECTOR('',#11116,39.3700787401575);
#6874=VECTOR('',#11117,39.3700787401575);
#6875=VECTOR('',#11118,39.3700787401575);
#6876=VECTOR('',#11119,39.3700787401575);
#6877=VECTOR('',#11120,39.3700787401575);
#6878=VECTOR('',#11121,39.3700787401575);
#6879=VECTOR('',#11122,39.3700787401575);
#6880=VECTOR('',#11123,39.3700787401575);
#6881=VECTOR('',#11124,39.3700787401575);
#6882=VECTOR('',#11125,39.3700787401575);
#6883=VECTOR('',#11126,39.3700787401575);
#6884=VECTOR('',#11127,39.3700787401575);
#6885=VECTOR('',#11128,39.3700787401575);
#6886=VECTOR('',#11129,39.3700787401575);
#6887=VECTOR('',#11130,39.3700787401575);
#6888=VECTOR('',#11131,39.3700787401575);
#6889=VECTOR('',#11134,39.3700787401575);
#6890=VECTOR('',#11135,39.3700787401575);
#6891=VECTOR('',#11136,39.3700787401575);
#6892=VECTOR('',#11139,39.3700787401575);
#6893=VECTOR('',#11140,39.3700787401575);
#6894=VECTOR('',#11141,39.3700787401575);
#6895=VECTOR('',#11144,39.3700787401575);
#6896=VECTOR('',#11145,39.3700787401575);
#6897=VECTOR('',#11146,39.3700787401575);
#6898=VECTOR('',#11149,39.3700787401575);
#6899=VECTOR('',#11150,39.3700787401575);
#6900=VECTOR('',#11153,39.3700787401575);
#6901=VECTOR('',#11154,39.3700787401575);
#6902=VECTOR('',#11157,39.3700787401575);
#6903=VECTOR('',#11158,39.3700787401575);
#6904=VECTOR('',#11169,39.3700787401575);
#6905=VECTOR('',#11172,39.3700787401575);
#6906=VECTOR('',#11179,39.3700787401575);
#6907=VECTOR('',#11182,39.3700787401575);
#6908=VECTOR('',#11189,39.3700787401575);
#6909=VECTOR('',#11192,39.3700787401575);
#6910=VECTOR('',#11199,39.3700787401575);
#6911=VECTOR('',#11202,39.3700787401575);
#6912=VECTOR('',#11209,39.3700787401575);
#6913=VECTOR('',#11212,39.3700787401575);
#6914=VECTOR('',#11219,39.3700787401575);
#6915=VECTOR('',#11222,39.3700787401575);
#6916=VECTOR('',#11229,39.3700787401575);
#6917=VECTOR('',#11232,39.3700787401575);
#6918=VECTOR('',#11239,39.3700787401575);
#6919=VECTOR('',#11242,39.3700787401575);
#6920=VECTOR('',#11249,39.3700787401575);
#6921=VECTOR('',#11252,39.3700787401575);
#6922=VECTOR('',#11259,39.3700787401575);
#6923=VECTOR('',#11262,39.3700787401575);
#6924=VECTOR('',#11269,39.3700787401575);
#6925=VECTOR('',#11272,39.3700787401575);
#6926=VECTOR('',#11279,39.3700787401575);
#6927=VECTOR('',#11282,39.3700787401575);
#6928=VECTOR('',#11289,39.3700787401575);
#6929=VECTOR('',#11292,39.3700787401575);
#6930=VECTOR('',#11299,39.3700787401575);
#6931=VECTOR('',#11302,39.3700787401575);
#6932=VECTOR('',#11309,39.3700787401575);
#6933=VECTOR('',#11314,39.3700787401575);
#6934=VECTOR('',#11319,39.3700787401575);
#6935=VECTOR('',#11322,39.3700787401575);
#6936=VECTOR('',#11329,39.3700787401575);
#6937=VECTOR('',#11332,39.3700787401575);
#6938=VECTOR('',#11339,39.3700787401575);
#6939=VECTOR('',#11342,39.3700787401575);
#6940=VECTOR('',#11349,39.3700787401575);
#6941=VECTOR('',#11350,39.3700787401575);
#6942=VECTOR('',#11351,39.3700787401575);
#6943=VECTOR('',#11352,39.3700787401575);
#6944=VECTOR('',#11353,39.3700787401575);
#6945=VECTOR('',#11354,39.3700787401575);
#6946=VECTOR('',#11355,39.3700787401575);
#6947=VECTOR('',#11356,39.3700787401575);
#6948=VECTOR('',#11357,39.3700787401575);
#6949=VECTOR('',#11358,39.3700787401575);
#6950=VECTOR('',#11359,39.3700787401575);
#6951=VECTOR('',#11360,39.3700787401575);
#6952=VECTOR('',#11361,39.3700787401575);
#6953=VECTOR('',#11362,39.3700787401575);
#6954=VECTOR('',#11363,39.3700787401575);
#6955=VECTOR('',#11364,39.3700787401575);
#6956=VECTOR('',#11365,39.3700787401575);
#6957=VECTOR('',#11366,39.3700787401575);
#6958=VECTOR('',#11367,39.3700787401575);
#6959=VECTOR('',#11368,39.3700787401575);
#6960=VECTOR('',#11369,39.3700787401575);
#6961=VECTOR('',#11370,39.3700787401575);
#6962=VECTOR('',#11371,39.3700787401575);
#6963=VECTOR('',#11372,39.3700787401575);
#6964=VECTOR('',#11373,39.3700787401575);
#6965=VECTOR('',#11374,39.3700787401575);
#6966=VECTOR('',#11375,39.3700787401575);
#6967=VECTOR('',#11376,39.3700787401575);
#6968=VECTOR('',#11377,39.3700787401575);
#6969=VECTOR('',#11378,39.3700787401575);
#6970=VECTOR('',#11379,39.3700787401575);
#6971=VECTOR('',#11380,39.3700787401575);
#6972=VECTOR('',#11381,39.3700787401575);
#6973=VECTOR('',#11382,39.3700787401575);
#6974=VECTOR('',#11383,39.3700787401575);
#6975=VECTOR('',#11384,39.3700787401575);
#6976=VECTOR('',#11385,39.3700787401575);
#6977=VECTOR('',#11386,39.3700787401575);
#6978=VECTOR('',#11387,39.3700787401575);
#6979=VECTOR('',#11388,39.3700787401575);
#6980=VECTOR('',#11389,39.3700787401575);
#6981=VECTOR('',#11390,39.3700787401575);
#6982=VECTOR('',#11391,39.3700787401575);
#6983=VECTOR('',#11392,39.3700787401575);
#6984=VECTOR('',#11395,39.3700787401575);
#6985=VECTOR('',#11396,39.3700787401575);
#6986=VECTOR('',#11397,39.3700787401575);
#6987=VECTOR('',#11398,39.3700787401575);
#6988=VECTOR('',#11401,39.3700787401575);
#6989=VECTOR('',#11402,39.3700787401575);
#6990=VECTOR('',#11403,39.3700787401575);
#6991=VECTOR('',#11404,39.3700787401575);
#6992=VECTOR('',#11407,39.3700787401575);
#6993=VECTOR('',#11408,39.3700787401575);
#6994=VECTOR('',#11409,39.3700787401575);
#6995=VECTOR('',#11410,39.3700787401575);
#6996=VECTOR('',#11413,39.3700787401575);
#6997=VECTOR('',#11414,39.3700787401575);
#6998=VECTOR('',#11415,39.3700787401575);
#6999=VECTOR('',#11416,39.3700787401575);
#7000=VECTOR('',#11419,39.3700787401575);
#7001=VECTOR('',#11420,39.3700787401575);
#7002=VECTOR('',#11421,39.3700787401575);
#7003=VECTOR('',#11422,39.3700787401575);
#7004=VECTOR('',#11425,39.3700787401575);
#7005=VECTOR('',#11426,39.3700787401575);
#7006=VECTOR('',#11427,39.3700787401575);
#7007=VECTOR('',#11428,39.3700787401575);
#7008=VECTOR('',#11431,39.3700787401575);
#7009=VECTOR('',#11432,39.3700787401575);
#7010=VECTOR('',#11433,39.3700787401575);
#7011=VECTOR('',#11434,39.3700787401575);
#7012=VECTOR('',#11437,39.3700787401575);
#7013=VECTOR('',#11438,39.3700787401575);
#7014=VECTOR('',#11439,39.3700787401575);
#7015=VECTOR('',#11440,39.3700787401575);
#7016=VECTOR('',#11443,39.3700787401575);
#7017=VECTOR('',#11444,39.3700787401575);
#7018=VECTOR('',#11445,39.3700787401575);
#7019=VECTOR('',#11446,39.3700787401575);
#7020=VECTOR('',#11449,39.3700787401575);
#7021=VECTOR('',#11450,39.3700787401575);
#7022=VECTOR('',#11451,39.3700787401575);
#7023=VECTOR('',#11454,39.3700787401575);
#7024=VECTOR('',#11455,39.3700787401575);
#7025=VECTOR('',#11456,39.3700787401575);
#7026=VECTOR('',#11459,39.3700787401575);
#7027=VECTOR('',#11460,39.3700787401575);
#7028=VECTOR('',#11461,39.3700787401575);
#7029=VECTOR('',#11464,39.3700787401575);
#7030=VECTOR('',#11465,39.3700787401575);
#7031=VECTOR('',#11466,39.3700787401575);
#7032=VECTOR('',#11469,39.3700787401575);
#7033=VECTOR('',#11470,39.3700787401575);
#7034=VECTOR('',#11471,39.3700787401575);
#7035=VECTOR('',#11474,39.3700787401575);
#7036=VECTOR('',#11475,39.3700787401575);
#7037=VECTOR('',#11476,39.3700787401575);
#7038=VECTOR('',#11479,39.3700787401575);
#7039=VECTOR('',#11480,39.3700787401575);
#7040=VECTOR('',#11481,39.3700787401575);
#7041=VECTOR('',#11484,39.3700787401575);
#7042=VECTOR('',#11485,39.3700787401575);
#7043=VECTOR('',#11486,39.3700787401575);
#7044=VECTOR('',#11489,39.3700787401575);
#7045=VECTOR('',#11490,39.3700787401575);
#7046=VECTOR('',#11491,39.3700787401575);
#7047=VECTOR('',#11494,39.3700787401575);
#7048=VECTOR('',#11495,39.3700787401575);
#7049=VECTOR('',#11496,39.3700787401575);
#7050=VECTOR('',#11499,39.3700787401575);
#7051=VECTOR('',#11500,39.3700787401575);
#7052=VECTOR('',#11501,39.3700787401575);
#7053=VECTOR('',#11504,39.3700787401575);
#7054=VECTOR('',#11505,39.3700787401575);
#7055=VECTOR('',#11506,39.3700787401575);
#7056=VECTOR('',#11509,39.3700787401575);
#7057=VECTOR('',#11510,39.3700787401575);
#7058=VECTOR('',#11511,39.3700787401575);
#7059=VECTOR('',#11514,39.3700787401575);
#7060=VECTOR('',#11515,39.3700787401575);
#7061=VECTOR('',#11516,39.3700787401575);
#7062=VECTOR('',#11519,39.3700787401575);
#7063=VECTOR('',#11520,39.3700787401575);
#7064=VECTOR('',#11521,39.3700787401575);
#7065=VECTOR('',#11524,39.3700787401575);
#7066=VECTOR('',#11525,39.3700787401575);
#7067=VECTOR('',#11526,39.3700787401575);
#7068=VECTOR('',#11529,39.3700787401575);
#7069=VECTOR('',#11530,39.3700787401575);
#7070=VECTOR('',#11531,39.3700787401575);
#7071=VECTOR('',#11534,39.3700787401575);
#7072=VECTOR('',#11535,39.3700787401575);
#7073=VECTOR('',#11536,39.3700787401575);
#7074=VECTOR('',#11543,39.3700787401575);
#7075=VECTOR('',#11548,39.3700787401575);
#7076=VECTOR('',#11555,39.3700787401575);
#7077=VECTOR('',#11562,39.3700787401575);
#7078=VECTOR('',#11569,39.3700787401575);
#7079=VECTOR('',#11576,39.3700787401575);
#7080=VECTOR('',#11583,39.3700787401575);
#7081=VECTOR('',#11590,39.3700787401575);
#7082=VECTOR('',#11597,39.3700787401575);
#7083=VECTOR('',#11602,39.3700787401575);
#7084=VECTOR('',#11603,39.3700787401575);
#7085=VECTOR('',#11604,39.3700787401575);
#7086=VECTOR('',#11607,39.3700787401575);
#7087=VECTOR('',#11608,39.3700787401575);
#7088=VECTOR('',#11609,39.3700787401575);
#7089=VECTOR('',#11612,39.3700787401575);
#7090=VECTOR('',#11613,39.3700787401575);
#7091=VECTOR('',#11614,39.3700787401575);
#7092=VECTOR('',#11617,39.3700787401575);
#7093=VECTOR('',#11618,39.3700787401575);
#7094=VECTOR('',#11619,39.3700787401575);
#7095=VECTOR('',#11622,39.3700787401575);
#7096=VECTOR('',#11623,39.3700787401575);
#7097=VECTOR('',#11624,39.3700787401575);
#7098=VECTOR('',#11627,39.3700787401575);
#7099=VECTOR('',#11628,39.3700787401575);
#7100=VECTOR('',#11629,39.3700787401575);
#7101=VECTOR('',#11632,39.3700787401575);
#7102=VECTOR('',#11633,39.3700787401575);
#7103=VECTOR('',#11634,39.3700787401575);
#7104=VECTOR('',#11637,39.3700787401575);
#7105=VECTOR('',#11638,39.3700787401575);
#7106=VECTOR('',#11639,39.3700787401575);
#7107=VECTOR('',#11642,39.3700787401575);
#7108=VECTOR('',#11643,39.3700787401575);
#7109=VECTOR('',#11644,39.3700787401575);
#7110=VECTOR('',#11647,39.3700787401575);
#7111=VECTOR('',#11648,39.3700787401575);
#7112=VECTOR('',#11649,39.3700787401575);
#7113=VECTOR('',#11650,39.3700787401575);
#7114=VECTOR('',#11653,39.3700787401575);
#7115=VECTOR('',#11654,39.3700787401575);
#7116=VECTOR('',#11655,39.3700787401575);
#7117=VECTOR('',#11656,39.3700787401575);
#7118=VECTOR('',#11659,39.3700787401575);
#7119=VECTOR('',#11660,39.3700787401575);
#7120=VECTOR('',#11661,39.3700787401575);
#7121=VECTOR('',#11662,39.3700787401575);
#7122=VECTOR('',#11665,39.3700787401575);
#7123=VECTOR('',#11666,39.3700787401575);
#7124=VECTOR('',#11667,39.3700787401575);
#7125=VECTOR('',#11668,39.3700787401575);
#7126=VECTOR('',#11671,39.3700787401575);
#7127=VECTOR('',#11672,39.3700787401575);
#7128=VECTOR('',#11673,39.3700787401575);
#7129=VECTOR('',#11674,39.3700787401575);
#7130=VECTOR('',#11677,39.3700787401575);
#7131=VECTOR('',#11678,39.3700787401575);
#7132=VECTOR('',#11679,39.3700787401575);
#7133=VECTOR('',#11680,39.3700787401575);
#7134=VECTOR('',#11683,39.3700787401575);
#7135=VECTOR('',#11684,39.3700787401575);
#7136=VECTOR('',#11685,39.3700787401575);
#7137=VECTOR('',#11686,39.3700787401575);
#7138=VECTOR('',#11689,39.3700787401575);
#7139=VECTOR('',#11690,39.3700787401575);
#7140=VECTOR('',#11691,39.3700787401575);
#7141=VECTOR('',#11692,39.3700787401575);
#7142=VECTOR('',#11699,39.3700787401575);
#7143=VECTOR('',#11704,39.3700787401575);
#7144=VECTOR('',#11711,39.3700787401575);
#7145=VECTOR('',#11718,39.3700787401575);
#7146=VECTOR('',#11725,39.3700787401575);
#7147=VECTOR('',#11732,39.3700787401575);
#7148=VECTOR('',#11739,39.3700787401575);
#7149=VECTOR('',#11746,39.3700787401575);
#7150=VECTOR('',#11751,39.3700787401575);
#7151=VECTOR('',#11752,39.3700787401575);
#7152=VECTOR('',#11753,39.3700787401575);
#7153=VECTOR('',#11756,39.3700787401575);
#7154=VECTOR('',#11757,39.3700787401575);
#7155=VECTOR('',#11758,39.3700787401575);
#7156=VECTOR('',#11761,39.3700787401575);
#7157=VECTOR('',#11762,39.3700787401575);
#7158=VECTOR('',#11763,39.3700787401575);
#7159=VECTOR('',#11766,39.3700787401575);
#7160=VECTOR('',#11767,39.3700787401575);
#7161=VECTOR('',#11768,39.3700787401575);
#7162=VECTOR('',#11771,39.3700787401575);
#7163=VECTOR('',#11772,39.3700787401575);
#7164=VECTOR('',#11773,39.3700787401575);
#7165=VECTOR('',#11776,39.3700787401575);
#7166=VECTOR('',#11777,39.3700787401575);
#7167=VECTOR('',#11778,39.3700787401575);
#7168=VECTOR('',#11781,39.3700787401575);
#7169=VECTOR('',#11782,39.3700787401575);
#7170=VECTOR('',#11783,39.3700787401575);
#7171=VECTOR('',#11786,39.3700787401575);
#7172=VECTOR('',#11787,39.3700787401575);
#7173=VECTOR('',#11788,39.3700787401575);
#7174=VECTOR('',#11791,39.3700787401575);
#7175=VECTOR('',#11792,39.3700787401575);
#7176=VECTOR('',#11793,39.3700787401575);
#7177=VECTOR('',#11796,39.3700787401575);
#7178=VECTOR('',#11797,39.3700787401575);
#7179=VECTOR('',#11798,39.3700787401575);
#7180=VECTOR('',#11801,39.3700787401575);
#7181=VECTOR('',#11802,39.3700787401575);
#7182=VECTOR('',#11803,39.3700787401575);
#7183=VECTOR('',#11806,39.3700787401575);
#7184=VECTOR('',#11807,39.3700787401575);
#7185=VECTOR('',#11808,39.3700787401575);
#7186=VECTOR('',#11811,39.3700787401575);
#7187=VECTOR('',#11812,39.3700787401575);
#7188=VECTOR('',#11813,39.3700787401575);
#7189=VECTOR('',#11816,39.3700787401575);
#7190=VECTOR('',#11817,39.3700787401575);
#7191=VECTOR('',#11818,39.3700787401575);
#7192=VECTOR('',#11821,39.3700787401575);
#7193=VECTOR('',#11822,39.3700787401575);
#7194=VECTOR('',#11823,39.3700787401575);
#7195=VECTOR('',#11826,39.3700787401575);
#7196=VECTOR('',#11827,39.3700787401575);
#7197=VECTOR('',#11828,39.3700787401575);
#7198=VECTOR('',#11831,39.3700787401575);
#7199=VECTOR('',#11832,39.3700787401575);
#7200=VECTOR('',#11835,39.3700787401575);
#7201=VECTOR('',#11836,39.3700787401575);
#7202=VECTOR('',#11839,39.3700787401575);
#7203=VECTOR('',#11840,39.3700787401575);
#7204=VECTOR('',#11843,39.3700787401575);
#7205=VECTOR('',#11844,39.3700787401575);
#7206=VECTOR('',#11847,39.3700787401575);
#7207=VECTOR('',#11848,39.3700787401575);
#7208=VECTOR('',#11851,39.3700787401575);
#7209=VECTOR('',#11852,39.3700787401575);
#7210=VECTOR('',#11855,39.3700787401575);
#7211=VECTOR('',#11856,39.3700787401575);
#7212=VECTOR('',#11859,39.3700787401575);
#7213=VECTOR('',#11860,39.3700787401575);
#7214=VECTOR('',#11863,39.3700787401575);
#7215=VECTOR('',#11864,39.3700787401575);
#7216=VECTOR('',#11865,39.3700787401575);
#7217=VECTOR('',#11866,39.3700787401575);
#7218=VECTOR('',#11869,39.3700787401575);
#7219=VECTOR('',#11870,39.3700787401575);
#7220=VECTOR('',#11871,39.3700787401575);
#7221=VECTOR('',#11874,39.3700787401575);
#7222=VECTOR('',#11875,39.3700787401575);
#7223=VECTOR('',#11876,39.3700787401575);
#7224=VECTOR('',#11881,39.3700787401575);
#7225=VECTOR('',#11886,39.3700787401575);
#7226=VECTOR('',#11887,39.3700787401575);
#7227=VECTOR('',#11888,39.3700787401575);
#7228=VECTOR('',#11891,39.3700787401575);
#7229=VECTOR('',#11892,39.3700787401575);
#7230=VECTOR('',#11893,39.3700787401575);
#7231=VECTOR('',#11894,39.3700787401575);
#7232=VECTOR('',#11895,39.3700787401575);
#7233=VECTOR('',#11896,39.3700787401575);
#7234=VECTOR('',#11897,39.3700787401575);
#7235=VECTOR('',#11898,39.3700787401575);
#7236=VECTOR('',#11899,39.3700787401575);
#7237=VECTOR('',#11900,39.3700787401575);
#7238=VECTOR('',#11901,39.3700787401575);
#7239=VECTOR('',#11902,39.3700787401575);
#7240=VECTOR('',#11903,39.3700787401575);
#7241=VECTOR('',#11904,39.3700787401575);
#7242=VECTOR('',#11905,39.3700787401575);
#7243=VECTOR('',#11906,39.3700787401575);
#7244=VECTOR('',#11907,39.3700787401575);
#7245=VECTOR('',#11908,39.3700787401575);
#7246=VECTOR('',#11909,39.3700787401575);
#7247=VECTOR('',#11910,39.3700787401575);
#7248=VECTOR('',#11911,39.3700787401575);
#7249=VECTOR('',#11912,39.3700787401575);
#7250=VECTOR('',#11913,39.3700787401575);
#7251=VECTOR('',#11914,39.3700787401575);
#7252=VECTOR('',#11915,39.3700787401575);
#7253=VECTOR('',#11916,39.3700787401575);
#7254=VECTOR('',#11917,39.3700787401575);
#7255=VECTOR('',#11918,39.3700787401575);
#7256=VECTOR('',#11919,39.3700787401575);
#7257=VECTOR('',#11920,39.3700787401575);
#7258=VECTOR('',#11921,39.3700787401575);
#7259=VECTOR('',#11922,39.3700787401575);
#7260=VECTOR('',#11923,39.3700787401575);
#7261=VECTOR('',#11924,39.3700787401575);
#7262=VECTOR('',#11925,39.3700787401575);
#7263=VECTOR('',#11926,39.3700787401575);
#7264=VECTOR('',#11927,39.3700787401575);
#7265=VECTOR('',#11928,39.3700787401575);
#7266=VECTOR('',#11929,39.3700787401575);
#7267=VECTOR('',#11930,39.3700787401575);
#7268=VECTOR('',#11931,39.3700787401575);
#7269=VECTOR('',#11932,39.3700787401575);
#7270=VECTOR('',#11933,39.3700787401575);
#7271=VECTOR('',#11934,39.3700787401575);
#7272=VECTOR('',#11935,39.3700787401575);
#7273=VECTOR('',#11936,39.3700787401575);
#7274=VECTOR('',#11937,39.3700787401575);
#7275=VECTOR('',#11938,39.3700787401575);
#7276=VECTOR('',#11939,39.3700787401575);
#7277=VECTOR('',#11940,39.3700787401575);
#7278=VECTOR('',#11941,39.3700787401575);
#7279=VECTOR('',#11944,39.3700787401575);
#7280=VECTOR('',#11945,39.3700787401575);
#7281=VECTOR('',#11946,39.3700787401575);
#7282=VECTOR('',#11951,39.3700787401575);
#7283=VECTOR('',#11956,39.3700787401575);
#7284=VECTOR('',#11957,39.3700787401575);
#7285=VECTOR('',#11958,39.3700787401575);
#7286=VECTOR('',#11961,39.3700787401575);
#7287=VECTOR('',#11962,39.3700787401575);
#7288=VECTOR('',#11963,39.3700787401575);
#7289=VECTOR('',#11966,39.3700787401575);
#7290=VECTOR('',#11967,39.3700787401575);
#7291=VECTOR('',#11970,39.3700787401575);
#7292=VECTOR('',#11971,39.3700787401575);
#7293=VECTOR('',#11972,39.3700787401575);
#7294=VECTOR('',#11973,39.3700787401575);
#7295=VECTOR('',#11974,39.3700787401575);
#7296=VECTOR('',#11975,39.3700787401575);
#7297=VECTOR('',#11976,39.3700787401575);
#7298=VECTOR('',#11977,39.3700787401575);
#7299=VECTOR('',#11978,39.3700787401575);
#7300=VECTOR('',#11979,39.3700787401575);
#7301=VECTOR('',#11980,39.3700787401575);
#7302=VECTOR('',#11981,39.3700787401575);
#7303=VECTOR('',#11982,39.3700787401575);
#7304=VECTOR('',#11983,39.3700787401575);
#7305=VECTOR('',#11984,39.3700787401575);
#7306=VECTOR('',#11985,39.3700787401575);
#7307=VECTOR('',#11986,39.3700787401575);
#7308=VECTOR('',#11987,39.3700787401575);
#7309=VECTOR('',#11988,39.3700787401575);
#7310=VECTOR('',#11989,39.3700787401575);
#7311=VECTOR('',#12042,39.3700787401575);
#7312=VECTOR('',#12043,39.3700787401575);
#7313=VECTOR('',#12046,39.3700787401575);
#7314=VECTOR('',#12047,39.3700787401575);
#7315=VECTOR('',#12072,39.3700787401575);
#7316=VECTOR('',#12073,39.3700787401575);
#7317=VECTOR('',#12076,39.3700787401575);
#7318=VECTOR('',#12077,39.3700787401575);
#7319=VECTOR('',#12078,39.3700787401575);
#7320=VECTOR('',#12089,39.3700787401575);
#7321=VECTOR('',#12090,39.3700787401575);
#7322=VECTOR('',#12091,39.3700787401575);
#7323=VECTOR('',#12092,39.3700787401575);
#7324=VECTOR('',#12093,39.3700787401575);
#7325=VECTOR('',#12094,39.3700787401575);
#7326=VECTOR('',#12095,39.3700787401575);
#7327=VECTOR('',#12096,39.3700787401575);
#7328=VECTOR('',#12097,39.3700787401575);
#7329=VECTOR('',#12098,39.3700787401575);
#7330=VECTOR('',#12101,39.3700787401575);
#7331=VECTOR('',#12102,39.3700787401575);
#7332=VECTOR('',#12103,39.3700787401575);
#7333=VECTOR('',#12104,39.3700787401575);
#7334=VECTOR('',#12107,39.3700787401575);
#7335=VECTOR('',#12108,39.3700787401575);
#7336=VECTOR('',#12109,39.3700787401575);
#7337=VECTOR('',#12112,39.3700787401575);
#7338=VECTOR('',#12113,39.3700787401575);
#7339=VECTOR('',#12118,39.3700787401575);
#7340=VECTOR('',#12123,39.3700787401575);
#7341=VECTOR('',#12124,39.3700787401575);
#7342=VECTOR('',#12125,39.3700787401575);
#7343=VECTOR('',#12130,39.3700787401575);
#7344=VECTOR('',#12135,39.3700787401575);
#7345=VECTOR('',#12136,39.3700787401575);
#7346=VECTOR('',#12137,39.3700787401575);
#7347=VECTOR('',#12140,39.3700787401575);
#7348=VECTOR('',#12141,39.3700787401575);
#7349=VECTOR('',#12142,39.3700787401575);
#7350=VECTOR('',#12145,39.3700787401575);
#7351=VECTOR('',#12146,39.3700787401575);
#7352=VECTOR('',#12147,39.3700787401575);
#7353=VECTOR('',#12150,39.3700787401575);
#7354=VECTOR('',#12151,39.3700787401575);
#7355=VECTOR('',#12152,39.3700787401575);
#7356=VECTOR('',#12155,39.3700787401575);
#7357=VECTOR('',#12156,39.3700787401575);
#7358=VECTOR('',#12157,39.3700787401575);
#7359=VECTOR('',#12160,39.3700787401575);
#7360=VECTOR('',#12161,39.3700787401575);
#7361=VECTOR('',#12162,39.3700787401575);
#7362=VECTOR('',#12165,39.3700787401575);
#7363=VECTOR('',#12166,39.3700787401575);
#7364=VECTOR('',#12167,39.3700787401575);
#7365=VECTOR('',#12172,39.3700787401575);
#7366=VECTOR('',#12177,39.3700787401575);
#7367=VECTOR('',#12178,39.3700787401575);
#7368=VECTOR('',#12179,39.3700787401575);
#7369=VECTOR('',#12184,39.3700787401575);
#7370=VECTOR('',#12189,39.3700787401575);
#7371=VECTOR('',#12190,39.3700787401575);
#7372=VECTOR('',#12191,39.3700787401575);
#7373=VECTOR('',#12194,39.3700787401575);
#7374=VECTOR('',#12195,39.3700787401575);
#7375=VECTOR('',#12196,39.3700787401575);
#7376=VECTOR('',#12199,39.3700787401575);
#7377=VECTOR('',#12200,39.3700787401575);
#7378=VECTOR('',#12201,39.3700787401575);
#7379=VECTOR('',#12204,39.3700787401575);
#7380=VECTOR('',#12205,39.3700787401575);
#7381=VECTOR('',#12206,39.3700787401575);
#7382=VECTOR('',#12209,39.3700787401575);
#7383=VECTOR('',#12210,39.3700787401575);
#7384=VECTOR('',#12211,39.3700787401575);
#7385=VECTOR('',#12214,39.3700787401575);
#7386=VECTOR('',#12215,39.3700787401575);
#7387=VECTOR('',#12216,39.3700787401575);
#7388=VECTOR('',#12219,39.3700787401575);
#7389=VECTOR('',#12220,39.3700787401575);
#7390=VECTOR('',#12221,39.3700787401575);
#7391=VECTOR('',#12226,39.3700787401575);
#7392=VECTOR('',#12231,39.3700787401575);
#7393=VECTOR('',#12232,39.3700787401575);
#7394=VECTOR('',#12233,39.3700787401575);
#7395=VECTOR('',#12238,39.3700787401575);
#7396=VECTOR('',#12243,39.3700787401575);
#7397=VECTOR('',#12244,39.3700787401575);
#7398=VECTOR('',#12245,39.3700787401575);
#7399=VECTOR('',#12248,39.3700787401575);
#7400=VECTOR('',#12249,39.3700787401575);
#7401=VECTOR('',#12250,39.3700787401575);
#7402=VECTOR('',#12253,39.3700787401575);
#7403=VECTOR('',#12254,39.3700787401575);
#7404=VECTOR('',#12261,39.3700787401575);
#7405=VECTOR('',#12262,39.3700787401575);
#7406=VECTOR('',#12263,39.3700787401575);
#7407=VECTOR('',#12266,39.3700787401575);
#7408=VECTOR('',#12267,39.3700787401575);
#7409=VECTOR('',#12270,39.3700787401575);
#7410=VECTOR('',#12271,39.3700787401575);
#7411=VECTOR('',#12274,39.3700787401575);
#7412=VECTOR('',#12275,39.3700787401575);
#7413=VECTOR('',#12278,39.3700787401575);
#7414=VECTOR('',#12279,39.3700787401575);
#7415=VECTOR('',#12282,39.3700787401575);
#7416=EDGE_LOOP('',(#117,#118,#119,#120,#121,#122,#123,#124,#125,#126));
#7417=EDGE_LOOP('',(#127,#128,#129,#130,#131));
#7418=EDGE_LOOP('',(#132,#133,#134,#135,#136));
#7419=EDGE_LOOP('',(#137,#138,#139,#140));
#7420=EDGE_LOOP('',(#141,#142,#143,#144));
#7421=EDGE_LOOP('',(#145,#146,#147,#148));
#7422=EDGE_LOOP('',(#149,#150,#151,#152));
#7423=EDGE_LOOP('',(#153,#154,#155,#156));
#7424=EDGE_LOOP('',(#157,#158,#159,#160));
#7425=EDGE_LOOP('',(#161,#162,#163,#164));
#7426=EDGE_LOOP('',(#165,#166,#167,#168));
#7427=EDGE_LOOP('',(#169,#170,#171,#172));
#7428=EDGE_LOOP('',(#173,#174,#175,#176));
#7429=EDGE_LOOP('',(#177,#178,#179,#180));
#7430=EDGE_LOOP('',(#181,#182,#183,#184));
#7431=EDGE_LOOP('',(#185,#186,#187,#188));
#7432=EDGE_LOOP('',(#189,#190,#191,#192));
#7433=EDGE_LOOP('',(#193,#194,#195,#196));
#7434=EDGE_LOOP('',(#197,#198,#199,#200));
#7435=EDGE_LOOP('',(#201,#202,#203,#204));
#7436=EDGE_LOOP('',(#205,#206,#207,#208));
#7437=EDGE_LOOP('',(#209,#210,#211,#212));
#7438=EDGE_LOOP('',(#213,#214,#215,#216));
#7439=EDGE_LOOP('',(#217,#218,#219,#220));
#7440=EDGE_LOOP('',(#221,#222,#223,#224));
#7441=EDGE_LOOP('',(#225,#226,#227,#228));
#7442=EDGE_LOOP('',(#229,#230,#231,#232));
#7443=EDGE_LOOP('',(#233,#234,#235,#236));
#7444=EDGE_LOOP('',(#237,#238,#239,#240));
#7445=EDGE_LOOP('',(#241,#242,#243,#244));
#7446=EDGE_LOOP('',(#245,#246,#247,#248));
#7447=EDGE_LOOP('',(#249,#250,#251,#252));
#7448=EDGE_LOOP('',(#253,#254,#255,#256));
#7449=EDGE_LOOP('',(#257,#258,#259,#260));
#7450=EDGE_LOOP('',(#261,#262,#263,#264));
#7451=EDGE_LOOP('',(#265,#266,#267,#268));
#7452=EDGE_LOOP('',(#269,#270,#271,#272));
#7453=EDGE_LOOP('',(#273,#274,#275,#276));
#7454=EDGE_LOOP('',(#277,#278,#279,#280));
#7455=EDGE_LOOP('',(#281,#282,#283,#284));
#7456=EDGE_LOOP('',(#285,#286,#287,#288));
#7457=EDGE_LOOP('',(#289,#290,#291,#292));
#7458=EDGE_LOOP('',(#293,#294,#295,#296));
#7459=EDGE_LOOP('',(#297,#298,#299,#300,#301,#302,#303,#304,#305,#306,#307,
#308));
#7460=EDGE_LOOP('',(#309,#310,#311,#312));
#7461=EDGE_LOOP('',(#313,#314,#315,#316,#317,#318,#319,#320,#321,#322,#323,
#324));
#7462=EDGE_LOOP('',(#325,#326,#327,#328));
#7463=EDGE_LOOP('',(#329,#330,#331,#332));
#7464=EDGE_LOOP('',(#333,#334,#335,#336));
#7465=EDGE_LOOP('',(#337,#338,#339,#340));
#7466=EDGE_LOOP('',(#341,#342,#343,#344));
#7467=EDGE_LOOP('',(#345,#346,#347,#348));
#7468=EDGE_LOOP('',(#349,#350,#351,#352));
#7469=EDGE_LOOP('',(#353,#354,#355,#356));
#7470=EDGE_LOOP('',(#357,#358,#359,#360));
#7471=EDGE_LOOP('',(#361,#362,#363,#364));
#7472=EDGE_LOOP('',(#365,#366,#367,#368));
#7473=EDGE_LOOP('',(#369,#370,#371,#372));
#7474=EDGE_LOOP('',(#373,#374,#375,#376));
#7475=EDGE_LOOP('',(#377,#378,#379,#380));
#7476=EDGE_LOOP('',(#381,#382,#383,#384));
#7477=EDGE_LOOP('',(#385,#386,#387,#388));
#7478=EDGE_LOOP('',(#389,#390,#391,#392));
#7479=EDGE_LOOP('',(#393,#394,#395,#396));
#7480=EDGE_LOOP('',(#397,#398,#399,#400));
#7481=EDGE_LOOP('',(#401,#402,#403,#404));
#7482=EDGE_LOOP('',(#405,#406,#407,#408));
#7483=EDGE_LOOP('',(#409,#410,#411,#412));
#7484=EDGE_LOOP('',(#413,#414,#415,#416));
#7485=EDGE_LOOP('',(#417,#418,#419,#420));
#7486=EDGE_LOOP('',(#421,#422,#423,#424));
#7487=EDGE_LOOP('',(#425,#426,#427,#428));
#7488=EDGE_LOOP('',(#429,#430,#431,#432));
#7489=EDGE_LOOP('',(#433,#434,#435,#436));
#7490=EDGE_LOOP('',(#437,#438,#439,#440));
#7491=EDGE_LOOP('',(#441,#442,#443,#444));
#7492=EDGE_LOOP('',(#445,#446,#447,#448));
#7493=EDGE_LOOP('',(#449,#450,#451,#452));
#7494=EDGE_LOOP('',(#453,#454,#455,#456));
#7495=EDGE_LOOP('',(#457,#458,#459,#460));
#7496=EDGE_LOOP('',(#461,#462,#463,#464));
#7497=EDGE_LOOP('',(#465,#466,#467,#468));
#7498=EDGE_LOOP('',(#469,#470,#471,#472));
#7499=EDGE_LOOP('',(#473,#474,#475,#476));
#7500=EDGE_LOOP('',(#477,#478,#479,#480));
#7501=EDGE_LOOP('',(#481,#482,#483,#484));
#7502=EDGE_LOOP('',(#485,#486,#487,#488));
#7503=EDGE_LOOP('',(#489,#490,#491,#492));
#7504=EDGE_LOOP('',(#493,#494,#495,#496));
#7505=EDGE_LOOP('',(#497,#498,#499,#500));
#7506=EDGE_LOOP('',(#501,#502,#503,#504));
#7507=EDGE_LOOP('',(#505,#506,#507,#508));
#7508=EDGE_LOOP('',(#509,#510,#511,#512));
#7509=EDGE_LOOP('',(#513,#514,#515,#516));
#7510=EDGE_LOOP('',(#517,#518,#519,#520));
#7511=EDGE_LOOP('',(#521,#522,#523,#524));
#7512=EDGE_LOOP('',(#525,#526,#527,#528));
#7513=EDGE_LOOP('',(#529,#530,#531,#532));
#7514=EDGE_LOOP('',(#533,#534,#535,#536));
#7515=EDGE_LOOP('',(#537,#538,#539,#540));
#7516=EDGE_LOOP('',(#541,#542,#543,#544));
#7517=EDGE_LOOP('',(#545,#546,#547,#548));
#7518=EDGE_LOOP('',(#549,#550,#551,#552));
#7519=EDGE_LOOP('',(#553,#554,#555,#556));
#7520=EDGE_LOOP('',(#557,#558,#559,#560));
#7521=EDGE_LOOP('',(#561,#562,#563,#564));
#7522=EDGE_LOOP('',(#565,#566,#567,#568));
#7523=EDGE_LOOP('',(#569,#570,#571,#572));
#7524=EDGE_LOOP('',(#573,#574,#575,#576));
#7525=EDGE_LOOP('',(#577,#578,#579,#580));
#7526=EDGE_LOOP('',(#581,#582,#583,#584));
#7527=EDGE_LOOP('',(#585,#586,#587,#588));
#7528=EDGE_LOOP('',(#589,#590,#591,#592));
#7529=EDGE_LOOP('',(#593,#594,#595,#596));
#7530=EDGE_LOOP('',(#597,#598,#599,#600));
#7531=EDGE_LOOP('',(#601,#602,#603,#604,#605,#606,#607,#608,#609,#610,#611,
#612));
#7532=EDGE_LOOP('',(#613,#614,#615,#616));
#7533=EDGE_LOOP('',(#617,#618,#619,#620));
#7534=EDGE_LOOP('',(#621,#622,#623,#624));
#7535=EDGE_LOOP('',(#625,#626,#627,#628));
#7536=EDGE_LOOP('',(#629,#630,#631,#632));
#7537=EDGE_LOOP('',(#633,#634,#635,#636));
#7538=EDGE_LOOP('',(#637,#638,#639,#640,#641,#642,#643,#644,#645,#646,#647,
#648));
#7539=EDGE_LOOP('',(#649,#650,#651,#652));
#7540=EDGE_LOOP('',(#653,#654,#655,#656));
#7541=EDGE_LOOP('',(#657,#658,#659,#660));
#7542=EDGE_LOOP('',(#661,#662,#663,#664));
#7543=EDGE_LOOP('',(#665,#666,#667,#668));
#7544=EDGE_LOOP('',(#669,#670,#671,#672));
#7545=EDGE_LOOP('',(#673,#674,#675,#676));
#7546=EDGE_LOOP('',(#677,#678,#679,#680,#681,#682));
#7547=EDGE_LOOP('',(#683,#684,#685,#686,#687,#688));
#7548=EDGE_LOOP('',(#689,#690,#691,#692,#693,#694));
#7549=EDGE_LOOP('',(#695,#696,#697,#698));
#7550=EDGE_LOOP('',(#699,#700,#701,#702,#703,#704));
#7551=EDGE_LOOP('',(#705,#706,#707,#708));
#7552=EDGE_LOOP('',(#709,#710,#711,#712));
#7553=EDGE_LOOP('',(#713,#714,#715,#716));
#7554=EDGE_LOOP('',(#717,#718,#719,#720));
#7555=EDGE_LOOP('',(#721,#722,#723,#724));
#7556=EDGE_LOOP('',(#725,#726,#727,#728));
#7557=EDGE_LOOP('',(#729,#730,#731,#732));
#7558=EDGE_LOOP('',(#733,#734,#735,#736));
#7559=EDGE_LOOP('',(#737,#738,#739,#740,#741,#742,#743));
#7560=EDGE_LOOP('',(#744,#745,#746,#747,#748,#749,#750));
#7561=EDGE_LOOP('',(#751,#752,#753,#754,#755,#756,#757));
#7562=EDGE_LOOP('',(#758,#759,#760,#761,#762,#763,#764));
#7563=EDGE_LOOP('',(#765,#766,#767,#768));
#7564=EDGE_LOOP('',(#769,#770,#771,#772));
#7565=EDGE_LOOP('',(#773,#774,#775,#776));
#7566=EDGE_LOOP('',(#777,#778,#779,#780));
#7567=EDGE_LOOP('',(#781,#782,#783,#784));
#7568=EDGE_LOOP('',(#785,#786,#787,#788));
#7569=EDGE_LOOP('',(#789,#790,#791,#792));
#7570=EDGE_LOOP('',(#793,#794,#795,#796));
#7571=EDGE_LOOP('',(#797,#798,#799,#800));
#7572=EDGE_LOOP('',(#801,#802,#803,#804,#805,#806,#807,#808,#809,#810,#811,
#812,#813,#814,#815,#816,#817,#818,#819,#820,#821,#822,#823,#824,#825,#826,
#827,#828,#829,#830,#831,#832,#833,#834,#835,#836,#837,#838,#839,#840));
#7573=EDGE_LOOP('',(#841,#842,#843,#844));
#7574=EDGE_LOOP('',(#845,#846,#847,#848));
#7575=EDGE_LOOP('',(#849,#850,#851,#852));
#7576=EDGE_LOOP('',(#853,#854,#855,#856));
#7577=EDGE_LOOP('',(#857,#858,#859,#860));
#7578=EDGE_LOOP('',(#861,#862,#863,#864));
#7579=EDGE_LOOP('',(#865,#866,#867,#868));
#7580=EDGE_LOOP('',(#869,#870,#871,#872));
#7581=EDGE_LOOP('',(#873,#874,#875,#876));
#7582=EDGE_LOOP('',(#877,#878,#879,#880));
#7583=EDGE_LOOP('',(#881,#882,#883,#884));
#7584=EDGE_LOOP('',(#885,#886,#887,#888));
#7585=EDGE_LOOP('',(#889,#890,#891,#892));
#7586=EDGE_LOOP('',(#893,#894,#895,#896));
#7587=EDGE_LOOP('',(#897,#898,#899,#900));
#7588=EDGE_LOOP('',(#901,#902,#903,#904));
#7589=EDGE_LOOP('',(#905,#906,#907,#908));
#7590=EDGE_LOOP('',(#909,#910,#911,#912));
#7591=EDGE_LOOP('',(#913,#914,#915,#916));
#7592=EDGE_LOOP('',(#917,#918,#919,#920));
#7593=EDGE_LOOP('',(#921,#922,#923,#924));
#7594=EDGE_LOOP('',(#925,#926,#927,#928));
#7595=EDGE_LOOP('',(#929,#930,#931,#932));
#7596=EDGE_LOOP('',(#933,#934,#935,#936));
#7597=EDGE_LOOP('',(#937,#938,#939,#940));
#7598=EDGE_LOOP('',(#941,#942,#943,#944));
#7599=EDGE_LOOP('',(#945,#946,#947,#948));
#7600=EDGE_LOOP('',(#949,#950,#951,#952));
#7601=EDGE_LOOP('',(#953,#954,#955,#956));
#7602=EDGE_LOOP('',(#957,#958,#959,#960));
#7603=EDGE_LOOP('',(#961,#962,#963,#964));
#7604=EDGE_LOOP('',(#965,#966,#967,#968));
#7605=EDGE_LOOP('',(#969,#970,#971,#972));
#7606=EDGE_LOOP('',(#973,#974,#975,#976));
#7607=EDGE_LOOP('',(#977,#978,#979,#980));
#7608=EDGE_LOOP('',(#981,#982,#983,#984));
#7609=EDGE_LOOP('',(#985,#986,#987,#988));
#7610=EDGE_LOOP('',(#989,#990,#991,#992));
#7611=EDGE_LOOP('',(#993,#994,#995,#996));
#7612=EDGE_LOOP('',(#997,#998,#999,#1000));
#7613=EDGE_LOOP('',(#1001,#1002,#1003,#1004));
#7614=EDGE_LOOP('',(#1005,#1006,#1007,#1008));
#7615=EDGE_LOOP('',(#1009,#1010,#1011,#1012));
#7616=EDGE_LOOP('',(#1013,#1014,#1015,#1016));
#7617=EDGE_LOOP('',(#1017,#1018,#1019,#1020));
#7618=EDGE_LOOP('',(#1021,#1022,#1023,#1024));
#7619=EDGE_LOOP('',(#1025,#1026,#1027,#1028));
#7620=EDGE_LOOP('',(#1029,#1030,#1031,#1032));
#7621=EDGE_LOOP('',(#1033,#1034,#1035,#1036));
#7622=EDGE_LOOP('',(#1037,#1038,#1039,#1040));
#7623=EDGE_LOOP('',(#1041,#1042,#1043,#1044));
#7624=EDGE_LOOP('',(#1045,#1046,#1047,#1048));
#7625=EDGE_LOOP('',(#1049,#1050,#1051,#1052));
#7626=EDGE_LOOP('',(#1053,#1054,#1055,#1056));
#7627=EDGE_LOOP('',(#1057,#1058,#1059,#1060));
#7628=EDGE_LOOP('',(#1061,#1062,#1063,#1064));
#7629=EDGE_LOOP('',(#1065,#1066,#1067,#1068));
#7630=EDGE_LOOP('',(#1069,#1070,#1071,#1072));
#7631=EDGE_LOOP('',(#1073,#1074,#1075,#1076));
#7632=EDGE_LOOP('',(#1077,#1078,#1079,#1080));
#7633=EDGE_LOOP('',(#1081,#1082,#1083,#1084));
#7634=EDGE_LOOP('',(#1085,#1086,#1087,#1088));
#7635=EDGE_LOOP('',(#1089,#1090,#1091,#1092));
#7636=EDGE_LOOP('',(#1093,#1094,#1095,#1096));
#7637=EDGE_LOOP('',(#1097,#1098,#1099,#1100));
#7638=EDGE_LOOP('',(#1101,#1102,#1103,#1104));
#7639=EDGE_LOOP('',(#1105,#1106,#1107,#1108));
#7640=EDGE_LOOP('',(#1109,#1110,#1111,#1112));
#7641=EDGE_LOOP('',(#1113,#1114,#1115,#1116));
#7642=EDGE_LOOP('',(#1117,#1118,#1119,#1120));
#7643=EDGE_LOOP('',(#1121,#1122,#1123,#1124));
#7644=EDGE_LOOP('',(#1125,#1126,#1127,#1128));
#7645=EDGE_LOOP('',(#1129,#1130,#1131,#1132));
#7646=EDGE_LOOP('',(#1133,#1134,#1135,#1136));
#7647=EDGE_LOOP('',(#1137,#1138,#1139,#1140));
#7648=EDGE_LOOP('',(#1141,#1142,#1143,#1144));
#7649=EDGE_LOOP('',(#1145,#1146,#1147,#1148));
#7650=EDGE_LOOP('',(#1149,#1150,#1151,#1152));
#7651=EDGE_LOOP('',(#1153,#1154,#1155,#1156));
#7652=EDGE_LOOP('',(#1157,#1158,#1159,#1160));
#7653=EDGE_LOOP('',(#1161,#1162,#1163,#1164));
#7654=EDGE_LOOP('',(#1165,#1166,#1167,#1168));
#7655=EDGE_LOOP('',(#1169,#1170,#1171,#1172));
#7656=EDGE_LOOP('',(#1173,#1174,#1175,#1176));
#7657=EDGE_LOOP('',(#1177,#1178,#1179,#1180));
#7658=EDGE_LOOP('',(#1181,#1182,#1183,#1184));
#7659=EDGE_LOOP('',(#1185,#1186,#1187,#1188,#1189,#1190,#1191,#1192,#1193,
#1194,#1195,#1196,#1197,#1198,#1199,#1200,#1201,#1202,#1203,#1204,#1205,
#1206,#1207,#1208,#1209,#1210,#1211,#1212,#1213,#1214,#1215,#1216,#1217,
#1218,#1219,#1220,#1221,#1222,#1223,#1224));
#7660=EDGE_LOOP('',(#1225,#1226,#1227,#1228));
#7661=EDGE_LOOP('',(#1229,#1230,#1231,#1232));
#7662=EDGE_LOOP('',(#1233,#1234,#1235,#1236));
#7663=EDGE_LOOP('',(#1237,#1238,#1239,#1240));
#7664=EDGE_LOOP('',(#1241,#1242,#1243,#1244));
#7665=EDGE_LOOP('',(#1245,#1246,#1247,#1248,#1249,#1250,#1251,#1252,#1253,
#1254,#1255,#1256,#1257,#1258,#1259,#1260,#1261,#1262,#1263,#1264,#1265,
#1266,#1267,#1268,#1269,#1270,#1271,#1272,#1273,#1274,#1275,#1276,#1277,
#1278,#1279,#1280,#1281,#1282,#1283,#1284,#1285,#1286,#1287,#1288,#1289,
#1290,#1291,#1292,#1293,#1294,#1295,#1296,#1297,#1298,#1299,#1300,#1301,
#1302,#1303,#1304,#1305,#1306,#1307,#1308,#1309,#1310,#1311,#1312,#1313,
#1314,#1315,#1316,#1317,#1318,#1319,#1320));
#7666=EDGE_LOOP('',(#1321,#1322,#1323,#1324));
#7667=EDGE_LOOP('',(#1325,#1326,#1327,#1328));
#7668=EDGE_LOOP('',(#1329,#1330,#1331,#1332));
#7669=EDGE_LOOP('',(#1333,#1334,#1335,#1336));
#7670=EDGE_LOOP('',(#1337,#1338,#1339,#1340,#1341,#1342,#1343,#1344,#1345));
#7671=EDGE_LOOP('',(#1346,#1347,#1348,#1349,#1350,#1351,#1352,#1353,#1354));
#7672=EDGE_LOOP('',(#1355,#1356,#1357,#1358));
#7673=EDGE_LOOP('',(#1359,#1360,#1361,#1362));
#7674=EDGE_LOOP('',(#1363,#1364,#1365,#1366));
#7675=EDGE_LOOP('',(#1367,#1368,#1369,#1370));
#7676=EDGE_LOOP('',(#1371,#1372,#1373,#1374));
#7677=EDGE_LOOP('',(#1375,#1376,#1377,#1378));
#7678=EDGE_LOOP('',(#1379,#1380,#1381,#1382,#1383));
#7679=EDGE_LOOP('',(#1384,#1385,#1386,#1387,#1388));
#7680=EDGE_LOOP('',(#1389,#1390,#1391,#1392));
#7681=EDGE_LOOP('',(#1393,#1394,#1395,#1396));
#7682=EDGE_LOOP('',(#1397,#1398,#1399,#1400,#1401));
#7683=EDGE_LOOP('',(#1402,#1403,#1404,#1405,#1406));
#7684=EDGE_LOOP('',(#1407,#1408,#1409,#1410));
#7685=EDGE_LOOP('',(#1411,#1412,#1413,#1414));
#7686=EDGE_LOOP('',(#1415,#1416,#1417,#1418,#1419));
#7687=EDGE_LOOP('',(#1420,#1421,#1422,#1423,#1424));
#7688=EDGE_LOOP('',(#1425,#1426,#1427,#1428));
#7689=EDGE_LOOP('',(#1429,#1430,#1431,#1432));
#7690=EDGE_LOOP('',(#1433,#1434,#1435,#1436,#1437));
#7691=EDGE_LOOP('',(#1438,#1439,#1440,#1441,#1442));
#7692=EDGE_LOOP('',(#1443,#1444,#1445,#1446));
#7693=EDGE_LOOP('',(#1447,#1448,#1449,#1450));
#7694=EDGE_LOOP('',(#1451,#1452,#1453,#1454,#1455));
#7695=EDGE_LOOP('',(#1456,#1457,#1458,#1459,#1460));
#7696=EDGE_LOOP('',(#1461,#1462,#1463,#1464));
#7697=EDGE_LOOP('',(#1465,#1466,#1467,#1468));
#7698=EDGE_LOOP('',(#1469,#1470,#1471,#1472,#1473));
#7699=EDGE_LOOP('',(#1474,#1475,#1476,#1477,#1478));
#7700=EDGE_LOOP('',(#1479,#1480,#1481,#1482));
#7701=EDGE_LOOP('',(#1483,#1484,#1485,#1486));
#7702=EDGE_LOOP('',(#1487,#1488,#1489,#1490,#1491));
#7703=EDGE_LOOP('',(#1492,#1493,#1494,#1495,#1496));
#7704=EDGE_LOOP('',(#1497,#1498,#1499,#1500));
#7705=EDGE_LOOP('',(#1501,#1502,#1503,#1504));
#7706=EDGE_LOOP('',(#1505,#1506,#1507,#1508,#1509));
#7707=EDGE_LOOP('',(#1510,#1511,#1512,#1513,#1514));
#7708=EDGE_LOOP('',(#1515,#1516,#1517,#1518));
#7709=EDGE_LOOP('',(#1519,#1520,#1521,#1522));
#7710=EDGE_LOOP('',(#1523,#1524,#1525,#1526,#1527));
#7711=EDGE_LOOP('',(#1528,#1529,#1530,#1531,#1532));
#7712=EDGE_LOOP('',(#1533,#1534,#1535,#1536,#1537));
#7713=EDGE_LOOP('',(#1538,#1539,#1540,#1541,#1542));
#7714=EDGE_LOOP('',(#1543,#1544,#1545,#1546));
#7715=EDGE_LOOP('',(#1547,#1548,#1549,#1550));
#7716=EDGE_LOOP('',(#1551,#1552,#1553,#1554,#1555));
#7717=EDGE_LOOP('',(#1556,#1557,#1558,#1559,#1560));
#7718=EDGE_LOOP('',(#1561,#1562,#1563,#1564));
#7719=EDGE_LOOP('',(#1565,#1566,#1567,#1568));
#7720=EDGE_LOOP('',(#1569,#1570,#1571,#1572,#1573));
#7721=EDGE_LOOP('',(#1574,#1575,#1576,#1577,#1578));
#7722=EDGE_LOOP('',(#1579,#1580,#1581,#1582));
#7723=EDGE_LOOP('',(#1583,#1584,#1585,#1586));
#7724=EDGE_LOOP('',(#1587,#1588,#1589,#1590,#1591));
#7725=EDGE_LOOP('',(#1592,#1593,#1594,#1595,#1596));
#7726=EDGE_LOOP('',(#1597,#1598,#1599,#1600));
#7727=EDGE_LOOP('',(#1601,#1602,#1603,#1604));
#7728=EDGE_LOOP('',(#1605,#1606,#1607,#1608,#1609));
#7729=EDGE_LOOP('',(#1610,#1611,#1612,#1613,#1614));
#7730=EDGE_LOOP('',(#1615,#1616,#1617,#1618));
#7731=EDGE_LOOP('',(#1619,#1620,#1621,#1622));
#7732=EDGE_LOOP('',(#1623,#1624,#1625,#1626,#1627));
#7733=EDGE_LOOP('',(#1628,#1629,#1630,#1631));
#7734=EDGE_LOOP('',(#1632,#1633,#1634,#1635,#1636));
#7735=EDGE_LOOP('',(#1637,#1638,#1639,#1640));
#7736=EDGE_LOOP('',(#1641,#1642,#1643,#1644,#1645));
#7737=EDGE_LOOP('',(#1646,#1647,#1648,#1649,#1650));
#7738=EDGE_LOOP('',(#1651,#1652,#1653,#1654));
#7739=EDGE_LOOP('',(#1655,#1656,#1657,#1658));
#7740=EDGE_LOOP('',(#1659,#1660,#1661,#1662,#1663));
#7741=EDGE_LOOP('',(#1664,#1665,#1666,#1667,#1668));
#7742=EDGE_LOOP('',(#1669,#1670,#1671,#1672));
#7743=EDGE_LOOP('',(#1673,#1674,#1675,#1676));
#7744=EDGE_LOOP('',(#1677,#1678,#1679));
#7745=EDGE_LOOP('',(#1680,#1681,#1682));
#7746=EDGE_LOOP('',(#1683,#1684,#1685,#1686));
#7747=EDGE_LOOP('',(#1687,#1688,#1689,#1690,#1691,#1692,#1693,#1694,#1695,
#1696,#1697,#1698,#1699,#1700,#1701,#1702,#1703,#1704,#1705,#1706,#1707,
#1708,#1709,#1710,#1711,#1712,#1713,#1714,#1715,#1716,#1717,#1718,#1719,
#1720,#1721,#1722,#1723,#1724,#1725,#1726));
#7748=EDGE_LOOP('',(#1727,#1728,#1729,#1730));
#7749=EDGE_LOOP('',(#1731,#1732,#1733,#1734));
#7750=EDGE_LOOP('',(#1735,#1736,#1737,#1738));
#7751=EDGE_LOOP('',(#1739,#1740,#1741,#1742));
#7752=EDGE_LOOP('',(#1743,#1744,#1745,#1746));
#7753=EDGE_LOOP('',(#1747,#1748,#1749,#1750));
#7754=EDGE_LOOP('',(#1751,#1752,#1753,#1754));
#7755=EDGE_LOOP('',(#1755,#1756,#1757,#1758));
#7756=EDGE_LOOP('',(#1759,#1760,#1761,#1762));
#7757=EDGE_LOOP('',(#1763,#1764,#1765,#1766));
#7758=EDGE_LOOP('',(#1767,#1768,#1769,#1770));
#7759=EDGE_LOOP('',(#1771,#1772,#1773,#1774));
#7760=EDGE_LOOP('',(#1775,#1776,#1777,#1778));
#7761=EDGE_LOOP('',(#1779,#1780,#1781,#1782));
#7762=EDGE_LOOP('',(#1783,#1784,#1785,#1786));
#7763=EDGE_LOOP('',(#1787,#1788,#1789,#1790));
#7764=EDGE_LOOP('',(#1791,#1792,#1793,#1794));
#7765=EDGE_LOOP('',(#1795,#1796,#1797,#1798));
#7766=EDGE_LOOP('',(#1799,#1800,#1801,#1802));
#7767=EDGE_LOOP('',(#1803,#1804,#1805,#1806));
#7768=EDGE_LOOP('',(#1807,#1808,#1809,#1810));
#7769=EDGE_LOOP('',(#1811,#1812,#1813,#1814));
#7770=EDGE_LOOP('',(#1815,#1816,#1817,#1818));
#7771=EDGE_LOOP('',(#1819,#1820,#1821,#1822));
#7772=EDGE_LOOP('',(#1823,#1824,#1825,#1826));
#7773=EDGE_LOOP('',(#1827,#1828,#1829,#1830));
#7774=EDGE_LOOP('',(#1831,#1832,#1833,#1834));
#7775=EDGE_LOOP('',(#1835,#1836,#1837,#1838));
#7776=EDGE_LOOP('',(#1839,#1840,#1841,#1842));
#7777=EDGE_LOOP('',(#1843,#1844,#1845,#1846));
#7778=EDGE_LOOP('',(#1847,#1848,#1849,#1850));
#7779=EDGE_LOOP('',(#1851,#1852,#1853,#1854));
#7780=EDGE_LOOP('',(#1855,#1856,#1857,#1858));
#7781=EDGE_LOOP('',(#1859,#1860,#1861,#1862));
#7782=EDGE_LOOP('',(#1863,#1864,#1865,#1866));
#7783=EDGE_LOOP('',(#1867,#1868,#1869,#1870));
#7784=EDGE_LOOP('',(#1871,#1872,#1873,#1874));
#7785=EDGE_LOOP('',(#1875,#1876,#1877,#1878));
#7786=EDGE_LOOP('',(#1879,#1880,#1881,#1882));
#7787=EDGE_LOOP('',(#1883,#1884,#1885,#1886));
#7788=EDGE_LOOP('',(#1887,#1888,#1889,#1890));
#7789=EDGE_LOOP('',(#1891,#1892,#1893,#1894));
#7790=EDGE_LOOP('',(#1895,#1896,#1897,#1898));
#7791=EDGE_LOOP('',(#1899,#1900,#1901,#1902));
#7792=EDGE_LOOP('',(#1903,#1904,#1905,#1906));
#7793=EDGE_LOOP('',(#1907,#1908,#1909,#1910));
#7794=EDGE_LOOP('',(#1911,#1912,#1913,#1914));
#7795=EDGE_LOOP('',(#1915,#1916,#1917,#1918));
#7796=EDGE_LOOP('',(#1919,#1920,#1921,#1922));
#7797=EDGE_LOOP('',(#1923,#1924,#1925,#1926));
#7798=EDGE_LOOP('',(#1927,#1928,#1929,#1930));
#7799=EDGE_LOOP('',(#1931,#1932,#1933,#1934));
#7800=EDGE_LOOP('',(#1935,#1936,#1937,#1938));
#7801=EDGE_LOOP('',(#1939,#1940,#1941,#1942));
#7802=EDGE_LOOP('',(#1943,#1944,#1945,#1946));
#7803=EDGE_LOOP('',(#1947,#1948,#1949,#1950));
#7804=EDGE_LOOP('',(#1951,#1952,#1953,#1954));
#7805=EDGE_LOOP('',(#1955,#1956,#1957,#1958));
#7806=EDGE_LOOP('',(#1959,#1960,#1961,#1962));
#7807=EDGE_LOOP('',(#1963,#1964,#1965,#1966));
#7808=EDGE_LOOP('',(#1967,#1968,#1969,#1970));
#7809=EDGE_LOOP('',(#1971,#1972,#1973,#1974));
#7810=EDGE_LOOP('',(#1975,#1976,#1977,#1978));
#7811=EDGE_LOOP('',(#1979,#1980,#1981,#1982));
#7812=EDGE_LOOP('',(#1983,#1984,#1985,#1986));
#7813=EDGE_LOOP('',(#1987,#1988,#1989,#1990));
#7814=EDGE_LOOP('',(#1991,#1992,#1993,#1994));
#7815=EDGE_LOOP('',(#1995,#1996,#1997,#1998));
#7816=EDGE_LOOP('',(#1999,#2000,#2001,#2002));
#7817=EDGE_LOOP('',(#2003,#2004,#2005,#2006));
#7818=EDGE_LOOP('',(#2007,#2008,#2009,#2010));
#7819=EDGE_LOOP('',(#2011,#2012,#2013,#2014));
#7820=EDGE_LOOP('',(#2015,#2016,#2017,#2018));
#7821=EDGE_LOOP('',(#2019,#2020,#2021,#2022));
#7822=EDGE_LOOP('',(#2023,#2024,#2025,#2026));
#7823=EDGE_LOOP('',(#2027,#2028,#2029,#2030));
#7824=EDGE_LOOP('',(#2031,#2032,#2033,#2034));
#7825=EDGE_LOOP('',(#2035,#2036,#2037,#2038));
#7826=EDGE_LOOP('',(#2039,#2040,#2041,#2042));
#7827=EDGE_LOOP('',(#2043,#2044,#2045,#2046));
#7828=EDGE_LOOP('',(#2047,#2048,#2049,#2050));
#7829=EDGE_LOOP('',(#2051,#2052,#2053,#2054));
#7830=EDGE_LOOP('',(#2055,#2056,#2057,#2058));
#7831=EDGE_LOOP('',(#2059,#2060,#2061,#2062));
#7832=EDGE_LOOP('',(#2063,#2064,#2065,#2066));
#7833=EDGE_LOOP('',(#2067,#2068,#2069,#2070));
#7834=EDGE_LOOP('',(#2071,#2072,#2073,#2074));
#7835=EDGE_LOOP('',(#2075,#2076,#2077,#2078));
#7836=EDGE_LOOP('',(#2079,#2080,#2081,#2082));
#7837=EDGE_LOOP('',(#2083,#2084,#2085,#2086));
#7838=EDGE_LOOP('',(#2087,#2088,#2089,#2090));
#7839=EDGE_LOOP('',(#2091,#2092,#2093,#2094,#2095,#2096,#2097,#2098,#2099,
#2100,#2101,#2102,#2103,#2104,#2105,#2106,#2107,#2108,#2109,#2110,#2111,
#2112,#2113,#2114,#2115,#2116,#2117,#2118,#2119,#2120,#2121,#2122,#2123,
#2124,#2125,#2126,#2127,#2128,#2129,#2130,#2131,#2132,#2133,#2134,#2135,
#2136,#2137,#2138,#2139,#2140,#2141,#2142,#2143,#2144,#2145,#2146,#2147,
#2148,#2149,#2150,#2151,#2152,#2153,#2154,#2155,#2156,#2157,#2158,#2159,
#2160,#2161,#2162,#2163,#2164,#2165,#2166,#2167,#2168));
#7840=EDGE_LOOP('',(#2169,#2170,#2171,#2172));
#7841=EDGE_LOOP('',(#2173,#2174,#2175,#2176));
#7842=EDGE_LOOP('',(#2177,#2178,#2179,#2180));
#7843=EDGE_LOOP('',(#2181,#2182,#2183,#2184));
#7844=EDGE_LOOP('',(#2185,#2186,#2187,#2188));
#7845=EDGE_LOOP('',(#2189,#2190,#2191,#2192,#2193,#2194,#2195,#2196,#2197,
#2198,#2199,#2200,#2201,#2202,#2203,#2204,#2205,#2206,#2207,#2208,#2209,
#2210,#2211,#2212,#2213,#2214,#2215,#2216,#2217,#2218,#2219,#2220,#2221,
#2222,#2223,#2224,#2225,#2226,#2227,#2228));
#7846=EDGE_LOOP('',(#2229,#2230,#2231,#2232,#2233,#2234,#2235,#2236,#2237,
#2238,#2239,#2240,#2241));
#7847=EDGE_LOOP('',(#2242,#2243,#2244,#2245,#2246,#2247,#2248,#2249,#2250,
#2251,#2252,#2253,#2254));
#7848=EDGE_LOOP('',(#2255,#2256,#2257,#2258,#2259,#2260,#2261));
#7849=EDGE_LOOP('',(#2262,#2263,#2264,#2265,#2266,#2267,#2268));
#7850=EDGE_LOOP('',(#2269,#2270,#2271,#2272,#2273,#2274,#2275));
#7851=EDGE_LOOP('',(#2276,#2277,#2278,#2279,#2280,#2281,#2282));
#7852=EDGE_LOOP('',(#2283,#2284,#2285,#2286,#2287,#2288,#2289));
#7853=EDGE_LOOP('',(#2290,#2291,#2292,#2293,#2294,#2295,#2296));
#7854=EDGE_LOOP('',(#2297,#2298,#2299,#2300,#2301,#2302,#2303));
#7855=EDGE_LOOP('',(#2304,#2305,#2306,#2307,#2308,#2309,#2310));
#7856=EDGE_LOOP('',(#2311,#2312,#2313,#2314,#2315,#2316,#2317));
#7857=EDGE_LOOP('',(#2318,#2319,#2320,#2321,#2322,#2323,#2324));
#7858=EDGE_LOOP('',(#2325,#2326,#2327,#2328,#2329,#2330,#2331));
#7859=EDGE_LOOP('',(#2332,#2333,#2334,#2335,#2336,#2337,#2338));
#7860=EDGE_LOOP('',(#2339,#2340,#2341,#2342,#2343,#2344,#2345));
#7861=EDGE_LOOP('',(#2346,#2347,#2348,#2349,#2350,#2351,#2352));
#7862=EDGE_LOOP('',(#2353,#2354,#2355,#2356,#2357,#2358,#2359));
#7863=EDGE_LOOP('',(#2360,#2361,#2362,#2363,#2364,#2365,#2366));
#7864=EDGE_LOOP('',(#2367,#2368,#2369,#2370,#2371,#2372,#2373));
#7865=EDGE_LOOP('',(#2374,#2375,#2376,#2377,#2378,#2379,#2380));
#7866=EDGE_LOOP('',(#2381,#2382,#2383,#2384,#2385,#2386,#2387));
#7867=EDGE_LOOP('',(#2388,#2389,#2390,#2391,#2392,#2393,#2394));
#7868=EDGE_LOOP('',(#2395,#2396,#2397,#2398,#2399,#2400,#2401));
#7869=EDGE_LOOP('',(#2402,#2403,#2404,#2405,#2406,#2407,#2408));
#7870=EDGE_LOOP('',(#2409,#2410,#2411,#2412,#2413,#2414,#2415));
#7871=EDGE_LOOP('',(#2416,#2417,#2418,#2419));
#7872=EDGE_LOOP('',(#2420,#2421,#2422,#2423));
#7873=EDGE_LOOP('',(#2424,#2425,#2426,#2427,#2428,#2429,#2430));
#7874=EDGE_LOOP('',(#2431,#2432,#2433,#2434,#2435,#2436,#2437));
#7875=EDGE_LOOP('',(#2438,#2439,#2440,#2441,#2442,#2443,#2444));
#7876=EDGE_LOOP('',(#2445,#2446,#2447,#2448,#2449,#2450,#2451));
#7877=EDGE_LOOP('',(#2452,#2453,#2454,#2455,#2456,#2457,#2458));
#7878=EDGE_LOOP('',(#2459,#2460,#2461,#2462,#2463,#2464,#2465));
#7879=EDGE_LOOP('',(#2466,#2467,#2468,#2469,#2470,#2471,#2472));
#7880=EDGE_LOOP('',(#2473,#2474,#2475,#2476,#2477,#2478,#2479));
#7881=EDGE_LOOP('',(#2480,#2481,#2482,#2483,#2484,#2485,#2486));
#7882=EDGE_LOOP('',(#2487,#2488,#2489,#2490,#2491,#2492,#2493));
#7883=EDGE_LOOP('',(#2494,#2495,#2496,#2497,#2498,#2499,#2500));
#7884=EDGE_LOOP('',(#2501,#2502,#2503,#2504));
#7885=EDGE_LOOP('',(#2505,#2506,#2507,#2508,#2509,#2510));
#7886=EDGE_LOOP('',(#2511,#2512,#2513,#2514));
#7887=EDGE_LOOP('',(#2515,#2516,#2517,#2518));
#7888=EDGE_LOOP('',(#2519,#2520,#2521,#2522));
#7889=EDGE_LOOP('',(#2523,#2524,#2525,#2526));
#7890=EDGE_LOOP('',(#2527,#2528,#2529,#2530,#2531,#2532));
#7891=EDGE_LOOP('',(#2533,#2534,#2535,#2536));
#7892=EDGE_LOOP('',(#2537,#2538,#2539,#2540));
#7893=EDGE_LOOP('',(#2541,#2542,#2543,#2544));
#7894=EDGE_LOOP('',(#2545,#2546,#2547,#2548));
#7895=EDGE_LOOP('',(#2549,#2550,#2551,#2552));
#7896=EDGE_LOOP('',(#2553,#2554,#2555,#2556));
#7897=EDGE_LOOP('',(#2557,#2558,#2559,#2560));
#7898=EDGE_LOOP('',(#2561,#2562,#2563,#2564));
#7899=EDGE_LOOP('',(#2565,#2566,#2567,#2568));
#7900=EDGE_LOOP('',(#2569,#2570,#2571,#2572));
#7901=EDGE_LOOP('',(#2573,#2574,#2575,#2576));
#7902=EDGE_LOOP('',(#2577,#2578,#2579,#2580));
#7903=EDGE_LOOP('',(#2581,#2582,#2583,#2584));
#7904=EDGE_LOOP('',(#2585,#2586,#2587,#2588));
#7905=EDGE_LOOP('',(#2589,#2590,#2591,#2592));
#7906=EDGE_LOOP('',(#2593,#2594,#2595,#2596));
#7907=EDGE_LOOP('',(#2597,#2598,#2599,#2600));
#7908=EDGE_LOOP('',(#2601,#2602,#2603,#2604));
#7909=EDGE_LOOP('',(#2605,#2606,#2607,#2608));
#7910=EDGE_LOOP('',(#2609,#2610,#2611,#2612));
#7911=EDGE_LOOP('',(#2613,#2614,#2615,#2616));
#7912=EDGE_LOOP('',(#2617,#2618,#2619,#2620));
#7913=EDGE_LOOP('',(#2621,#2622,#2623,#2624));
#7914=EDGE_LOOP('',(#2625,#2626,#2627,#2628));
#7915=EDGE_LOOP('',(#2629,#2630,#2631,#2632));
#7916=EDGE_LOOP('',(#2633,#2634,#2635,#2636));
#7917=EDGE_LOOP('',(#2637,#2638,#2639,#2640));
#7918=EDGE_LOOP('',(#2641,#2642,#2643,#2644));
#7919=EDGE_LOOP('',(#2645,#2646,#2647,#2648));
#7920=EDGE_LOOP('',(#2649,#2650,#2651,#2652,#2653,#2654,#2655,#2656,#2657,
#2658,#2659,#2660,#2661,#2662,#2663,#2664,#2665,#2666,#2667,#2668,#2669,
#2670,#2671,#2672,#2673,#2674,#2675,#2676,#2677,#2678));
#7921=EDGE_LOOP('',(#2679,#2680,#2681,#2682,#2683,#2684,#2685,#2686,#2687,
#2688,#2689,#2690,#2691,#2692,#2693,#2694,#2695,#2696,#2697,#2698,#2699,
#2700,#2701,#2702,#2703,#2704,#2705,#2706,#2707,#2708));
#7922=EDGE_LOOP('',(#2709,#2710,#2711,#2712));
#7923=EDGE_LOOP('',(#2713,#2714,#2715,#2716));
#7924=EDGE_LOOP('',(#2717,#2718,#2719,#2720));
#7925=EDGE_LOOP('',(#2721,#2722,#2723,#2724));
#7926=EDGE_LOOP('',(#2725,#2726,#2727,#2728));
#7927=EDGE_LOOP('',(#2729,#2730,#2731,#2732));
#7928=EDGE_LOOP('',(#2733,#2734,#2735,#2736,#2737,#2738));
#7929=FACE_BOUND('',#7416,.T.);
#7930=FACE_BOUND('',#7417,.T.);
#7931=FACE_BOUND('',#7418,.T.);
#7932=FACE_BOUND('',#7419,.T.);
#7933=FACE_BOUND('',#7420,.T.);
#7934=FACE_BOUND('',#7421,.T.);
#7935=FACE_BOUND('',#7422,.T.);
#7936=FACE_BOUND('',#7423,.T.);
#7937=FACE_BOUND('',#7424,.T.);
#7938=FACE_BOUND('',#7425,.T.);
#7939=FACE_BOUND('',#7426,.T.);
#7940=FACE_BOUND('',#7427,.T.);
#7941=FACE_BOUND('',#7428,.T.);
#7942=FACE_BOUND('',#7429,.T.);
#7943=FACE_BOUND('',#7430,.T.);
#7944=FACE_BOUND('',#7431,.T.);
#7945=FACE_BOUND('',#7432,.T.);
#7946=FACE_BOUND('',#7433,.T.);
#7947=FACE_BOUND('',#7434,.T.);
#7948=FACE_BOUND('',#7435,.T.);
#7949=FACE_BOUND('',#7436,.T.);
#7950=FACE_BOUND('',#7437,.T.);
#7951=FACE_BOUND('',#7438,.T.);
#7952=FACE_BOUND('',#7439,.T.);
#7953=FACE_BOUND('',#7440,.T.);
#7954=FACE_BOUND('',#7441,.T.);
#7955=FACE_BOUND('',#7442,.T.);
#7956=FACE_BOUND('',#7443,.T.);
#7957=FACE_BOUND('',#7444,.T.);
#7958=FACE_BOUND('',#7445,.T.);
#7959=FACE_BOUND('',#7446,.T.);
#7960=FACE_BOUND('',#7447,.T.);
#7961=FACE_BOUND('',#7448,.T.);
#7962=FACE_BOUND('',#7449,.T.);
#7963=FACE_BOUND('',#7450,.T.);
#7964=FACE_BOUND('',#7451,.T.);
#7965=FACE_BOUND('',#7452,.T.);
#7966=FACE_BOUND('',#7453,.T.);
#7967=FACE_BOUND('',#7454,.T.);
#7968=FACE_BOUND('',#7455,.T.);
#7969=FACE_BOUND('',#7456,.T.);
#7970=FACE_BOUND('',#7457,.T.);
#7971=FACE_BOUND('',#7458,.T.);
#7972=FACE_BOUND('',#7459,.T.);
#7973=FACE_BOUND('',#7460,.T.);
#7974=FACE_BOUND('',#7461,.T.);
#7975=FACE_BOUND('',#7462,.T.);
#7976=FACE_BOUND('',#7463,.T.);
#7977=FACE_BOUND('',#7464,.T.);
#7978=FACE_BOUND('',#7465,.T.);
#7979=FACE_BOUND('',#7466,.T.);
#7980=FACE_BOUND('',#7467,.T.);
#7981=FACE_BOUND('',#7468,.T.);
#7982=FACE_BOUND('',#7469,.T.);
#7983=FACE_BOUND('',#7470,.T.);
#7984=FACE_BOUND('',#7471,.T.);
#7985=FACE_BOUND('',#7472,.T.);
#7986=FACE_BOUND('',#7473,.T.);
#7987=FACE_BOUND('',#7474,.T.);
#7988=FACE_BOUND('',#7475,.T.);
#7989=FACE_BOUND('',#7476,.T.);
#7990=FACE_BOUND('',#7477,.T.);
#7991=FACE_BOUND('',#7478,.T.);
#7992=FACE_BOUND('',#7479,.T.);
#7993=FACE_BOUND('',#7480,.T.);
#7994=FACE_BOUND('',#7481,.T.);
#7995=FACE_BOUND('',#7482,.T.);
#7996=FACE_BOUND('',#7483,.T.);
#7997=FACE_BOUND('',#7484,.T.);
#7998=FACE_BOUND('',#7485,.T.);
#7999=FACE_BOUND('',#7486,.T.);
#8000=FACE_BOUND('',#7487,.T.);
#8001=FACE_BOUND('',#7488,.T.);
#8002=FACE_BOUND('',#7489,.T.);
#8003=FACE_BOUND('',#7490,.T.);
#8004=FACE_BOUND('',#7491,.T.);
#8005=FACE_BOUND('',#7492,.T.);
#8006=FACE_BOUND('',#7493,.T.);
#8007=FACE_BOUND('',#7494,.T.);
#8008=FACE_BOUND('',#7495,.T.);
#8009=FACE_BOUND('',#7496,.T.);
#8010=FACE_BOUND('',#7497,.T.);
#8011=FACE_BOUND('',#7498,.T.);
#8012=FACE_BOUND('',#7499,.T.);
#8013=FACE_BOUND('',#7500,.T.);
#8014=FACE_BOUND('',#7501,.T.);
#8015=FACE_BOUND('',#7502,.T.);
#8016=FACE_BOUND('',#7503,.T.);
#8017=FACE_BOUND('',#7504,.T.);
#8018=FACE_BOUND('',#7505,.T.);
#8019=FACE_BOUND('',#7506,.T.);
#8020=FACE_BOUND('',#7507,.T.);
#8021=FACE_BOUND('',#7508,.T.);
#8022=FACE_BOUND('',#7509,.T.);
#8023=FACE_BOUND('',#7510,.T.);
#8024=FACE_BOUND('',#7511,.T.);
#8025=FACE_BOUND('',#7512,.T.);
#8026=FACE_BOUND('',#7513,.T.);
#8027=FACE_BOUND('',#7514,.T.);
#8028=FACE_BOUND('',#7515,.T.);
#8029=FACE_BOUND('',#7516,.T.);
#8030=FACE_BOUND('',#7517,.T.);
#8031=FACE_BOUND('',#7518,.T.);
#8032=FACE_BOUND('',#7519,.T.);
#8033=FACE_BOUND('',#7520,.T.);
#8034=FACE_BOUND('',#7521,.T.);
#8035=FACE_BOUND('',#7522,.T.);
#8036=FACE_BOUND('',#7523,.T.);
#8037=FACE_BOUND('',#7524,.T.);
#8038=FACE_BOUND('',#7525,.T.);
#8039=FACE_BOUND('',#7526,.T.);
#8040=FACE_BOUND('',#7527,.T.);
#8041=FACE_BOUND('',#7528,.T.);
#8042=FACE_BOUND('',#7529,.T.);
#8043=FACE_BOUND('',#7530,.T.);
#8044=FACE_BOUND('',#7531,.T.);
#8045=FACE_BOUND('',#7532,.T.);
#8046=FACE_BOUND('',#7533,.T.);
#8047=FACE_BOUND('',#7534,.T.);
#8048=FACE_BOUND('',#7535,.T.);
#8049=FACE_BOUND('',#7536,.T.);
#8050=FACE_BOUND('',#7537,.T.);
#8051=FACE_BOUND('',#7538,.T.);
#8052=FACE_BOUND('',#7539,.T.);
#8053=FACE_BOUND('',#7540,.T.);
#8054=FACE_BOUND('',#7541,.T.);
#8055=FACE_BOUND('',#7542,.T.);
#8056=FACE_BOUND('',#7543,.T.);
#8057=FACE_BOUND('',#7544,.T.);
#8058=FACE_BOUND('',#7545,.T.);
#8059=FACE_BOUND('',#7546,.T.);
#8060=FACE_BOUND('',#7547,.T.);
#8061=FACE_BOUND('',#7548,.T.);
#8062=FACE_BOUND('',#7549,.T.);
#8063=FACE_BOUND('',#7550,.T.);
#8064=FACE_BOUND('',#7551,.T.);
#8065=FACE_BOUND('',#7552,.T.);
#8066=FACE_BOUND('',#7553,.T.);
#8067=FACE_BOUND('',#7554,.T.);
#8068=FACE_BOUND('',#7555,.T.);
#8069=FACE_BOUND('',#7556,.T.);
#8070=FACE_BOUND('',#7557,.T.);
#8071=FACE_BOUND('',#7558,.T.);
#8072=FACE_BOUND('',#7559,.T.);
#8073=FACE_BOUND('',#7560,.T.);
#8074=FACE_BOUND('',#7561,.T.);
#8075=FACE_BOUND('',#7562,.T.);
#8076=FACE_BOUND('',#7563,.T.);
#8077=FACE_BOUND('',#7564,.T.);
#8078=FACE_BOUND('',#7565,.T.);
#8079=FACE_BOUND('',#7566,.T.);
#8080=FACE_BOUND('',#7567,.T.);
#8081=FACE_BOUND('',#7568,.T.);
#8082=FACE_BOUND('',#7569,.T.);
#8083=FACE_BOUND('',#7570,.T.);
#8084=FACE_BOUND('',#7571,.T.);
#8085=FACE_BOUND('',#7572,.T.);
#8086=FACE_BOUND('',#7573,.T.);
#8087=FACE_BOUND('',#7574,.T.);
#8088=FACE_BOUND('',#7575,.T.);
#8089=FACE_BOUND('',#7576,.T.);
#8090=FACE_BOUND('',#7577,.T.);
#8091=FACE_BOUND('',#7578,.T.);
#8092=FACE_BOUND('',#7579,.T.);
#8093=FACE_BOUND('',#7580,.T.);
#8094=FACE_BOUND('',#7581,.T.);
#8095=FACE_BOUND('',#7582,.T.);
#8096=FACE_BOUND('',#7583,.T.);
#8097=FACE_BOUND('',#7584,.T.);
#8098=FACE_BOUND('',#7585,.T.);
#8099=FACE_BOUND('',#7586,.T.);
#8100=FACE_BOUND('',#7587,.T.);
#8101=FACE_BOUND('',#7588,.T.);
#8102=FACE_BOUND('',#7589,.T.);
#8103=FACE_BOUND('',#7590,.T.);
#8104=FACE_BOUND('',#7591,.T.);
#8105=FACE_BOUND('',#7592,.T.);
#8106=FACE_BOUND('',#7593,.T.);
#8107=FACE_BOUND('',#7594,.T.);
#8108=FACE_BOUND('',#7595,.T.);
#8109=FACE_BOUND('',#7596,.T.);
#8110=FACE_BOUND('',#7597,.T.);
#8111=FACE_BOUND('',#7598,.T.);
#8112=FACE_BOUND('',#7599,.T.);
#8113=FACE_BOUND('',#7600,.T.);
#8114=FACE_BOUND('',#7601,.T.);
#8115=FACE_BOUND('',#7602,.T.);
#8116=FACE_BOUND('',#7603,.T.);
#8117=FACE_BOUND('',#7604,.T.);
#8118=FACE_BOUND('',#7605,.T.);
#8119=FACE_BOUND('',#7606,.T.);
#8120=FACE_BOUND('',#7607,.T.);
#8121=FACE_BOUND('',#7608,.T.);
#8122=FACE_BOUND('',#7609,.T.);
#8123=FACE_BOUND('',#7610,.T.);
#8124=FACE_BOUND('',#7611,.T.);
#8125=FACE_BOUND('',#7612,.T.);
#8126=FACE_BOUND('',#7613,.T.);
#8127=FACE_BOUND('',#7614,.T.);
#8128=FACE_BOUND('',#7615,.T.);
#8129=FACE_BOUND('',#7616,.T.);
#8130=FACE_BOUND('',#7617,.T.);
#8131=FACE_BOUND('',#7618,.T.);
#8132=FACE_BOUND('',#7619,.T.);
#8133=FACE_BOUND('',#7620,.T.);
#8134=FACE_BOUND('',#7621,.T.);
#8135=FACE_BOUND('',#7622,.T.);
#8136=FACE_BOUND('',#7623,.T.);
#8137=FACE_BOUND('',#7624,.T.);
#8138=FACE_BOUND('',#7625,.T.);
#8139=FACE_BOUND('',#7626,.T.);
#8140=FACE_BOUND('',#7627,.T.);
#8141=FACE_BOUND('',#7628,.T.);
#8142=FACE_BOUND('',#7629,.T.);
#8143=FACE_BOUND('',#7630,.T.);
#8144=FACE_BOUND('',#7631,.T.);
#8145=FACE_BOUND('',#7632,.T.);
#8146=FACE_BOUND('',#7633,.T.);
#8147=FACE_BOUND('',#7634,.T.);
#8148=FACE_BOUND('',#7635,.T.);
#8149=FACE_BOUND('',#7636,.T.);
#8150=FACE_BOUND('',#7637,.T.);
#8151=FACE_BOUND('',#7638,.T.);
#8152=FACE_BOUND('',#7639,.T.);
#8153=FACE_BOUND('',#7640,.T.);
#8154=FACE_BOUND('',#7641,.T.);
#8155=FACE_BOUND('',#7642,.T.);
#8156=FACE_BOUND('',#7643,.T.);
#8157=FACE_BOUND('',#7644,.T.);
#8158=FACE_BOUND('',#7645,.T.);
#8159=FACE_BOUND('',#7646,.T.);
#8160=FACE_BOUND('',#7647,.T.);
#8161=FACE_BOUND('',#7648,.T.);
#8162=FACE_BOUND('',#7649,.T.);
#8163=FACE_BOUND('',#7650,.T.);
#8164=FACE_BOUND('',#7651,.T.);
#8165=FACE_BOUND('',#7652,.T.);
#8166=FACE_BOUND('',#7653,.T.);
#8167=FACE_BOUND('',#7654,.T.);
#8168=FACE_BOUND('',#7655,.T.);
#8169=FACE_BOUND('',#7656,.T.);
#8170=FACE_BOUND('',#7657,.T.);
#8171=FACE_BOUND('',#7658,.T.);
#8172=FACE_BOUND('',#7659,.T.);
#8173=FACE_BOUND('',#7660,.T.);
#8174=FACE_BOUND('',#7661,.T.);
#8175=FACE_BOUND('',#7662,.T.);
#8176=FACE_BOUND('',#7663,.T.);
#8177=FACE_BOUND('',#7664,.T.);
#8178=FACE_BOUND('',#7665,.T.);
#8179=FACE_BOUND('',#7666,.T.);
#8180=FACE_BOUND('',#7667,.T.);
#8181=FACE_BOUND('',#7668,.T.);
#8182=FACE_BOUND('',#7669,.T.);
#8183=FACE_BOUND('',#7670,.T.);
#8184=FACE_BOUND('',#7671,.T.);
#8185=FACE_BOUND('',#7672,.T.);
#8186=FACE_BOUND('',#7673,.T.);
#8187=FACE_BOUND('',#7674,.T.);
#8188=FACE_BOUND('',#7675,.T.);
#8189=FACE_BOUND('',#7676,.T.);
#8190=FACE_BOUND('',#7677,.T.);
#8191=FACE_BOUND('',#7678,.T.);
#8192=FACE_BOUND('',#7679,.T.);
#8193=FACE_BOUND('',#7680,.T.);
#8194=FACE_BOUND('',#7681,.T.);
#8195=FACE_BOUND('',#7682,.T.);
#8196=FACE_BOUND('',#7683,.T.);
#8197=FACE_BOUND('',#7684,.T.);
#8198=FACE_BOUND('',#7685,.T.);
#8199=FACE_BOUND('',#7686,.T.);
#8200=FACE_BOUND('',#7687,.T.);
#8201=FACE_BOUND('',#7688,.T.);
#8202=FACE_BOUND('',#7689,.T.);
#8203=FACE_BOUND('',#7690,.T.);
#8204=FACE_BOUND('',#7691,.T.);
#8205=FACE_BOUND('',#7692,.T.);
#8206=FACE_BOUND('',#7693,.T.);
#8207=FACE_BOUND('',#7694,.T.);
#8208=FACE_BOUND('',#7695,.T.);
#8209=FACE_BOUND('',#7696,.T.);
#8210=FACE_BOUND('',#7697,.T.);
#8211=FACE_BOUND('',#7698,.T.);
#8212=FACE_BOUND('',#7699,.T.);
#8213=FACE_BOUND('',#7700,.T.);
#8214=FACE_BOUND('',#7701,.T.);
#8215=FACE_BOUND('',#7702,.T.);
#8216=FACE_BOUND('',#7703,.T.);
#8217=FACE_BOUND('',#7704,.T.);
#8218=FACE_BOUND('',#7705,.T.);
#8219=FACE_BOUND('',#7706,.T.);
#8220=FACE_BOUND('',#7707,.T.);
#8221=FACE_BOUND('',#7708,.T.);
#8222=FACE_BOUND('',#7709,.T.);
#8223=FACE_BOUND('',#7710,.T.);
#8224=FACE_BOUND('',#7711,.T.);
#8225=FACE_BOUND('',#7712,.T.);
#8226=FACE_BOUND('',#7713,.T.);
#8227=FACE_BOUND('',#7714,.T.);
#8228=FACE_BOUND('',#7715,.T.);
#8229=FACE_BOUND('',#7716,.T.);
#8230=FACE_BOUND('',#7717,.T.);
#8231=FACE_BOUND('',#7718,.T.);
#8232=FACE_BOUND('',#7719,.T.);
#8233=FACE_BOUND('',#7720,.T.);
#8234=FACE_BOUND('',#7721,.T.);
#8235=FACE_BOUND('',#7722,.T.);
#8236=FACE_BOUND('',#7723,.T.);
#8237=FACE_BOUND('',#7724,.T.);
#8238=FACE_BOUND('',#7725,.T.);
#8239=FACE_BOUND('',#7726,.T.);
#8240=FACE_BOUND('',#7727,.T.);
#8241=FACE_BOUND('',#7728,.T.);
#8242=FACE_BOUND('',#7729,.T.);
#8243=FACE_BOUND('',#7730,.T.);
#8244=FACE_BOUND('',#7731,.T.);
#8245=FACE_BOUND('',#7732,.T.);
#8246=FACE_BOUND('',#7733,.T.);
#8247=FACE_BOUND('',#7734,.T.);
#8248=FACE_BOUND('',#7735,.T.);
#8249=FACE_BOUND('',#7736,.T.);
#8250=FACE_BOUND('',#7737,.T.);
#8251=FACE_BOUND('',#7738,.T.);
#8252=FACE_BOUND('',#7739,.T.);
#8253=FACE_BOUND('',#7740,.T.);
#8254=FACE_BOUND('',#7741,.T.);
#8255=FACE_BOUND('',#7742,.T.);
#8256=FACE_BOUND('',#7743,.T.);
#8257=FACE_BOUND('',#7744,.T.);
#8258=FACE_BOUND('',#7745,.T.);
#8259=FACE_BOUND('',#7746,.T.);
#8260=FACE_BOUND('',#7747,.T.);
#8261=FACE_BOUND('',#7748,.T.);
#8262=FACE_BOUND('',#7749,.T.);
#8263=FACE_BOUND('',#7750,.T.);
#8264=FACE_BOUND('',#7751,.T.);
#8265=FACE_BOUND('',#7752,.T.);
#8266=FACE_BOUND('',#7753,.T.);
#8267=FACE_BOUND('',#7754,.T.);
#8268=FACE_BOUND('',#7755,.T.);
#8269=FACE_BOUND('',#7756,.T.);
#8270=FACE_BOUND('',#7757,.T.);
#8271=FACE_BOUND('',#7758,.T.);
#8272=FACE_BOUND('',#7759,.T.);
#8273=FACE_BOUND('',#7760,.T.);
#8274=FACE_BOUND('',#7761,.T.);
#8275=FACE_BOUND('',#7762,.T.);
#8276=FACE_BOUND('',#7763,.T.);
#8277=FACE_BOUND('',#7764,.T.);
#8278=FACE_BOUND('',#7765,.T.);
#8279=FACE_BOUND('',#7766,.T.);
#8280=FACE_BOUND('',#7767,.T.);
#8281=FACE_BOUND('',#7768,.T.);
#8282=FACE_BOUND('',#7769,.T.);
#8283=FACE_BOUND('',#7770,.T.);
#8284=FACE_BOUND('',#7771,.T.);
#8285=FACE_BOUND('',#7772,.T.);
#8286=FACE_BOUND('',#7773,.T.);
#8287=FACE_BOUND('',#7774,.T.);
#8288=FACE_BOUND('',#7775,.T.);
#8289=FACE_BOUND('',#7776,.T.);
#8290=FACE_BOUND('',#7777,.T.);
#8291=FACE_BOUND('',#7778,.T.);
#8292=FACE_BOUND('',#7779,.T.);
#8293=FACE_BOUND('',#7780,.T.);
#8294=FACE_BOUND('',#7781,.T.);
#8295=FACE_BOUND('',#7782,.T.);
#8296=FACE_BOUND('',#7783,.T.);
#8297=FACE_BOUND('',#7784,.T.);
#8298=FACE_BOUND('',#7785,.T.);
#8299=FACE_BOUND('',#7786,.T.);
#8300=FACE_BOUND('',#7787,.T.);
#8301=FACE_BOUND('',#7788,.T.);
#8302=FACE_BOUND('',#7789,.T.);
#8303=FACE_BOUND('',#7790,.T.);
#8304=FACE_BOUND('',#7791,.T.);
#8305=FACE_BOUND('',#7792,.T.);
#8306=FACE_BOUND('',#7793,.T.);
#8307=FACE_BOUND('',#7794,.T.);
#8308=FACE_BOUND('',#7795,.T.);
#8309=FACE_BOUND('',#7796,.T.);
#8310=FACE_BOUND('',#7797,.T.);
#8311=FACE_BOUND('',#7798,.T.);
#8312=FACE_BOUND('',#7799,.T.);
#8313=FACE_BOUND('',#7800,.T.);
#8314=FACE_BOUND('',#7801,.T.);
#8315=FACE_BOUND('',#7802,.T.);
#8316=FACE_BOUND('',#7803,.T.);
#8317=FACE_BOUND('',#7804,.T.);
#8318=FACE_BOUND('',#7805,.T.);
#8319=FACE_BOUND('',#7806,.T.);
#8320=FACE_BOUND('',#7807,.T.);
#8321=FACE_BOUND('',#7808,.T.);
#8322=FACE_BOUND('',#7809,.T.);
#8323=FACE_BOUND('',#7810,.T.);
#8324=FACE_BOUND('',#7811,.T.);
#8325=FACE_BOUND('',#7812,.T.);
#8326=FACE_BOUND('',#7813,.T.);
#8327=FACE_BOUND('',#7814,.T.);
#8328=FACE_BOUND('',#7815,.T.);
#8329=FACE_BOUND('',#7816,.T.);
#8330=FACE_BOUND('',#7817,.T.);
#8331=FACE_BOUND('',#7818,.T.);
#8332=FACE_BOUND('',#7819,.T.);
#8333=FACE_BOUND('',#7820,.T.);
#8334=FACE_BOUND('',#7821,.T.);
#8335=FACE_BOUND('',#7822,.T.);
#8336=FACE_BOUND('',#7823,.T.);
#8337=FACE_BOUND('',#7824,.T.);
#8338=FACE_BOUND('',#7825,.T.);
#8339=FACE_BOUND('',#7826,.T.);
#8340=FACE_BOUND('',#7827,.T.);
#8341=FACE_BOUND('',#7828,.T.);
#8342=FACE_BOUND('',#7829,.T.);
#8343=FACE_BOUND('',#7830,.T.);
#8344=FACE_BOUND('',#7831,.T.);
#8345=FACE_BOUND('',#7832,.T.);
#8346=FACE_BOUND('',#7833,.T.);
#8347=FACE_BOUND('',#7834,.T.);
#8348=FACE_BOUND('',#7835,.T.);
#8349=FACE_BOUND('',#7836,.T.);
#8350=FACE_BOUND('',#7837,.T.);
#8351=FACE_BOUND('',#7838,.T.);
#8352=FACE_BOUND('',#7839,.T.);
#8353=FACE_BOUND('',#7840,.T.);
#8354=FACE_BOUND('',#7841,.T.);
#8355=FACE_BOUND('',#7842,.T.);
#8356=FACE_BOUND('',#7843,.T.);
#8357=FACE_BOUND('',#7844,.T.);
#8358=FACE_BOUND('',#7845,.T.);
#8359=FACE_BOUND('',#7846,.T.);
#8360=FACE_BOUND('',#7847,.T.);
#8361=FACE_BOUND('',#7848,.T.);
#8362=FACE_BOUND('',#7849,.T.);
#8363=FACE_BOUND('',#7850,.T.);
#8364=FACE_BOUND('',#7851,.T.);
#8365=FACE_BOUND('',#7852,.T.);
#8366=FACE_BOUND('',#7853,.T.);
#8367=FACE_BOUND('',#7854,.T.);
#8368=FACE_BOUND('',#7855,.T.);
#8369=FACE_BOUND('',#7856,.T.);
#8370=FACE_BOUND('',#7857,.T.);
#8371=FACE_BOUND('',#7858,.T.);
#8372=FACE_BOUND('',#7859,.T.);
#8373=FACE_BOUND('',#7860,.T.);
#8374=FACE_BOUND('',#7861,.T.);
#8375=FACE_BOUND('',#7862,.T.);
#8376=FACE_BOUND('',#7863,.T.);
#8377=FACE_BOUND('',#7864,.T.);
#8378=FACE_BOUND('',#7865,.T.);
#8379=FACE_BOUND('',#7866,.T.);
#8380=FACE_BOUND('',#7867,.T.);
#8381=FACE_BOUND('',#7868,.T.);
#8382=FACE_BOUND('',#7869,.T.);
#8383=FACE_BOUND('',#7870,.T.);
#8384=FACE_BOUND('',#7871,.T.);
#8385=FACE_BOUND('',#7872,.T.);
#8386=FACE_BOUND('',#7873,.T.);
#8387=FACE_BOUND('',#7874,.T.);
#8388=FACE_BOUND('',#7875,.T.);
#8389=FACE_BOUND('',#7876,.T.);
#8390=FACE_BOUND('',#7877,.T.);
#8391=FACE_BOUND('',#7878,.T.);
#8392=FACE_BOUND('',#7879,.T.);
#8393=FACE_BOUND('',#7880,.T.);
#8394=FACE_BOUND('',#7881,.T.);
#8395=FACE_BOUND('',#7882,.T.);
#8396=FACE_BOUND('',#7883,.T.);
#8397=FACE_BOUND('',#7884,.T.);
#8398=FACE_BOUND('',#7885,.T.);
#8399=FACE_BOUND('',#7886,.T.);
#8400=FACE_BOUND('',#7887,.T.);
#8401=FACE_BOUND('',#7888,.T.);
#8402=FACE_BOUND('',#7889,.T.);
#8403=FACE_BOUND('',#7890,.T.);
#8404=FACE_BOUND('',#7891,.T.);
#8405=FACE_BOUND('',#7892,.T.);
#8406=FACE_BOUND('',#7893,.T.);
#8407=FACE_BOUND('',#7894,.T.);
#8408=FACE_BOUND('',#7895,.T.);
#8409=FACE_BOUND('',#7896,.T.);
#8410=FACE_BOUND('',#7897,.T.);
#8411=FACE_BOUND('',#7898,.T.);
#8412=FACE_BOUND('',#7899,.T.);
#8413=FACE_BOUND('',#7900,.T.);
#8414=FACE_BOUND('',#7901,.T.);
#8415=FACE_BOUND('',#7902,.T.);
#8416=FACE_BOUND('',#7903,.T.);
#8417=FACE_BOUND('',#7904,.T.);
#8418=FACE_BOUND('',#7905,.T.);
#8419=FACE_BOUND('',#7906,.T.);
#8420=FACE_BOUND('',#7907,.T.);
#8421=FACE_BOUND('',#7908,.T.);
#8422=FACE_BOUND('',#7909,.T.);
#8423=FACE_BOUND('',#7910,.T.);
#8424=FACE_BOUND('',#7911,.T.);
#8425=FACE_BOUND('',#7912,.T.);
#8426=FACE_BOUND('',#7913,.T.);
#8427=FACE_BOUND('',#7914,.T.);
#8428=FACE_BOUND('',#7915,.T.);
#8429=FACE_BOUND('',#7916,.T.);
#8430=FACE_BOUND('',#7917,.T.);
#8431=FACE_BOUND('',#7918,.T.);
#8432=FACE_BOUND('',#7919,.T.);
#8433=FACE_BOUND('',#7920,.T.);
#8434=FACE_BOUND('',#7921,.T.);
#8435=FACE_BOUND('',#7922,.T.);
#8436=FACE_BOUND('',#7923,.T.);
#8437=FACE_BOUND('',#7924,.T.);
#8438=FACE_BOUND('',#7925,.T.);
#8439=FACE_BOUND('',#7926,.T.);
#8440=FACE_BOUND('',#7927,.T.);
#8441=FACE_BOUND('',#7928,.T.);
#8442=PLANE('',#9425);
#8443=PLANE('',#9426);
#8444=PLANE('',#9427);
#8445=PLANE('',#9428);
#8446=PLANE('',#9429);
#8447=PLANE('',#9430);
#8448=PLANE('',#9431);
#8449=PLANE('',#9432);
#8450=PLANE('',#9433);
#8451=PLANE('',#9434);
#8452=PLANE('',#9435);
#8453=PLANE('',#9436);
#8454=PLANE('',#9437);
#8455=PLANE('',#9438);
#8456=PLANE('',#9439);
#8457=PLANE('',#9440);
#8458=PLANE('',#9441);
#8459=PLANE('',#9442);
#8460=PLANE('',#9443);
#8461=PLANE('',#9444);
#8462=PLANE('',#9445);
#8463=PLANE('',#9446);
#8464=PLANE('',#9447);
#8465=PLANE('',#9448);
#8466=PLANE('',#9449);
#8467=PLANE('',#9450);
#8468=PLANE('',#9451);
#8469=PLANE('',#9452);
#8470=PLANE('',#9453);
#8471=PLANE('',#9454);
#8472=PLANE('',#9455);
#8473=PLANE('',#9456);
#8474=PLANE('',#9457);
#8475=PLANE('',#9458);
#8476=PLANE('',#9459);
#8477=PLANE('',#9460);
#8478=PLANE('',#9461);
#8479=PLANE('',#9462);
#8480=PLANE('',#9463);
#8481=PLANE('',#9464);
#8482=PLANE('',#9465);
#8483=PLANE('',#9466);
#8484=PLANE('',#9467);
#8485=PLANE('',#9468);
#8486=PLANE('',#9469);
#8487=PLANE('',#9470);
#8488=PLANE('',#9471);
#8489=PLANE('',#9472);
#8490=PLANE('',#9473);
#8491=PLANE('',#9474);
#8492=PLANE('',#9475);
#8493=PLANE('',#9476);
#8494=PLANE('',#9477);
#8495=PLANE('',#9478);
#8496=PLANE('',#9479);
#8497=PLANE('',#9480);
#8498=PLANE('',#9481);
#8499=PLANE('',#9482);
#8500=PLANE('',#9483);
#8501=PLANE('',#9484);
#8502=PLANE('',#9485);
#8503=PLANE('',#9486);
#8504=PLANE('',#9487);
#8505=PLANE('',#9488);
#8506=PLANE('',#9489);
#8507=PLANE('',#9490);
#8508=PLANE('',#9491);
#8509=PLANE('',#9492);
#8510=PLANE('',#9493);
#8511=PLANE('',#9494);
#8512=PLANE('',#9495);
#8513=PLANE('',#9496);
#8514=PLANE('',#9497);
#8515=PLANE('',#9498);
#8516=PLANE('',#9499);
#8517=PLANE('',#9500);
#8518=PLANE('',#9501);
#8519=PLANE('',#9502);
#8520=PLANE('',#9503);
#8521=PLANE('',#9504);
#8522=PLANE('',#9505);
#8523=PLANE('',#9506);
#8524=PLANE('',#9507);
#8525=PLANE('',#9508);
#8526=PLANE('',#9509);
#8527=PLANE('',#9510);
#8528=PLANE('',#9511);
#8529=PLANE('',#9512);
#8530=PLANE('',#9513);
#8531=PLANE('',#9514);
#8532=PLANE('',#9515);
#8533=PLANE('',#9516);
#8534=PLANE('',#9517);
#8535=PLANE('',#9518);
#8536=PLANE('',#9519);
#8537=PLANE('',#9520);
#8538=PLANE('',#9521);
#8539=PLANE('',#9522);
#8540=PLANE('',#9523);
#8541=PLANE('',#9524);
#8542=PLANE('',#9525);
#8543=PLANE('',#9526);
#8544=PLANE('',#9527);
#8545=PLANE('',#9528);
#8546=PLANE('',#9529);
#8547=PLANE('',#9530);
#8548=PLANE('',#9531);
#8549=PLANE('',#9532);
#8550=PLANE('',#9533);
#8551=PLANE('',#9534);
#8552=PLANE('',#9535);
#8553=PLANE('',#9536);
#8554=PLANE('',#9537);
#8555=PLANE('',#9538);
#8556=PLANE('',#9539);
#8557=PLANE('',#9540);
#8558=PLANE('',#9541);
#8559=PLANE('',#9542);
#8560=PLANE('',#9543);
#8561=PLANE('',#9544);
#8562=PLANE('',#9545);
#8563=PLANE('',#9546);
#8564=PLANE('',#9547);
#8565=PLANE('',#9548);
#8566=PLANE('',#9550);
#8567=PLANE('',#9551);
#8568=PLANE('',#9552);
#8569=PLANE('',#9553);
#8570=PLANE('',#9554);
#8571=PLANE('',#9555);
#8572=PLANE('',#9556);
#8573=PLANE('',#9557);
#8574=PLANE('',#9558);
#8575=PLANE('',#9559);
#8576=PLANE('',#9560);
#8577=PLANE('',#9561);
#8578=PLANE('',#9562);
#8579=PLANE('',#9563);
#8580=PLANE('',#9564);
#8581=PLANE('',#9565);
#8582=PLANE('',#9566);
#8583=PLANE('',#9567);
#8584=PLANE('',#9568);
#8585=PLANE('',#9569);
#8586=PLANE('',#9570);
#8587=PLANE('',#9571);
#8588=PLANE('',#9572);
#8589=PLANE('',#9573);
#8590=PLANE('',#9574);
#8591=PLANE('',#9575);
#8592=PLANE('',#9576);
#8593=PLANE('',#9577);
#8594=PLANE('',#9578);
#8595=PLANE('',#9579);
#8596=PLANE('',#9580);
#8597=PLANE('',#9581);
#8598=PLANE('',#9582);
#8599=PLANE('',#9583);
#8600=PLANE('',#9584);
#8601=PLANE('',#9585);
#8602=PLANE('',#9586);
#8603=PLANE('',#9587);
#8604=PLANE('',#9588);
#8605=PLANE('',#9589);
#8606=PLANE('',#9590);
#8607=PLANE('',#9591);
#8608=PLANE('',#9592);
#8609=PLANE('',#9593);
#8610=PLANE('',#9594);
#8611=PLANE('',#9595);
#8612=PLANE('',#9596);
#8613=PLANE('',#9597);
#8614=PLANE('',#9598);
#8615=PLANE('',#9599);
#8616=PLANE('',#9600);
#8617=PLANE('',#9601);
#8618=PLANE('',#9602);
#8619=PLANE('',#9603);
#8620=PLANE('',#9604);
#8621=PLANE('',#9605);
#8622=PLANE('',#9606);
#8623=PLANE('',#9607);
#8624=PLANE('',#9608);
#8625=PLANE('',#9609);
#8626=PLANE('',#9610);
#8627=PLANE('',#9611);
#8628=PLANE('',#9612);
#8629=PLANE('',#9613);
#8630=PLANE('',#9614);
#8631=PLANE('',#9615);
#8632=PLANE('',#9616);
#8633=PLANE('',#9617);
#8634=PLANE('',#9618);
#8635=PLANE('',#9619);
#8636=PLANE('',#9620);
#8637=PLANE('',#9621);
#8638=PLANE('',#9622);
#8639=PLANE('',#9623);
#8640=PLANE('',#9624);
#8641=PLANE('',#9625);
#8642=PLANE('',#9626);
#8643=PLANE('',#9627);
#8644=PLANE('',#9628);
#8645=PLANE('',#9629);
#8646=PLANE('',#9630);
#8647=PLANE('',#9631);
#8648=PLANE('',#9632);
#8649=PLANE('',#9633);
#8650=PLANE('',#9634);
#8651=PLANE('',#9635);
#8652=PLANE('',#9636);
#8653=PLANE('',#9637);
#8654=PLANE('',#9638);
#8655=PLANE('',#9639);
#8656=PLANE('',#9640);
#8657=PLANE('',#9641);
#8658=PLANE('',#9642);
#8659=PLANE('',#9643);
#8660=PLANE('',#9644);
#8661=PLANE('',#9645);
#8662=PLANE('',#9646);
#8663=PLANE('',#9647);
#8664=PLANE('',#9648);
#8665=PLANE('',#9649);
#8666=PLANE('',#9650);
#8667=PLANE('',#9651);
#8668=PLANE('',#9652);
#8669=PLANE('',#9653);
#8670=PLANE('',#9654);
#8671=PLANE('',#9655);
#8672=PLANE('',#9656);
#8673=PLANE('',#9657);
#8674=PLANE('',#9658);
#8675=PLANE('',#9659);
#8676=PLANE('',#9660);
#8677=PLANE('',#9661);
#8678=PLANE('',#9662);
#8679=PLANE('',#9663);
#8680=PLANE('',#9664);
#8681=PLANE('',#9665);
#8682=PLANE('',#9666);
#8683=PLANE('',#9667);
#8684=PLANE('',#9668);
#8685=PLANE('',#9669);
#8686=PLANE('',#9670);
#8687=PLANE('',#9671);
#8688=PLANE('',#9672);
#8689=PLANE('',#9673);
#8690=PLANE('',#9674);
#8691=PLANE('',#9675);
#8692=PLANE('',#9676);
#8693=PLANE('',#9677);
#8694=PLANE('',#9678);
#8695=PLANE('',#9679);
#8696=PLANE('',#9680);
#8697=PLANE('',#9681);
#8698=PLANE('',#9682);
#8699=PLANE('',#9683);
#8700=PLANE('',#9684);
#8701=PLANE('',#9685);
#8702=PLANE('',#9686);
#8703=PLANE('',#9687);
#8704=PLANE('',#9688);
#8705=PLANE('',#9689);
#8706=PLANE('',#9690);
#8707=PLANE('',#9691);
#8708=PLANE('',#9692);
#8709=PLANE('',#9693);
#8710=PLANE('',#9694);
#8711=PLANE('',#9695);
#8712=PLANE('',#9696);
#8713=PLANE('',#9697);
#8714=PLANE('',#9698);
#8715=PLANE('',#9699);
#8716=PLANE('',#9700);
#8717=PLANE('',#9701);
#8718=PLANE('',#9702);
#8719=PLANE('',#9703);
#8720=PLANE('',#9704);
#8721=PLANE('',#9705);
#8722=PLANE('',#9706);
#8723=PLANE('',#9707);
#8724=PLANE('',#9708);
#8725=PLANE('',#9709);
#8726=PLANE('',#9710);
#8727=PLANE('',#9711);
#8728=PLANE('',#9712);
#8729=PLANE('',#9713);
#8730=PLANE('',#9714);
#8731=PLANE('',#9715);
#8732=PLANE('',#9716);
#8733=PLANE('',#9717);
#8734=PLANE('',#9718);
#8735=PLANE('',#9719);
#8736=PLANE('',#9720);
#8737=PLANE('',#9721);
#8738=PLANE('',#9722);
#8739=PLANE('',#9723);
#8740=PLANE('',#9724);
#8741=PLANE('',#9726);
#8742=PLANE('',#9727);
#8743=PLANE('',#9728);
#8744=PLANE('',#9729);
#8745=PLANE('',#9730);
#8746=PLANE('',#9731);
#8747=PLANE('',#9732);
#8748=PLANE('',#9733);
#8749=PLANE('',#9734);
#8750=PLANE('',#9735);
#8751=PLANE('',#9736);
#8752=PLANE('',#9737);
#8753=PLANE('',#9738);
#8754=PLANE('',#9739);
#8755=PLANE('',#9740);
#8756=PLANE('',#9741);
#8757=PLANE('',#9742);
#8758=PLANE('',#9743);
#8759=PLANE('',#9744);
#8760=PLANE('',#9745);
#8761=PLANE('',#9746);
#8762=PLANE('',#9747);
#8763=PLANE('',#9748);
#8764=PLANE('',#9749);
#8765=PLANE('',#9750);
#8766=PLANE('',#9751);
#8767=PLANE('',#9752);
#8768=PLANE('',#9753);
#8769=PLANE('',#9781);
#8770=PLANE('',#9782);
#8771=PLANE('',#9783);
#8772=PLANE('',#9784);
#8773=PLANE('',#9785);
#8774=PLANE('',#9786);
#8775=PLANE('',#9787);
#8776=PLANE('',#9788);
#8777=PLANE('',#9789);
#8778=PLANE('',#9790);
#8779=PLANE('',#9791);
#8780=PLANE('',#9792);
#8781=PLANE('',#9793);
#8782=PLANE('',#9794);
#8783=PLANE('',#9795);
#8784=PLANE('',#9796);
#8785=PLANE('',#9797);
#8786=PLANE('',#9822);
#8787=PLANE('',#9823);
#8788=PLANE('',#9824);
#8789=PLANE('',#9825);
#8790=PLANE('',#9826);
#8791=PLANE('',#9827);
#8792=PLANE('',#9828);
#8793=PLANE('',#9829);
#8794=PLANE('',#9830);
#8795=PLANE('',#9831);
#8796=PLANE('',#9832);
#8797=PLANE('',#9833);
#8798=PLANE('',#9834);
#8799=PLANE('',#9835);
#8800=PLANE('',#9836);
#8801=PLANE('',#9837);
#8802=PLANE('',#9838);
#8803=PLANE('',#9839);
#8804=PLANE('',#9840);
#8805=PLANE('',#9841);
#8806=PLANE('',#9842);
#8807=PLANE('',#9843);
#8808=PLANE('',#9844);
#8809=PLANE('',#9845);
#8810=PLANE('',#9846);
#8811=PLANE('',#9847);
#8812=PLANE('',#9848);
#8813=PLANE('',#9852);
#8814=PLANE('',#9853);
#8815=PLANE('',#9854);
#8816=PLANE('',#9858);
#8817=PLANE('',#9859);
#8818=PLANE('',#9860);
#8819=PLANE('',#9861);
#8820=PLANE('',#9862);
#8821=PLANE('',#9863);
#8822=PLANE('',#9864);
#8823=PLANE('',#9865);
#8824=PLANE('',#9866);
#8825=PLANE('',#9867);
#8826=PLANE('',#9868);
#8827=PLANE('',#9869);
#8828=PLANE('',#9870);
#8829=PLANE('',#9871);
#8830=PLANE('',#9872);
#8831=PLANE('',#9873);
#8832=PLANE('',#9874);
#8833=PLANE('',#9875);
#8834=PLANE('',#9876);
#8835=PLANE('',#9877);
#8836=PLANE('',#9878);
#8837=PLANE('',#9879);
#8838=PLANE('',#9880);
#8839=PLANE('',#9881);
#8840=PLANE('',#9882);
#8841=PLANE('',#9883);
#8842=PLANE('',#9884);
#8843=PLANE('',#9885);
#8844=PLANE('',#9886);
#8845=PLANE('',#9887);
#8846=PLANE('',#9888);
#8847=PLANE('',#9889);
#8848=PLANE('',#9890);
#8849=PLANE('',#9891);
#8850=PLANE('',#9892);
#8851=PLANE('',#9893);
#8852=PLANE('',#9894);
#8853=PLANE('',#9895);
#8854=PLANE('',#9896);
#8855=PLANE('',#9897);
#8856=PLANE('',#9898);
#8857=PLANE('',#9899);
#8858=PLANE('',#9900);
#8859=PLANE('',#9901);
#8860=PLANE('',#9902);
#8861=PLANE('',#9903);
#8862=PLANE('',#9904);
#8863=PLANE('',#9906);
#8864=PLANE('',#9907);
#8865=PLANE('',#9908);
#8866=PLANE('',#9909);
#8867=PLANE('',#9913);
#8868=PLANE('',#9917);
#8869=PLANE('',#9918);
#8870=PLANE('',#9919);
#8871=PLANE('',#9920);
#8872=PLANE('',#9921);
#8873=PLANE('',#9922);
#8874=PLANE('',#9923);
#8875=PLANE('',#9927);
#8876=PLANE('',#9931);
#8877=PLANE('',#9932);
#8878=PLANE('',#9933);
#8879=PLANE('',#9934);
#8880=PLANE('',#9935);
#8881=PLANE('',#9936);
#8882=PLANE('',#9937);
#8883=PLANE('',#9941);
#8884=PLANE('',#9945);
#8885=PLANE('',#9946);
#8886=PLANE('',#9947);
#8887=PLANE('',#9948);
#8888=PLANE('',#9949);
#8889=PLANE('',#9950);
#8890=PLANE('',#9951);
#8891=PLANE('',#9952);
#8892=PLANE('',#9953);
#8893=PLANE('',#9954);
#8894=PLANE('',#9955);
#8895=PLANE('',#9956);
#8896=ADVANCED_FACE('',(#7929),#8442,.T.);
#8897=ADVANCED_FACE('',(#7930),#8443,.T.);
#8898=ADVANCED_FACE('',(#7931),#8444,.T.);
#8899=ADVANCED_FACE('',(#7932),#8445,.F.);
#8900=ADVANCED_FACE('',(#7933),#8446,.F.);
#8901=ADVANCED_FACE('',(#7934),#8447,.F.);
#8902=ADVANCED_FACE('',(#7935),#8448,.F.);
#8903=ADVANCED_FACE('',(#7936),#8449,.F.);
#8904=ADVANCED_FACE('',(#7937),#8450,.F.);
#8905=ADVANCED_FACE('',(#7938),#8451,.T.);
#8906=ADVANCED_FACE('',(#7939),#8452,.T.);
#8907=ADVANCED_FACE('',(#7940),#8453,.T.);
#8908=ADVANCED_FACE('',(#7941),#8454,.T.);
#8909=ADVANCED_FACE('',(#7942),#8455,.T.);
#8910=ADVANCED_FACE('',(#7943),#8456,.T.);
#8911=ADVANCED_FACE('',(#7944),#8457,.T.);
#8912=ADVANCED_FACE('',(#7945),#8458,.T.);
#8913=ADVANCED_FACE('',(#7946),#8459,.T.);
#8914=ADVANCED_FACE('',(#7947),#8460,.T.);
#8915=ADVANCED_FACE('',(#7948),#8461,.T.);
#8916=ADVANCED_FACE('',(#7949),#8462,.T.);
#8917=ADVANCED_FACE('',(#7950),#8463,.T.);
#8918=ADVANCED_FACE('',(#7951),#8464,.T.);
#8919=ADVANCED_FACE('',(#7952),#8465,.T.);
#8920=ADVANCED_FACE('',(#7953),#8466,.T.);
#8921=ADVANCED_FACE('',(#7954),#8467,.T.);
#8922=ADVANCED_FACE('',(#7955),#8468,.T.);
#8923=ADVANCED_FACE('',(#7956),#8469,.T.);
#8924=ADVANCED_FACE('',(#7957),#8470,.T.);
#8925=ADVANCED_FACE('',(#7958),#8471,.T.);
#8926=ADVANCED_FACE('',(#7959),#8472,.T.);
#8927=ADVANCED_FACE('',(#7960),#8473,.T.);
#8928=ADVANCED_FACE('',(#7961),#8474,.T.);
#8929=ADVANCED_FACE('',(#7962),#8475,.T.);
#8930=ADVANCED_FACE('',(#7963),#8476,.T.);
#8931=ADVANCED_FACE('',(#7964),#8477,.T.);
#8932=ADVANCED_FACE('',(#7965),#8478,.T.);
#8933=ADVANCED_FACE('',(#7966),#8479,.T.);
#8934=ADVANCED_FACE('',(#7967),#8480,.T.);
#8935=ADVANCED_FACE('',(#7968),#8481,.T.);
#8936=ADVANCED_FACE('',(#7969),#8482,.T.);
#8937=ADVANCED_FACE('',(#7970),#8483,.F.);
#8938=ADVANCED_FACE('',(#7971),#8484,.F.);
#8939=ADVANCED_FACE('',(#7972),#8485,.F.);
#8940=ADVANCED_FACE('',(#7973),#8486,.F.);
#8941=ADVANCED_FACE('',(#7974),#8487,.F.);
#8942=ADVANCED_FACE('',(#7975),#8488,.T.);
#8943=ADVANCED_FACE('',(#7976),#8489,.T.);
#8944=ADVANCED_FACE('',(#7977),#8490,.T.);
#8945=ADVANCED_FACE('',(#7978),#8491,.T.);
#8946=ADVANCED_FACE('',(#7979),#8492,.T.);
#8947=ADVANCED_FACE('',(#7980),#8493,.T.);
#8948=ADVANCED_FACE('',(#7981),#8494,.T.);
#8949=ADVANCED_FACE('',(#7982),#8495,.T.);
#8950=ADVANCED_FACE('',(#7983),#8496,.T.);
#8951=ADVANCED_FACE('',(#7984),#8497,.T.);
#8952=ADVANCED_FACE('',(#7985),#8498,.T.);
#8953=ADVANCED_FACE('',(#7986),#8499,.T.);
#8954=ADVANCED_FACE('',(#7987),#8500,.T.);
#8955=ADVANCED_FACE('',(#7988),#8501,.T.);
#8956=ADVANCED_FACE('',(#7989),#8502,.T.);
#8957=ADVANCED_FACE('',(#7990),#8503,.T.);
#8958=ADVANCED_FACE('',(#7991),#8504,.T.);
#8959=ADVANCED_FACE('',(#7992),#8505,.T.);
#8960=ADVANCED_FACE('',(#7993),#8506,.T.);
#8961=ADVANCED_FACE('',(#7994),#8507,.T.);
#8962=ADVANCED_FACE('',(#7995),#8508,.T.);
#8963=ADVANCED_FACE('',(#7996),#8509,.T.);
#8964=ADVANCED_FACE('',(#7997),#8510,.T.);
#8965=ADVANCED_FACE('',(#7998),#8511,.T.);
#8966=ADVANCED_FACE('',(#7999),#8512,.T.);
#8967=ADVANCED_FACE('',(#8000),#8513,.T.);
#8968=ADVANCED_FACE('',(#8001),#8514,.T.);
#8969=ADVANCED_FACE('',(#8002),#8515,.T.);
#8970=ADVANCED_FACE('',(#8003),#8516,.T.);
#8971=ADVANCED_FACE('',(#8004),#8517,.T.);
#8972=ADVANCED_FACE('',(#8005),#8518,.T.);
#8973=ADVANCED_FACE('',(#8006),#8519,.T.);
#8974=ADVANCED_FACE('',(#8007),#8520,.T.);
#8975=ADVANCED_FACE('',(#8008),#8521,.T.);
#8976=ADVANCED_FACE('',(#8009),#8522,.T.);
#8977=ADVANCED_FACE('',(#8010),#8523,.T.);
#8978=ADVANCED_FACE('',(#8011),#8524,.T.);
#8979=ADVANCED_FACE('',(#8012),#8525,.T.);
#8980=ADVANCED_FACE('',(#8013),#8526,.T.);
#8981=ADVANCED_FACE('',(#8014),#8527,.T.);
#8982=ADVANCED_FACE('',(#8015),#8528,.T.);
#8983=ADVANCED_FACE('',(#8016),#8529,.T.);
#8984=ADVANCED_FACE('',(#8017),#8530,.T.);
#8985=ADVANCED_FACE('',(#8018),#8531,.T.);
#8986=ADVANCED_FACE('',(#8019),#8532,.T.);
#8987=ADVANCED_FACE('',(#8020),#8533,.T.);
#8988=ADVANCED_FACE('',(#8021),#8534,.T.);
#8989=ADVANCED_FACE('',(#8022),#8535,.T.);
#8990=ADVANCED_FACE('',(#8023),#8536,.F.);
#8991=ADVANCED_FACE('',(#8024,#8025,#8026,#8027,#8028,#8029,#8030,#8031,
#8032,#8033,#8034,#8035,#8036,#8037,#8038,#8039,#8040,#8041,#8042,#8043,
#8044),#8537,.T.);
#8992=ADVANCED_FACE('',(#8045,#8046,#8047,#8048,#8049,#8050,#8051,#8052,
#8053,#8054,#8055,#8056,#8057),#8538,.F.);
#8993=ADVANCED_FACE('',(#8058),#8539,.F.);
#8994=ADVANCED_FACE('',(#8059),#8540,.F.);
#8995=ADVANCED_FACE('',(#8060),#8541,.F.);
#8996=ADVANCED_FACE('',(#8061),#8542,.F.);
#8997=ADVANCED_FACE('',(#8062),#8543,.F.);
#8998=ADVANCED_FACE('',(#8063),#8544,.F.);
#8999=ADVANCED_FACE('',(#8064),#8545,.F.);
#9000=ADVANCED_FACE('',(#8065),#8546,.F.);
#9001=ADVANCED_FACE('',(#8066),#8547,.F.);
#9002=ADVANCED_FACE('',(#8067),#8548,.F.);
#9003=ADVANCED_FACE('',(#8068),#8549,.F.);
#9004=ADVANCED_FACE('',(#8069),#8550,.F.);
#9005=ADVANCED_FACE('',(#8070),#8551,.F.);
#9006=ADVANCED_FACE('',(#8071),#8552,.F.);
#9007=ADVANCED_FACE('',(#8072),#8553,.T.);
#9008=ADVANCED_FACE('',(#8073),#8554,.T.);
#9009=ADVANCED_FACE('',(#8074),#8555,.T.);
#9010=ADVANCED_FACE('',(#8075),#8556,.T.);
#9011=ADVANCED_FACE('',(#8076),#8557,.T.);
#9012=ADVANCED_FACE('',(#8077),#8558,.T.);
#9013=ADVANCED_FACE('',(#8078),#8559,.T.);
#9014=ADVANCED_FACE('',(#8079),#8560,.F.);
#9015=ADVANCED_FACE('',(#8080),#8561,.T.);
#9016=ADVANCED_FACE('',(#8081),#8562,.T.);
#9017=ADVANCED_FACE('',(#8082),#8563,.T.);
#9018=ADVANCED_FACE('',(#8083),#8564,.T.);
#9019=ADVANCED_FACE('',(#8084),#8565,.T.);
#9020=ADVANCED_FACE('',(#8085),#8566,.T.);
#9021=ADVANCED_FACE('',(#8086),#8567,.T.);
#9022=ADVANCED_FACE('',(#8087),#8568,.T.);
#9023=ADVANCED_FACE('',(#8088),#8569,.T.);
#9024=ADVANCED_FACE('',(#8089),#8570,.T.);
#9025=ADVANCED_FACE('',(#8090),#8571,.T.);
#9026=ADVANCED_FACE('',(#8091),#8572,.T.);
#9027=ADVANCED_FACE('',(#8092),#8573,.T.);
#9028=ADVANCED_FACE('',(#8093),#8574,.T.);
#9029=ADVANCED_FACE('',(#8094),#8575,.T.);
#9030=ADVANCED_FACE('',(#8095),#8576,.T.);
#9031=ADVANCED_FACE('',(#8096),#8577,.T.);
#9032=ADVANCED_FACE('',(#8097),#8578,.T.);
#9033=ADVANCED_FACE('',(#8098),#8579,.T.);
#9034=ADVANCED_FACE('',(#8099),#8580,.T.);
#9035=ADVANCED_FACE('',(#8100),#8581,.T.);
#9036=ADVANCED_FACE('',(#8101),#8582,.T.);
#9037=ADVANCED_FACE('',(#8102),#8583,.T.);
#9038=ADVANCED_FACE('',(#8103),#8584,.T.);
#9039=ADVANCED_FACE('',(#8104),#8585,.T.);
#9040=ADVANCED_FACE('',(#8105),#8586,.T.);
#9041=ADVANCED_FACE('',(#8106),#8587,.T.);
#9042=ADVANCED_FACE('',(#8107),#8588,.T.);
#9043=ADVANCED_FACE('',(#8108),#8589,.T.);
#9044=ADVANCED_FACE('',(#8109),#8590,.T.);
#9045=ADVANCED_FACE('',(#8110),#8591,.T.);
#9046=ADVANCED_FACE('',(#8111),#8592,.T.);
#9047=ADVANCED_FACE('',(#8112),#8593,.T.);
#9048=ADVANCED_FACE('',(#8113),#8594,.T.);
#9049=ADVANCED_FACE('',(#8114),#8595,.T.);
#9050=ADVANCED_FACE('',(#8115),#8596,.T.);
#9051=ADVANCED_FACE('',(#8116),#8597,.T.);
#9052=ADVANCED_FACE('',(#8117),#8598,.T.);
#9053=ADVANCED_FACE('',(#8118),#8599,.T.);
#9054=ADVANCED_FACE('',(#8119),#8600,.T.);
#9055=ADVANCED_FACE('',(#8120),#8601,.T.);
#9056=ADVANCED_FACE('',(#8121),#8602,.T.);
#9057=ADVANCED_FACE('',(#8122),#8603,.T.);
#9058=ADVANCED_FACE('',(#8123),#8604,.T.);
#9059=ADVANCED_FACE('',(#8124),#8605,.T.);
#9060=ADVANCED_FACE('',(#8125),#8606,.T.);
#9061=ADVANCED_FACE('',(#8126),#8607,.T.);
#9062=ADVANCED_FACE('',(#8127),#8608,.T.);
#9063=ADVANCED_FACE('',(#8128),#8609,.T.);
#9064=ADVANCED_FACE('',(#8129),#8610,.T.);
#9065=ADVANCED_FACE('',(#8130),#8611,.T.);
#9066=ADVANCED_FACE('',(#8131),#8612,.T.);
#9067=ADVANCED_FACE('',(#8132),#8613,.T.);
#9068=ADVANCED_FACE('',(#8133),#8614,.T.);
#9069=ADVANCED_FACE('',(#8134),#8615,.T.);
#9070=ADVANCED_FACE('',(#8135),#8616,.T.);
#9071=ADVANCED_FACE('',(#8136),#8617,.T.);
#9072=ADVANCED_FACE('',(#8137),#8618,.T.);
#9073=ADVANCED_FACE('',(#8138),#8619,.T.);
#9074=ADVANCED_FACE('',(#8139),#8620,.T.);
#9075=ADVANCED_FACE('',(#8140),#8621,.T.);
#9076=ADVANCED_FACE('',(#8141),#8622,.T.);
#9077=ADVANCED_FACE('',(#8142),#8623,.T.);
#9078=ADVANCED_FACE('',(#8143),#8624,.T.);
#9079=ADVANCED_FACE('',(#8144),#8625,.T.);
#9080=ADVANCED_FACE('',(#8145),#8626,.T.);
#9081=ADVANCED_FACE('',(#8146),#8627,.T.);
#9082=ADVANCED_FACE('',(#8147),#8628,.T.);
#9083=ADVANCED_FACE('',(#8148),#8629,.T.);
#9084=ADVANCED_FACE('',(#8149),#8630,.T.);
#9085=ADVANCED_FACE('',(#8150),#8631,.T.);
#9086=ADVANCED_FACE('',(#8151),#8632,.T.);
#9087=ADVANCED_FACE('',(#8152),#8633,.T.);
#9088=ADVANCED_FACE('',(#8153),#8634,.T.);
#9089=ADVANCED_FACE('',(#8154),#8635,.T.);
#9090=ADVANCED_FACE('',(#8155),#8636,.T.);
#9091=ADVANCED_FACE('',(#8156),#8637,.T.);
#9092=ADVANCED_FACE('',(#8157),#8638,.T.);
#9093=ADVANCED_FACE('',(#8158),#8639,.T.);
#9094=ADVANCED_FACE('',(#8159),#8640,.T.);
#9095=ADVANCED_FACE('',(#8160),#8641,.T.);
#9096=ADVANCED_FACE('',(#8161),#8642,.T.);
#9097=ADVANCED_FACE('',(#8162),#8643,.T.);
#9098=ADVANCED_FACE('',(#8163),#8644,.T.);
#9099=ADVANCED_FACE('',(#8164),#8645,.T.);
#9100=ADVANCED_FACE('',(#8165),#8646,.T.);
#9101=ADVANCED_FACE('',(#8166),#8647,.T.);
#9102=ADVANCED_FACE('',(#8167),#8648,.T.);
#9103=ADVANCED_FACE('',(#8168),#8649,.T.);
#9104=ADVANCED_FACE('',(#8169),#8650,.T.);
#9105=ADVANCED_FACE('',(#8170),#8651,.T.);
#9106=ADVANCED_FACE('',(#8171),#8652,.T.);
#9107=ADVANCED_FACE('',(#8172),#8653,.T.);
#9108=ADVANCED_FACE('',(#8173),#8654,.T.);
#9109=ADVANCED_FACE('',(#8174),#8655,.T.);
#9110=ADVANCED_FACE('',(#8175),#8656,.T.);
#9111=ADVANCED_FACE('',(#8176),#8657,.T.);
#9112=ADVANCED_FACE('',(#8177),#8658,.T.);
#9113=ADVANCED_FACE('',(#8178),#8659,.T.);
#9114=ADVANCED_FACE('',(#8179),#8660,.T.);
#9115=ADVANCED_FACE('',(#8180),#8661,.T.);
#9116=ADVANCED_FACE('',(#8181),#8662,.T.);
#9117=ADVANCED_FACE('',(#8182),#8663,.T.);
#9118=ADVANCED_FACE('',(#8183),#8664,.T.);
#9119=ADVANCED_FACE('',(#8184),#8665,.F.);
#9120=ADVANCED_FACE('',(#8185),#8666,.F.);
#9121=ADVANCED_FACE('',(#8186),#8667,.F.);
#9122=ADVANCED_FACE('',(#8187),#8668,.F.);
#9123=ADVANCED_FACE('',(#8188),#8669,.F.);
#9124=ADVANCED_FACE('',(#8189),#8670,.F.);
#9125=ADVANCED_FACE('',(#8190),#8671,.F.);
#9126=ADVANCED_FACE('',(#8191),#8672,.F.);
#9127=ADVANCED_FACE('',(#8192),#8673,.F.);
#9128=ADVANCED_FACE('',(#8193),#8674,.F.);
#9129=ADVANCED_FACE('',(#8194),#8675,.F.);
#9130=ADVANCED_FACE('',(#8195),#8676,.F.);
#9131=ADVANCED_FACE('',(#8196),#8677,.F.);
#9132=ADVANCED_FACE('',(#8197),#8678,.F.);
#9133=ADVANCED_FACE('',(#8198),#8679,.F.);
#9134=ADVANCED_FACE('',(#8199),#8680,.F.);
#9135=ADVANCED_FACE('',(#8200),#8681,.F.);
#9136=ADVANCED_FACE('',(#8201),#8682,.F.);
#9137=ADVANCED_FACE('',(#8202),#8683,.F.);
#9138=ADVANCED_FACE('',(#8203),#8684,.F.);
#9139=ADVANCED_FACE('',(#8204),#8685,.F.);
#9140=ADVANCED_FACE('',(#8205),#8686,.F.);
#9141=ADVANCED_FACE('',(#8206),#8687,.F.);
#9142=ADVANCED_FACE('',(#8207),#8688,.F.);
#9143=ADVANCED_FACE('',(#8208),#8689,.F.);
#9144=ADVANCED_FACE('',(#8209),#8690,.F.);
#9145=ADVANCED_FACE('',(#8210),#8691,.F.);
#9146=ADVANCED_FACE('',(#8211),#8692,.F.);
#9147=ADVANCED_FACE('',(#8212),#8693,.F.);
#9148=ADVANCED_FACE('',(#8213),#8694,.F.);
#9149=ADVANCED_FACE('',(#8214),#8695,.F.);
#9150=ADVANCED_FACE('',(#8215),#8696,.F.);
#9151=ADVANCED_FACE('',(#8216),#8697,.F.);
#9152=ADVANCED_FACE('',(#8217),#8698,.F.);
#9153=ADVANCED_FACE('',(#8218),#8699,.F.);
#9154=ADVANCED_FACE('',(#8219),#8700,.F.);
#9155=ADVANCED_FACE('',(#8220),#8701,.F.);
#9156=ADVANCED_FACE('',(#8221),#8702,.F.);
#9157=ADVANCED_FACE('',(#8222),#8703,.F.);
#9158=ADVANCED_FACE('',(#8223),#8704,.F.);
#9159=ADVANCED_FACE('',(#8224),#8705,.F.);
#9160=ADVANCED_FACE('',(#8225),#8706,.F.);
#9161=ADVANCED_FACE('',(#8226),#8707,.F.);
#9162=ADVANCED_FACE('',(#8227),#8708,.F.);
#9163=ADVANCED_FACE('',(#8228),#8709,.F.);
#9164=ADVANCED_FACE('',(#8229),#8710,.F.);
#9165=ADVANCED_FACE('',(#8230),#8711,.F.);
#9166=ADVANCED_FACE('',(#8231),#8712,.F.);
#9167=ADVANCED_FACE('',(#8232),#8713,.F.);
#9168=ADVANCED_FACE('',(#8233),#8714,.F.);
#9169=ADVANCED_FACE('',(#8234),#8715,.F.);
#9170=ADVANCED_FACE('',(#8235),#8716,.F.);
#9171=ADVANCED_FACE('',(#8236),#8717,.F.);
#9172=ADVANCED_FACE('',(#8237),#8718,.F.);
#9173=ADVANCED_FACE('',(#8238),#8719,.F.);
#9174=ADVANCED_FACE('',(#8239),#8720,.F.);
#9175=ADVANCED_FACE('',(#8240),#8721,.F.);
#9176=ADVANCED_FACE('',(#8241),#8722,.F.);
#9177=ADVANCED_FACE('',(#8242),#8723,.F.);
#9178=ADVANCED_FACE('',(#8243),#8724,.F.);
#9179=ADVANCED_FACE('',(#8244),#8725,.F.);
#9180=ADVANCED_FACE('',(#8245),#8726,.F.);
#9181=ADVANCED_FACE('',(#8246),#8727,.F.);
#9182=ADVANCED_FACE('',(#8247),#8728,.F.);
#9183=ADVANCED_FACE('',(#8248),#8729,.F.);
#9184=ADVANCED_FACE('',(#8249),#8730,.F.);
#9185=ADVANCED_FACE('',(#8250),#8731,.F.);
#9186=ADVANCED_FACE('',(#8251),#8732,.F.);
#9187=ADVANCED_FACE('',(#8252),#8733,.F.);
#9188=ADVANCED_FACE('',(#8253),#8734,.F.);
#9189=ADVANCED_FACE('',(#8254),#8735,.F.);
#9190=ADVANCED_FACE('',(#8255),#8736,.F.);
#9191=ADVANCED_FACE('',(#8256),#8737,.F.);
#9192=ADVANCED_FACE('',(#8257),#8738,.F.);
#9193=ADVANCED_FACE('',(#8258),#8739,.T.);
#9194=ADVANCED_FACE('',(#8259),#8740,.F.);
#9195=ADVANCED_FACE('',(#8260,#8261),#8741,.T.);
#9196=ADVANCED_FACE('',(#8262),#8742,.T.);
#9197=ADVANCED_FACE('',(#8263),#8743,.T.);
#9198=ADVANCED_FACE('',(#8264),#8744,.T.);
#9199=ADVANCED_FACE('',(#8265),#8745,.T.);
#9200=ADVANCED_FACE('',(#8266),#8746,.T.);
#9201=ADVANCED_FACE('',(#8267),#8747,.T.);
#9202=ADVANCED_FACE('',(#8268),#8748,.T.);
#9203=ADVANCED_FACE('',(#8269),#8749,.T.);
#9204=ADVANCED_FACE('',(#8270),#8750,.T.);
#9205=ADVANCED_FACE('',(#8271),#8751,.T.);
#9206=ADVANCED_FACE('',(#8272),#8752,.T.);
#9207=ADVANCED_FACE('',(#8273),#8753,.T.);
#9208=ADVANCED_FACE('',(#8274),#8754,.T.);
#9209=ADVANCED_FACE('',(#8275),#8755,.T.);
#9210=ADVANCED_FACE('',(#8276),#8756,.T.);
#9211=ADVANCED_FACE('',(#8277),#8757,.T.);
#9212=ADVANCED_FACE('',(#8278),#8758,.T.);
#9213=ADVANCED_FACE('',(#8279),#8759,.T.);
#9214=ADVANCED_FACE('',(#8280),#8760,.T.);
#9215=ADVANCED_FACE('',(#8281),#8761,.T.);
#9216=ADVANCED_FACE('',(#8282),#8762,.T.);
#9217=ADVANCED_FACE('',(#8283),#8763,.T.);
#9218=ADVANCED_FACE('',(#8284),#8764,.T.);
#9219=ADVANCED_FACE('',(#8285),#8765,.T.);
#9220=ADVANCED_FACE('',(#8286),#8766,.T.);
#9221=ADVANCED_FACE('',(#8287),#8767,.T.);
#9222=ADVANCED_FACE('',(#8288),#8768,.T.);
#9223=ADVANCED_FACE('',(#8289),#68,.T.);
#9224=ADVANCED_FACE('',(#8290),#69,.T.);
#9225=ADVANCED_FACE('',(#8291),#70,.T.);
#9226=ADVANCED_FACE('',(#8292),#71,.T.);
#9227=ADVANCED_FACE('',(#8293),#72,.T.);
#9228=ADVANCED_FACE('',(#8294),#73,.T.);
#9229=ADVANCED_FACE('',(#8295),#74,.T.);
#9230=ADVANCED_FACE('',(#8296),#75,.T.);
#9231=ADVANCED_FACE('',(#8297),#76,.T.);
#9232=ADVANCED_FACE('',(#8298),#8769,.T.);
#9233=ADVANCED_FACE('',(#8299),#8770,.T.);
#9234=ADVANCED_FACE('',(#8300),#8771,.T.);
#9235=ADVANCED_FACE('',(#8301),#8772,.T.);
#9236=ADVANCED_FACE('',(#8302),#8773,.T.);
#9237=ADVANCED_FACE('',(#8303),#8774,.T.);
#9238=ADVANCED_FACE('',(#8304),#8775,.T.);
#9239=ADVANCED_FACE('',(#8305),#8776,.T.);
#9240=ADVANCED_FACE('',(#8306),#8777,.T.);
#9241=ADVANCED_FACE('',(#8307),#8778,.T.);
#9242=ADVANCED_FACE('',(#8308),#8779,.T.);
#9243=ADVANCED_FACE('',(#8309),#8780,.T.);
#9244=ADVANCED_FACE('',(#8310),#8781,.T.);
#9245=ADVANCED_FACE('',(#8311),#8782,.T.);
#9246=ADVANCED_FACE('',(#8312),#8783,.T.);
#9247=ADVANCED_FACE('',(#8313),#8784,.T.);
#9248=ADVANCED_FACE('',(#8314),#8785,.T.);
#9249=ADVANCED_FACE('',(#8315),#77,.T.);
#9250=ADVANCED_FACE('',(#8316),#78,.T.);
#9251=ADVANCED_FACE('',(#8317),#79,.T.);
#9252=ADVANCED_FACE('',(#8318),#80,.T.);
#9253=ADVANCED_FACE('',(#8319),#81,.T.);
#9254=ADVANCED_FACE('',(#8320),#82,.T.);
#9255=ADVANCED_FACE('',(#8321),#83,.T.);
#9256=ADVANCED_FACE('',(#8322),#84,.T.);
#9257=ADVANCED_FACE('',(#8323),#8786,.T.);
#9258=ADVANCED_FACE('',(#8324),#8787,.T.);
#9259=ADVANCED_FACE('',(#8325),#8788,.T.);
#9260=ADVANCED_FACE('',(#8326),#8789,.T.);
#9261=ADVANCED_FACE('',(#8327),#8790,.T.);
#9262=ADVANCED_FACE('',(#8328),#8791,.T.);
#9263=ADVANCED_FACE('',(#8329),#8792,.T.);
#9264=ADVANCED_FACE('',(#8330),#8793,.T.);
#9265=ADVANCED_FACE('',(#8331),#8794,.T.);
#9266=ADVANCED_FACE('',(#8332),#8795,.T.);
#9267=ADVANCED_FACE('',(#8333),#8796,.T.);
#9268=ADVANCED_FACE('',(#8334),#8797,.T.);
#9269=ADVANCED_FACE('',(#8335),#8798,.T.);
#9270=ADVANCED_FACE('',(#8336),#8799,.T.);
#9271=ADVANCED_FACE('',(#8337),#8800,.T.);
#9272=ADVANCED_FACE('',(#8338),#8801,.T.);
#9273=ADVANCED_FACE('',(#8339),#8802,.T.);
#9274=ADVANCED_FACE('',(#8340),#8803,.T.);
#9275=ADVANCED_FACE('',(#8341),#8804,.T.);
#9276=ADVANCED_FACE('',(#8342),#8805,.T.);
#9277=ADVANCED_FACE('',(#8343),#8806,.T.);
#9278=ADVANCED_FACE('',(#8344),#8807,.T.);
#9279=ADVANCED_FACE('',(#8345),#8808,.T.);
#9280=ADVANCED_FACE('',(#8346),#8809,.T.);
#9281=ADVANCED_FACE('',(#8347),#8810,.T.);
#9282=ADVANCED_FACE('',(#8348),#8811,.T.);
#9283=ADVANCED_FACE('',(#8349),#8812,.T.);
#9284=ADVANCED_FACE('',(#8350),#85,.T.);
#9285=ADVANCED_FACE('',(#8351),#8813,.T.);
#9286=ADVANCED_FACE('',(#8352),#8814,.T.);
#9287=ADVANCED_FACE('',(#8353),#8815,.T.);
#9288=ADVANCED_FACE('',(#8354),#86,.T.);
#9289=ADVANCED_FACE('',(#8355),#8816,.T.);
#9290=ADVANCED_FACE('',(#8356),#8817,.T.);
#9291=ADVANCED_FACE('',(#8357),#8818,.T.);
#9292=ADVANCED_FACE('',(#8358),#8819,.T.);
#9293=ADVANCED_FACE('',(#8359),#8820,.F.);
#9294=ADVANCED_FACE('',(#8360),#8821,.T.);
#9295=ADVANCED_FACE('',(#8361),#8822,.F.);
#9296=ADVANCED_FACE('',(#8362),#8823,.F.);
#9297=ADVANCED_FACE('',(#8363),#8824,.F.);
#9298=ADVANCED_FACE('',(#8364),#8825,.F.);
#9299=ADVANCED_FACE('',(#8365),#8826,.F.);
#9300=ADVANCED_FACE('',(#8366),#8827,.F.);
#9301=ADVANCED_FACE('',(#8367),#8828,.F.);
#9302=ADVANCED_FACE('',(#8368),#8829,.F.);
#9303=ADVANCED_FACE('',(#8369),#8830,.F.);
#9304=ADVANCED_FACE('',(#8370),#8831,.F.);
#9305=ADVANCED_FACE('',(#8371),#8832,.F.);
#9306=ADVANCED_FACE('',(#8372),#8833,.F.);
#9307=ADVANCED_FACE('',(#8373),#8834,.F.);
#9308=ADVANCED_FACE('',(#8374),#8835,.F.);
#9309=ADVANCED_FACE('',(#8375),#8836,.F.);
#9310=ADVANCED_FACE('',(#8376),#8837,.F.);
#9311=ADVANCED_FACE('',(#8377),#8838,.F.);
#9312=ADVANCED_FACE('',(#8378),#8839,.F.);
#9313=ADVANCED_FACE('',(#8379),#8840,.F.);
#9314=ADVANCED_FACE('',(#8380),#8841,.F.);
#9315=ADVANCED_FACE('',(#8381),#8842,.F.);
#9316=ADVANCED_FACE('',(#8382),#8843,.F.);
#9317=ADVANCED_FACE('',(#8383),#8844,.F.);
#9318=ADVANCED_FACE('',(#8384),#8845,.F.);
#9319=ADVANCED_FACE('',(#8385),#8846,.F.);
#9320=ADVANCED_FACE('',(#8386),#8847,.F.);
#9321=ADVANCED_FACE('',(#8387),#8848,.F.);
#9322=ADVANCED_FACE('',(#8388),#8849,.F.);
#9323=ADVANCED_FACE('',(#8389),#8850,.F.);
#9324=ADVANCED_FACE('',(#8390),#8851,.F.);
#9325=ADVANCED_FACE('',(#8391),#8852,.F.);
#9326=ADVANCED_FACE('',(#8392),#8853,.F.);
#9327=ADVANCED_FACE('',(#8393),#8854,.F.);
#9328=ADVANCED_FACE('',(#8394),#8855,.F.);
#9329=ADVANCED_FACE('',(#8395),#8856,.F.);
#9330=ADVANCED_FACE('',(#8396),#8857,.F.);
#9331=ADVANCED_FACE('',(#8397),#8858,.F.);
#9332=ADVANCED_FACE('',(#8398),#8859,.F.);
#9333=ADVANCED_FACE('',(#8399),#8860,.F.);
#9334=ADVANCED_FACE('',(#8400),#8861,.T.);
#9335=ADVANCED_FACE('',(#8401),#8862,.F.);
#9336=ADVANCED_FACE('',(#8402,#8403),#8863,.F.);
#9337=ADVANCED_FACE('',(#8404),#8864,.F.);
#9338=ADVANCED_FACE('',(#8405),#8865,.F.);
#9339=ADVANCED_FACE('',(#8406),#8866,.F.);
#9340=ADVANCED_FACE('',(#8407),#87,.T.);
#9341=ADVANCED_FACE('',(#8408),#8867,.F.);
#9342=ADVANCED_FACE('',(#8409),#88,.T.);
#9343=ADVANCED_FACE('',(#8410),#8868,.F.);
#9344=ADVANCED_FACE('',(#8411),#8869,.F.);
#9345=ADVANCED_FACE('',(#8412),#8870,.F.);
#9346=ADVANCED_FACE('',(#8413),#8871,.F.);
#9347=ADVANCED_FACE('',(#8414),#8872,.F.);
#9348=ADVANCED_FACE('',(#8415),#8873,.F.);
#9349=ADVANCED_FACE('',(#8416),#8874,.F.);
#9350=ADVANCED_FACE('',(#8417),#89,.T.);
#9351=ADVANCED_FACE('',(#8418),#8875,.F.);
#9352=ADVANCED_FACE('',(#8419),#90,.T.);
#9353=ADVANCED_FACE('',(#8420),#8876,.F.);
#9354=ADVANCED_FACE('',(#8421),#8877,.F.);
#9355=ADVANCED_FACE('',(#8422),#8878,.F.);
#9356=ADVANCED_FACE('',(#8423),#8879,.F.);
#9357=ADVANCED_FACE('',(#8424),#8880,.F.);
#9358=ADVANCED_FACE('',(#8425),#8881,.F.);
#9359=ADVANCED_FACE('',(#8426),#8882,.F.);
#9360=ADVANCED_FACE('',(#8427),#91,.T.);
#9361=ADVANCED_FACE('',(#8428),#8883,.F.);
#9362=ADVANCED_FACE('',(#8429),#92,.T.);
#9363=ADVANCED_FACE('',(#8430),#8884,.F.);
#9364=ADVANCED_FACE('',(#8431),#8885,.F.);
#9365=ADVANCED_FACE('',(#8432),#8886,.F.);
#9366=ADVANCED_FACE('',(#8433),#8887,.T.);
#9367=ADVANCED_FACE('',(#8434),#8888,.F.);
#9368=ADVANCED_FACE('',(#8435),#8889,.F.);
#9369=ADVANCED_FACE('',(#8436),#8890,.F.);
#9370=ADVANCED_FACE('',(#8437),#8891,.F.);
#9371=ADVANCED_FACE('',(#8438),#8892,.F.);
#9372=ADVANCED_FACE('',(#8439),#8893,.F.);
#9373=ADVANCED_FACE('',(#8440),#8894,.F.);
#9374=ADVANCED_FACE('',(#8441),#8895,.T.);
#9375=CLOSED_SHELL('',(#8896,#8897,#8898,#8899,#8900,#8901,#8902,#8903,
#8904,#8905,#8906,#8907,#8908,#8909,#8910,#8911,#8912,#8913,#8914,#8915,
#8916,#8917,#8918,#8919,#8920,#8921,#8922,#8923,#8924,#8925,#8926,#8927,
#8928,#8929,#8930,#8931,#8932,#8933,#8934,#8935,#8936,#8937,#8938,#8939,
#8940,#8941,#8942,#8943,#8944,#8945,#8946,#8947,#8948,#8949,#8950,#8951,
#8952,#8953,#8954,#8955,#8956,#8957,#8958,#8959,#8960,#8961,#8962,#8963,
#8964,#8965,#8966,#8967,#8968,#8969,#8970,#8971,#8972,#8973,#8974,#8975,
#8976,#8977,#8978,#8979,#8980,#8981,#8982,#8983,#8984,#8985,#8986,#8987,
#8988,#8989,#8990,#8991,#8992,#8993,#8994,#8995,#8996,#8997,#8998,#8999,
#9000,#9001,#9002,#9003,#9004,#9005,#9006,#9007,#9008,#9009,#9010,#9011,
#9012,#9013,#9014,#9015,#9016,#9017,#9018,#9019));
#9376=CLOSED_SHELL('',(#9020,#9021,#9022,#9023,#9024,#9025,#9026,#9027,
#9028,#9029,#9030,#9031,#9032,#9033,#9034,#9035,#9036,#9037,#9038,#9039,
#9040,#9041,#9042,#9043,#9044,#9045,#9046,#9047,#9048,#9049,#9050,#9051,
#9052,#9053,#9054,#9055,#9056,#9057,#9058,#9059,#9060,#9061,#9062,#9063,
#9064,#9065,#9066,#9067,#9068,#9069,#9070,#9071,#9072,#9073,#9074,#9075,
#9076,#9077,#9078,#9079,#9080,#9081,#9082,#9083,#9084,#9085,#9086,#9087,
#9088,#9089,#9090,#9091,#9092,#9093,#9094,#9095,#9096,#9097,#9098,#9099,
#9100,#9101,#9102,#9103,#9104,#9105,#9106,#9107,#9108,#9109,#9110,#9111,
#9112,#9113,#9114,#9115,#9116,#9117,#9118,#9119,#9120,#9121,#9122,#9123,
#9124,#9125,#9126,#9127,#9128,#9129,#9130,#9131,#9132,#9133,#9134,#9135,
#9136,#9137,#9138,#9139,#9140,#9141,#9142,#9143,#9144,#9145,#9146,#9147,
#9148,#9149,#9150,#9151,#9152,#9153,#9154,#9155,#9156,#9157,#9158,#9159,
#9160,#9161,#9162,#9163,#9164,#9165,#9166,#9167,#9168,#9169,#9170,#9171,
#9172,#9173,#9174,#9175,#9176,#9177,#9178,#9179,#9180,#9181,#9182,#9183,
#9184,#9185,#9186,#9187,#9188,#9189,#9190,#9191,#9192,#9193,#9194));
#9377=CLOSED_SHELL('',(#9195,#9196,#9197,#9198,#9199,#9200,#9201,#9202,
#9203,#9204,#9205,#9206,#9207,#9208,#9209,#9210,#9211,#9212,#9213,#9214,
#9215,#9216,#9217,#9218,#9219,#9220,#9221,#9222,#9223,#9224,#9225,#9226,
#9227,#9228,#9229,#9230,#9231,#9232,#9233,#9234,#9235,#9236,#9237,#9238,
#9239,#9240,#9241,#9242,#9243,#9244,#9245,#9246,#9247,#9248,#9249,#9250,
#9251,#9252,#9253,#9254,#9255,#9256,#9257,#9258,#9259,#9260,#9261,#9262,
#9263,#9264,#9265,#9266,#9267,#9268,#9269,#9270,#9271,#9272,#9273,#9274,
#9275,#9276,#9277,#9278,#9279,#9280,#9281,#9282,#9283,#9284,#9285,#9286,
#9287,#9288,#9289,#9290,#9291,#9292,#9293,#9294,#9295,#9296,#9297,#9298,
#9299,#9300,#9301,#9302,#9303,#9304,#9305,#9306,#9307,#9308,#9309,#9310,
#9311,#9312,#9313,#9314,#9315,#9316,#9317,#9318,#9319,#9320,#9321,#9322,
#9323,#9324,#9325,#9326,#9327,#9328,#9329,#9330,#9331,#9332,#9333,#9334,
#9335));
#9378=CLOSED_SHELL('',(#9336,#9337,#9338,#9339,#9340,#9341,#9342,#9343,
#9344,#9345,#9346,#9347,#9348,#9349,#9350,#9351,#9352,#9353,#9354,#9355,
#9356,#9357,#9358,#9359,#9360,#9361,#9362,#9363,#9364,#9365,#9366,#9367,
#9368,#9369,#9370,#9371,#9372,#9373,#9374));
#9379=STYLED_ITEM('',(#9383),#9410);
#9380=STYLED_ITEM('',(#9384),#9411);
#9381=STYLED_ITEM('',(#9385),#9412);
#9382=STYLED_ITEM('',(#9386),#9413);
#9383=PRESENTATION_STYLE_ASSIGNMENT((#9387));
#9384=PRESENTATION_STYLE_ASSIGNMENT((#9388));
#9385=PRESENTATION_STYLE_ASSIGNMENT((#9389));
#9386=PRESENTATION_STYLE_ASSIGNMENT((#9390));
#9387=SURFACE_STYLE_USAGE(.BOTH.,#9391);
#9388=SURFACE_STYLE_USAGE(.BOTH.,#9392);
#9389=SURFACE_STYLE_USAGE(.BOTH.,#9393);
#9390=SURFACE_STYLE_USAGE(.BOTH.,#9394);
#9391=SURFACE_SIDE_STYLE('',(#9395));
#9392=SURFACE_SIDE_STYLE('',(#9396));
#9393=SURFACE_SIDE_STYLE('',(#9397));
#9394=SURFACE_SIDE_STYLE('',(#9398));
#9395=SURFACE_STYLE_FILL_AREA(#9399);
#9396=SURFACE_STYLE_FILL_AREA(#9400);
#9397=SURFACE_STYLE_FILL_AREA(#9401);
#9398=SURFACE_STYLE_FILL_AREA(#9402);
#9399=FILL_AREA_STYLE('',(#9403));
#9400=FILL_AREA_STYLE('',(#9404));
#9401=FILL_AREA_STYLE('',(#9405));
#9402=FILL_AREA_STYLE('',(#9406));
#9403=FILL_AREA_STYLE_COLOUR('',#9407);
#9404=FILL_AREA_STYLE_COLOUR('',#9408);
#9405=FILL_AREA_STYLE_COLOUR('',#9409);
#9406=FILL_AREA_STYLE_COLOUR('',#9407);
#9407=COLOUR_RGB('',0.0549019612371922,0.0549019612371922,0.0549019612371922);
#9408=COLOUR_RGB('',0.831372559070587,0.701960802078247,0.176470592617989);
#9409=COLOUR_RGB('',0.670588254928589,0.670588254928589,0.670588254928589);
#9410=MANIFOLD_SOLID_BREP('FTSH-110-01-L-DV-007-K-P-TR_body',#9375);
#9411=MANIFOLD_SOLID_BREP('FTSH-110-01-L-DV-007-K-P-TR_pins1',#9376);
#9412=MANIFOLD_SOLID_BREP('FTSH-110-01-L-DV-007-K-P-TR_pins2',#9377);
#9413=MANIFOLD_SOLID_BREP('FTSH-110-01-L-DV-007-K-P-TR_pp_pad',#9378);
#9414=SHAPE_DEFINITION_REPRESENTATION(#14943,#9419);
#9415=SHAPE_DEFINITION_REPRESENTATION(#14944,#9420);
#9416=SHAPE_DEFINITION_REPRESENTATION(#14946,#9421);
#9417=SHAPE_DEFINITION_REPRESENTATION(#14948,#9422);
#9418=SHAPE_DEFINITION_REPRESENTATION(#14950,#9423);
#9419=SHAPE_REPRESENTATION('FTSH-110-01-L-DV-007-K-P-TR',(#9424,#9549,#9725,
#9905,#9957),#14927);
#9420=SHAPE_REPRESENTATION('FTSH-110-01-L-DV-007-K-P-TR_body',(#9424),#14928);
#9421=SHAPE_REPRESENTATION('FTSH-110-01-L-DV-007-K-P-TR_pins1',(#9424),
#14929);
#9422=SHAPE_REPRESENTATION('FTSH-110-01-L-DV-007-K-P-TR_pins2',(#9424),
#14930);
#9423=SHAPE_REPRESENTATION('FTSH-110-01-L-DV-007-K-P-TR_pp_pad',(#9424),
#14931);
#9424=AXIS2_PLACEMENT_3D('',#12287,#9958,#9959);
#9425=AXIS2_PLACEMENT_3D('',#12288,#9960,#9961);
#9426=AXIS2_PLACEMENT_3D('',#12309,#9972,#9973);
#9427=AXIS2_PLACEMENT_3D('',#12320,#9979,#9980);
#9428=AXIS2_PLACEMENT_3D('',#12331,#9986,#9987);
#9429=AXIS2_PLACEMENT_3D('',#12334,#9990,#9991);
#9430=AXIS2_PLACEMENT_3D('',#12337,#9994,#9995);
#9431=AXIS2_PLACEMENT_3D('',#12346,#10000,#10001);
#9432=AXIS2_PLACEMENT_3D('',#12354,#10006,#10007);
#9433=AXIS2_PLACEMENT_3D('',#12363,#10012,#10013);
#9434=AXIS2_PLACEMENT_3D('',#12372,#10018,#10019);
#9435=AXIS2_PLACEMENT_3D('',#12381,#10024,#10025);
#9436=AXIS2_PLACEMENT_3D('',#12387,#10029,#10030);
#9437=AXIS2_PLACEMENT_3D('',#12393,#10034,#10035);
#9438=AXIS2_PLACEMENT_3D('',#12402,#10040,#10041);
#9439=AXIS2_PLACEMENT_3D('',#12408,#10045,#10046);
#9440=AXIS2_PLACEMENT_3D('',#12414,#10050,#10051);
#9441=AXIS2_PLACEMENT_3D('',#12423,#10056,#10057);
#9442=AXIS2_PLACEMENT_3D('',#12429,#10061,#10062);
#9443=AXIS2_PLACEMENT_3D('',#12435,#10066,#10067);
#9444=AXIS2_PLACEMENT_3D('',#12444,#10072,#10073);
#9445=AXIS2_PLACEMENT_3D('',#12450,#10077,#10078);
#9446=AXIS2_PLACEMENT_3D('',#12456,#10082,#10083);
#9447=AXIS2_PLACEMENT_3D('',#12465,#10088,#10089);
#9448=AXIS2_PLACEMENT_3D('',#12471,#10093,#10094);
#9449=AXIS2_PLACEMENT_3D('',#12477,#10098,#10099);
#9450=AXIS2_PLACEMENT_3D('',#12486,#10104,#10105);
#9451=AXIS2_PLACEMENT_3D('',#12492,#10109,#10110);
#9452=AXIS2_PLACEMENT_3D('',#12498,#10114,#10115);
#9453=AXIS2_PLACEMENT_3D('',#12507,#10120,#10121);
#9454=AXIS2_PLACEMENT_3D('',#12513,#10125,#10126);
#9455=AXIS2_PLACEMENT_3D('',#12519,#10130,#10131);
#9456=AXIS2_PLACEMENT_3D('',#12528,#10136,#10137);
#9457=AXIS2_PLACEMENT_3D('',#12534,#10141,#10142);
#9458=AXIS2_PLACEMENT_3D('',#12540,#10146,#10147);
#9459=AXIS2_PLACEMENT_3D('',#12543,#10150,#10151);
#9460=AXIS2_PLACEMENT_3D('',#12546,#10154,#10155);
#9461=AXIS2_PLACEMENT_3D('',#12549,#10158,#10159);
#9462=AXIS2_PLACEMENT_3D('',#12552,#10162,#10163);
#9463=AXIS2_PLACEMENT_3D('',#12555,#10166,#10167);
#9464=AXIS2_PLACEMENT_3D('',#12558,#10170,#10171);
#9465=AXIS2_PLACEMENT_3D('',#12561,#10174,#10175);
#9466=AXIS2_PLACEMENT_3D('',#12564,#10178,#10179);
#9467=AXIS2_PLACEMENT_3D('',#12573,#10184,#10185);
#9468=AXIS2_PLACEMENT_3D('',#12582,#10190,#10191);
#9469=AXIS2_PLACEMENT_3D('',#12595,#10200,#10201);
#9470=AXIS2_PLACEMENT_3D('',#12603,#10206,#10207);
#9471=AXIS2_PLACEMENT_3D('',#12619,#10217,#10218);
#9472=AXIS2_PLACEMENT_3D('',#12628,#10223,#10224);
#9473=AXIS2_PLACEMENT_3D('',#12634,#10228,#10229);
#9474=AXIS2_PLACEMENT_3D('',#12640,#10233,#10234);
#9475=AXIS2_PLACEMENT_3D('',#12649,#10239,#10240);
#9476=AXIS2_PLACEMENT_3D('',#12655,#10244,#10245);
#9477=AXIS2_PLACEMENT_3D('',#12661,#10249,#10250);
#9478=AXIS2_PLACEMENT_3D('',#12670,#10255,#10256);
#9479=AXIS2_PLACEMENT_3D('',#12676,#10260,#10261);
#9480=AXIS2_PLACEMENT_3D('',#12682,#10265,#10266);
#9481=AXIS2_PLACEMENT_3D('',#12691,#10271,#10272);
#9482=AXIS2_PLACEMENT_3D('',#12697,#10276,#10277);
#9483=AXIS2_PLACEMENT_3D('',#12703,#10281,#10282);
#9484=AXIS2_PLACEMENT_3D('',#12712,#10287,#10288);
#9485=AXIS2_PLACEMENT_3D('',#12718,#10292,#10293);
#9486=AXIS2_PLACEMENT_3D('',#12724,#10297,#10298);
#9487=AXIS2_PLACEMENT_3D('',#12733,#10303,#10304);
#9488=AXIS2_PLACEMENT_3D('',#12739,#10308,#10309);
#9489=AXIS2_PLACEMENT_3D('',#12745,#10313,#10314);
#9490=AXIS2_PLACEMENT_3D('',#12754,#10319,#10320);
#9491=AXIS2_PLACEMENT_3D('',#12760,#10324,#10325);
#9492=AXIS2_PLACEMENT_3D('',#12766,#10329,#10330);
#9493=AXIS2_PLACEMENT_3D('',#12775,#10335,#10336);
#9494=AXIS2_PLACEMENT_3D('',#12781,#10340,#10341);
#9495=AXIS2_PLACEMENT_3D('',#12787,#10345,#10346);
#9496=AXIS2_PLACEMENT_3D('',#12796,#10351,#10352);
#9497=AXIS2_PLACEMENT_3D('',#12802,#10356,#10357);
#9498=AXIS2_PLACEMENT_3D('',#12808,#10361,#10362);
#9499=AXIS2_PLACEMENT_3D('',#12817,#10367,#10368);
#9500=AXIS2_PLACEMENT_3D('',#12823,#10372,#10373);
#9501=AXIS2_PLACEMENT_3D('',#12829,#10377,#10378);
#9502=AXIS2_PLACEMENT_3D('',#12838,#10383,#10384);
#9503=AXIS2_PLACEMENT_3D('',#12844,#10388,#10389);
#9504=AXIS2_PLACEMENT_3D('',#12850,#10393,#10394);
#9505=AXIS2_PLACEMENT_3D('',#12859,#10399,#10400);
#9506=AXIS2_PLACEMENT_3D('',#12865,#10404,#10405);
#9507=AXIS2_PLACEMENT_3D('',#12871,#10409,#10410);
#9508=AXIS2_PLACEMENT_3D('',#12874,#10413,#10414);
#9509=AXIS2_PLACEMENT_3D('',#12877,#10417,#10418);
#9510=AXIS2_PLACEMENT_3D('',#12880,#10421,#10422);
#9511=AXIS2_PLACEMENT_3D('',#12883,#10425,#10426);
#9512=AXIS2_PLACEMENT_3D('',#12886,#10429,#10430);
#9513=AXIS2_PLACEMENT_3D('',#12889,#10433,#10434);
#9514=AXIS2_PLACEMENT_3D('',#12892,#10437,#10438);
#9515=AXIS2_PLACEMENT_3D('',#12895,#10441,#10442);
#9516=AXIS2_PLACEMENT_3D('',#12898,#10445,#10446);
#9517=AXIS2_PLACEMENT_3D('',#12901,#10449,#10450);
#9518=AXIS2_PLACEMENT_3D('',#12904,#10453,#10454);
#9519=AXIS2_PLACEMENT_3D('',#12907,#10457,#10458);
#9520=AXIS2_PLACEMENT_3D('',#12913,#10462,#10463);
#9521=AXIS2_PLACEMENT_3D('',#12917,#10467,#10468);
#9522=AXIS2_PLACEMENT_3D('',#12925,#10474,#10475);
#9523=AXIS2_PLACEMENT_3D('',#12928,#10478,#10479);
#9524=AXIS2_PLACEMENT_3D('',#12930,#10481,#10482);
#9525=AXIS2_PLACEMENT_3D('',#12932,#10484,#10485);
#9526=AXIS2_PLACEMENT_3D('',#12935,#10488,#10489);
#9527=AXIS2_PLACEMENT_3D('',#12937,#10491,#10492);
#9528=AXIS2_PLACEMENT_3D('',#12939,#10494,#10495);
#9529=AXIS2_PLACEMENT_3D('',#12940,#10496,#10497);
#9530=AXIS2_PLACEMENT_3D('',#12941,#10498,#10499);
#9531=AXIS2_PLACEMENT_3D('',#12942,#10500,#10501);
#9532=AXIS2_PLACEMENT_3D('',#12943,#10502,#10503);
#9533=AXIS2_PLACEMENT_3D('',#12944,#10504,#10505);
#9534=AXIS2_PLACEMENT_3D('',#12945,#10506,#10507);
#9535=AXIS2_PLACEMENT_3D('',#12946,#10508,#10509);
#9536=AXIS2_PLACEMENT_3D('',#12947,#10510,#10511);
#9537=AXIS2_PLACEMENT_3D('',#12949,#10513,#10514);
#9538=AXIS2_PLACEMENT_3D('',#12951,#10516,#10517);
#9539=AXIS2_PLACEMENT_3D('',#12958,#10522,#10523);
#9540=AXIS2_PLACEMENT_3D('',#12965,#10528,#10529);
#9541=AXIS2_PLACEMENT_3D('',#12967,#10531,#10532);
#9542=AXIS2_PLACEMENT_3D('',#12968,#10533,#10534);
#9543=AXIS2_PLACEMENT_3D('',#12970,#10536,#10537);
#9544=AXIS2_PLACEMENT_3D('',#12971,#10538,#10539);
#9545=AXIS2_PLACEMENT_3D('',#12972,#10540,#10541);
#9546=AXIS2_PLACEMENT_3D('',#12974,#10543,#10544);
#9547=AXIS2_PLACEMENT_3D('',#12975,#10545,#10546);
#9548=AXIS2_PLACEMENT_3D('',#12977,#10548,#10549);
#9549=AXIS2_PLACEMENT_3D('',#12978,#10550,#10551);
#9550=AXIS2_PLACEMENT_3D('',#12979,#10552,#10553);
#9551=AXIS2_PLACEMENT_3D('',#13060,#10594,#10595);
#9552=AXIS2_PLACEMENT_3D('',#13069,#10600,#10601);
#9553=AXIS2_PLACEMENT_3D('',#13078,#10606,#10607);
#9554=AXIS2_PLACEMENT_3D('',#13087,#10612,#10613);
#9555=AXIS2_PLACEMENT_3D('',#13096,#10618,#10619);
#9556=AXIS2_PLACEMENT_3D('',#13105,#10624,#10625);
#9557=AXIS2_PLACEMENT_3D('',#13114,#10630,#10631);
#9558=AXIS2_PLACEMENT_3D('',#13123,#10636,#10637);
#9559=AXIS2_PLACEMENT_3D('',#13132,#10642,#10643);
#9560=AXIS2_PLACEMENT_3D('',#13141,#10648,#10649);
#9561=AXIS2_PLACEMENT_3D('',#13147,#10653,#10654);
#9562=AXIS2_PLACEMENT_3D('',#13153,#10658,#10659);
#9563=AXIS2_PLACEMENT_3D('',#13159,#10663,#10664);
#9564=AXIS2_PLACEMENT_3D('',#13165,#10668,#10669);
#9565=AXIS2_PLACEMENT_3D('',#13171,#10673,#10674);
#9566=AXIS2_PLACEMENT_3D('',#13177,#10678,#10679);
#9567=AXIS2_PLACEMENT_3D('',#13183,#10683,#10684);
#9568=AXIS2_PLACEMENT_3D('',#13189,#10688,#10689);
#9569=AXIS2_PLACEMENT_3D('',#13195,#10693,#10694);
#9570=AXIS2_PLACEMENT_3D('',#13201,#10698,#10699);
#9571=AXIS2_PLACEMENT_3D('',#13207,#10703,#10704);
#9572=AXIS2_PLACEMENT_3D('',#13213,#10708,#10709);
#9573=AXIS2_PLACEMENT_3D('',#13219,#10713,#10714);
#9574=AXIS2_PLACEMENT_3D('',#13225,#10718,#10719);
#9575=AXIS2_PLACEMENT_3D('',#13231,#10723,#10724);
#9576=AXIS2_PLACEMENT_3D('',#13237,#10728,#10729);
#9577=AXIS2_PLACEMENT_3D('',#13243,#10733,#10734);
#9578=AXIS2_PLACEMENT_3D('',#13249,#10738,#10739);
#9579=AXIS2_PLACEMENT_3D('',#13255,#10743,#10744);
#9580=AXIS2_PLACEMENT_3D('',#13261,#10748,#10749);
#9581=AXIS2_PLACEMENT_3D('',#13267,#10753,#10754);
#9582=AXIS2_PLACEMENT_3D('',#13273,#10758,#10759);
#9583=AXIS2_PLACEMENT_3D('',#13279,#10763,#10764);
#9584=AXIS2_PLACEMENT_3D('',#13285,#10768,#10769);
#9585=AXIS2_PLACEMENT_3D('',#13291,#10773,#10774);
#9586=AXIS2_PLACEMENT_3D('',#13297,#10778,#10779);
#9587=AXIS2_PLACEMENT_3D('',#13303,#10783,#10784);
#9588=AXIS2_PLACEMENT_3D('',#13309,#10788,#10789);
#9589=AXIS2_PLACEMENT_3D('',#13315,#10793,#10794);
#9590=AXIS2_PLACEMENT_3D('',#13321,#10798,#10799);
#9591=AXIS2_PLACEMENT_3D('',#13327,#10803,#10804);
#9592=AXIS2_PLACEMENT_3D('',#13333,#10808,#10809);
#9593=AXIS2_PLACEMENT_3D('',#13339,#10813,#10814);
#9594=AXIS2_PLACEMENT_3D('',#13345,#10818,#10819);
#9595=AXIS2_PLACEMENT_3D('',#13351,#10823,#10824);
#9596=AXIS2_PLACEMENT_3D('',#13357,#10828,#10829);
#9597=AXIS2_PLACEMENT_3D('',#13363,#10833,#10834);
#9598=AXIS2_PLACEMENT_3D('',#13369,#10838,#10839);
#9599=AXIS2_PLACEMENT_3D('',#13375,#10843,#10844);
#9600=AXIS2_PLACEMENT_3D('',#13381,#10848,#10849);
#9601=AXIS2_PLACEMENT_3D('',#13390,#10854,#10855);
#9602=AXIS2_PLACEMENT_3D('',#13399,#10860,#10861);
#9603=AXIS2_PLACEMENT_3D('',#13408,#10866,#10867);
#9604=AXIS2_PLACEMENT_3D('',#13417,#10872,#10873);
#9605=AXIS2_PLACEMENT_3D('',#13426,#10878,#10879);
#9606=AXIS2_PLACEMENT_3D('',#13435,#10884,#10885);
#9607=AXIS2_PLACEMENT_3D('',#13444,#10890,#10891);
#9608=AXIS2_PLACEMENT_3D('',#13453,#10896,#10897);
#9609=AXIS2_PLACEMENT_3D('',#13462,#10902,#10903);
#9610=AXIS2_PLACEMENT_3D('',#13468,#10907,#10908);
#9611=AXIS2_PLACEMENT_3D('',#13474,#10912,#10913);
#9612=AXIS2_PLACEMENT_3D('',#13480,#10917,#10918);
#9613=AXIS2_PLACEMENT_3D('',#13486,#10922,#10923);
#9614=AXIS2_PLACEMENT_3D('',#13492,#10927,#10928);
#9615=AXIS2_PLACEMENT_3D('',#13498,#10932,#10933);
#9616=AXIS2_PLACEMENT_3D('',#13504,#10937,#10938);
#9617=AXIS2_PLACEMENT_3D('',#13510,#10942,#10943);
#9618=AXIS2_PLACEMENT_3D('',#13516,#10947,#10948);
#9619=AXIS2_PLACEMENT_3D('',#13522,#10952,#10953);
#9620=AXIS2_PLACEMENT_3D('',#13528,#10957,#10958);
#9621=AXIS2_PLACEMENT_3D('',#13534,#10962,#10963);
#9622=AXIS2_PLACEMENT_3D('',#13540,#10967,#10968);
#9623=AXIS2_PLACEMENT_3D('',#13546,#10972,#10973);
#9624=AXIS2_PLACEMENT_3D('',#13552,#10977,#10978);
#9625=AXIS2_PLACEMENT_3D('',#13558,#10982,#10983);
#9626=AXIS2_PLACEMENT_3D('',#13564,#10987,#10988);
#9627=AXIS2_PLACEMENT_3D('',#13570,#10992,#10993);
#9628=AXIS2_PLACEMENT_3D('',#13573,#10996,#10997);
#9629=AXIS2_PLACEMENT_3D('',#13576,#11000,#11001);
#9630=AXIS2_PLACEMENT_3D('',#13579,#11004,#11005);
#9631=AXIS2_PLACEMENT_3D('',#13582,#11008,#11009);
#9632=AXIS2_PLACEMENT_3D('',#13585,#11012,#11013);
#9633=AXIS2_PLACEMENT_3D('',#13588,#11016,#11017);
#9634=AXIS2_PLACEMENT_3D('',#13591,#11020,#11021);
#9635=AXIS2_PLACEMENT_3D('',#13594,#11024,#11025);
#9636=AXIS2_PLACEMENT_3D('',#13597,#11028,#11029);
#9637=AXIS2_PLACEMENT_3D('',#13606,#11034,#11035);
#9638=AXIS2_PLACEMENT_3D('',#13654,#11065,#11066);
#9639=AXIS2_PLACEMENT_3D('',#13660,#11070,#11071);
#9640=AXIS2_PLACEMENT_3D('',#13666,#11075,#11076);
#9641=AXIS2_PLACEMENT_3D('',#13672,#11080,#11081);
#9642=AXIS2_PLACEMENT_3D('',#13678,#11085,#11086);
#9643=AXIS2_PLACEMENT_3D('',#13684,#11090,#11091);
#9644=AXIS2_PLACEMENT_3D('',#13729,#11132,#11133);
#9645=AXIS2_PLACEMENT_3D('',#13735,#11137,#11138);
#9646=AXIS2_PLACEMENT_3D('',#13741,#11142,#11143);
#9647=AXIS2_PLACEMENT_3D('',#13747,#11147,#11148);
#9648=AXIS2_PLACEMENT_3D('',#13750,#11151,#11152);
#9649=AXIS2_PLACEMENT_3D('',#13753,#11155,#11156);
#9650=AXIS2_PLACEMENT_3D('',#13756,#11159,#11160);
#9651=AXIS2_PLACEMENT_3D('',#13757,#11161,#11162);
#9652=AXIS2_PLACEMENT_3D('',#13758,#11163,#11164);
#9653=AXIS2_PLACEMENT_3D('',#13759,#11165,#11166);
#9654=AXIS2_PLACEMENT_3D('',#13760,#11167,#11168);
#9655=AXIS2_PLACEMENT_3D('',#13762,#11170,#11171);
#9656=AXIS2_PLACEMENT_3D('',#13764,#11173,#11174);
#9657=AXIS2_PLACEMENT_3D('',#13765,#11175,#11176);
#9658=AXIS2_PLACEMENT_3D('',#13766,#11177,#11178);
#9659=AXIS2_PLACEMENT_3D('',#13768,#11180,#11181);
#9660=AXIS2_PLACEMENT_3D('',#13770,#11183,#11184);
#9661=AXIS2_PLACEMENT_3D('',#13771,#11185,#11186);
#9662=AXIS2_PLACEMENT_3D('',#13772,#11187,#11188);
#9663=AXIS2_PLACEMENT_3D('',#13774,#11190,#11191);
#9664=AXIS2_PLACEMENT_3D('',#13776,#11193,#11194);
#9665=AXIS2_PLACEMENT_3D('',#13777,#11195,#11196);
#9666=AXIS2_PLACEMENT_3D('',#13778,#11197,#11198);
#9667=AXIS2_PLACEMENT_3D('',#13780,#11200,#11201);
#9668=AXIS2_PLACEMENT_3D('',#13782,#11203,#11204);
#9669=AXIS2_PLACEMENT_3D('',#13783,#11205,#11206);
#9670=AXIS2_PLACEMENT_3D('',#13784,#11207,#11208);
#9671=AXIS2_PLACEMENT_3D('',#13786,#11210,#11211);
#9672=AXIS2_PLACEMENT_3D('',#13788,#11213,#11214);
#9673=AXIS2_PLACEMENT_3D('',#13789,#11215,#11216);
#9674=AXIS2_PLACEMENT_3D('',#13790,#11217,#11218);
#9675=AXIS2_PLACEMENT_3D('',#13792,#11220,#11221);
#9676=AXIS2_PLACEMENT_3D('',#13794,#11223,#11224);
#9677=AXIS2_PLACEMENT_3D('',#13795,#11225,#11226);
#9678=AXIS2_PLACEMENT_3D('',#13796,#11227,#11228);
#9679=AXIS2_PLACEMENT_3D('',#13798,#11230,#11231);
#9680=AXIS2_PLACEMENT_3D('',#13800,#11233,#11234);
#9681=AXIS2_PLACEMENT_3D('',#13801,#11235,#11236);
#9682=AXIS2_PLACEMENT_3D('',#13802,#11237,#11238);
#9683=AXIS2_PLACEMENT_3D('',#13804,#11240,#11241);
#9684=AXIS2_PLACEMENT_3D('',#13806,#11243,#11244);
#9685=AXIS2_PLACEMENT_3D('',#13807,#11245,#11246);
#9686=AXIS2_PLACEMENT_3D('',#13808,#11247,#11248);
#9687=AXIS2_PLACEMENT_3D('',#13810,#11250,#11251);
#9688=AXIS2_PLACEMENT_3D('',#13812,#11253,#11254);
#9689=AXIS2_PLACEMENT_3D('',#13813,#11255,#11256);
#9690=AXIS2_PLACEMENT_3D('',#13814,#11257,#11258);
#9691=AXIS2_PLACEMENT_3D('',#13816,#11260,#11261);
#9692=AXIS2_PLACEMENT_3D('',#13818,#11263,#11264);
#9693=AXIS2_PLACEMENT_3D('',#13819,#11265,#11266);
#9694=AXIS2_PLACEMENT_3D('',#13820,#11267,#11268);
#9695=AXIS2_PLACEMENT_3D('',#13822,#11270,#11271);
#9696=AXIS2_PLACEMENT_3D('',#13824,#11273,#11274);
#9697=AXIS2_PLACEMENT_3D('',#13825,#11275,#11276);
#9698=AXIS2_PLACEMENT_3D('',#13826,#11277,#11278);
#9699=AXIS2_PLACEMENT_3D('',#13828,#11280,#11281);
#9700=AXIS2_PLACEMENT_3D('',#13830,#11283,#11284);
#9701=AXIS2_PLACEMENT_3D('',#13831,#11285,#11286);
#9702=AXIS2_PLACEMENT_3D('',#13832,#11287,#11288);
#9703=AXIS2_PLACEMENT_3D('',#13834,#11290,#11291);
#9704=AXIS2_PLACEMENT_3D('',#13836,#11293,#11294);
#9705=AXIS2_PLACEMENT_3D('',#13837,#11295,#11296);
#9706=AXIS2_PLACEMENT_3D('',#13838,#11297,#11298);
#9707=AXIS2_PLACEMENT_3D('',#13840,#11300,#11301);
#9708=AXIS2_PLACEMENT_3D('',#13842,#11303,#11304);
#9709=AXIS2_PLACEMENT_3D('',#13843,#11305,#11306);
#9710=AXIS2_PLACEMENT_3D('',#13844,#11307,#11308);
#9711=AXIS2_PLACEMENT_3D('',#13846,#11310,#11311);
#9712=AXIS2_PLACEMENT_3D('',#13847,#11312,#11313);
#9713=AXIS2_PLACEMENT_3D('',#13849,#11315,#11316);
#9714=AXIS2_PLACEMENT_3D('',#13850,#11317,#11318);
#9715=AXIS2_PLACEMENT_3D('',#13852,#11320,#11321);
#9716=AXIS2_PLACEMENT_3D('',#13854,#11323,#11324);
#9717=AXIS2_PLACEMENT_3D('',#13855,#11325,#11326);
#9718=AXIS2_PLACEMENT_3D('',#13856,#11327,#11328);
#9719=AXIS2_PLACEMENT_3D('',#13858,#11330,#11331);
#9720=AXIS2_PLACEMENT_3D('',#13860,#11333,#11334);
#9721=AXIS2_PLACEMENT_3D('',#13861,#11335,#11336);
#9722=AXIS2_PLACEMENT_3D('',#13862,#11337,#11338);
#9723=AXIS2_PLACEMENT_3D('',#13864,#11340,#11341);
#9724=AXIS2_PLACEMENT_3D('',#13866,#11343,#11344);
#9725=AXIS2_PLACEMENT_3D('',#13867,#11345,#11346);
#9726=AXIS2_PLACEMENT_3D('',#13868,#11347,#11348);
#9727=AXIS2_PLACEMENT_3D('',#13957,#11393,#11394);
#9728=AXIS2_PLACEMENT_3D('',#13966,#11399,#11400);
#9729=AXIS2_PLACEMENT_3D('',#13975,#11405,#11406);
#9730=AXIS2_PLACEMENT_3D('',#13984,#11411,#11412);
#9731=AXIS2_PLACEMENT_3D('',#13993,#11417,#11418);
#9732=AXIS2_PLACEMENT_3D('',#14002,#11423,#11424);
#9733=AXIS2_PLACEMENT_3D('',#14011,#11429,#11430);
#9734=AXIS2_PLACEMENT_3D('',#14020,#11435,#11436);
#9735=AXIS2_PLACEMENT_3D('',#14029,#11441,#11442);
#9736=AXIS2_PLACEMENT_3D('',#14038,#11447,#11448);
#9737=AXIS2_PLACEMENT_3D('',#14044,#11452,#11453);
#9738=AXIS2_PLACEMENT_3D('',#14050,#11457,#11458);
#9739=AXIS2_PLACEMENT_3D('',#14056,#11462,#11463);
#9740=AXIS2_PLACEMENT_3D('',#14062,#11467,#11468);
#9741=AXIS2_PLACEMENT_3D('',#14068,#11472,#11473);
#9742=AXIS2_PLACEMENT_3D('',#14074,#11477,#11478);
#9743=AXIS2_PLACEMENT_3D('',#14080,#11482,#11483);
#9744=AXIS2_PLACEMENT_3D('',#14086,#11487,#11488);
#9745=AXIS2_PLACEMENT_3D('',#14092,#11492,#11493);
#9746=AXIS2_PLACEMENT_3D('',#14098,#11497,#11498);
#9747=AXIS2_PLACEMENT_3D('',#14104,#11502,#11503);
#9748=AXIS2_PLACEMENT_3D('',#14110,#11507,#11508);
#9749=AXIS2_PLACEMENT_3D('',#14116,#11512,#11513);
#9750=AXIS2_PLACEMENT_3D('',#14122,#11517,#11518);
#9751=AXIS2_PLACEMENT_3D('',#14128,#11522,#11523);
#9752=AXIS2_PLACEMENT_3D('',#14134,#11527,#11528);
#9753=AXIS2_PLACEMENT_3D('',#14140,#11532,#11533);
#9754=AXIS2_PLACEMENT_3D('',#14146,#11537,#11538);
#9755=AXIS2_PLACEMENT_3D('',#14147,#11539,#11540);
#9756=AXIS2_PLACEMENT_3D('',#14149,#11541,#11542);
#9757=AXIS2_PLACEMENT_3D('',#14152,#11544,#11545);
#9758=AXIS2_PLACEMENT_3D('',#14153,#11546,#11547);
#9759=AXIS2_PLACEMENT_3D('',#14157,#11549,#11550);
#9760=AXIS2_PLACEMENT_3D('',#14158,#11551,#11552);
#9761=AXIS2_PLACEMENT_3D('',#14159,#11553,#11554);
#9762=AXIS2_PLACEMENT_3D('',#14163,#11556,#11557);
#9763=AXIS2_PLACEMENT_3D('',#14164,#11558,#11559);
#9764=AXIS2_PLACEMENT_3D('',#14165,#11560,#11561);
#9765=AXIS2_PLACEMENT_3D('',#14169,#11563,#11564);
#9766=AXIS2_PLACEMENT_3D('',#14170,#11565,#11566);
#9767=AXIS2_PLACEMENT_3D('',#14171,#11567,#11568);
#9768=AXIS2_PLACEMENT_3D('',#14175,#11570,#11571);
#9769=AXIS2_PLACEMENT_3D('',#14176,#11572,#11573);
#9770=AXIS2_PLACEMENT_3D('',#14177,#11574,#11575);
#9771=AXIS2_PLACEMENT_3D('',#14181,#11577,#11578);
#9772=AXIS2_PLACEMENT_3D('',#14182,#11579,#11580);
#9773=AXIS2_PLACEMENT_3D('',#14183,#11581,#11582);
#9774=AXIS2_PLACEMENT_3D('',#14187,#11584,#11585);
#9775=AXIS2_PLACEMENT_3D('',#14188,#11586,#11587);
#9776=AXIS2_PLACEMENT_3D('',#14189,#11588,#11589);
#9777=AXIS2_PLACEMENT_3D('',#14193,#11591,#11592);
#9778=AXIS2_PLACEMENT_3D('',#14194,#11593,#11594);
#9779=AXIS2_PLACEMENT_3D('',#14195,#11595,#11596);
#9780=AXIS2_PLACEMENT_3D('',#14199,#11598,#11599);
#9781=AXIS2_PLACEMENT_3D('',#14200,#11600,#11601);
#9782=AXIS2_PLACEMENT_3D('',#14206,#11605,#11606);
#9783=AXIS2_PLACEMENT_3D('',#14212,#11610,#11611);
#9784=AXIS2_PLACEMENT_3D('',#14218,#11615,#11616);
#9785=AXIS2_PLACEMENT_3D('',#14224,#11620,#11621);
#9786=AXIS2_PLACEMENT_3D('',#14230,#11625,#11626);
#9787=AXIS2_PLACEMENT_3D('',#14236,#11630,#11631);
#9788=AXIS2_PLACEMENT_3D('',#14242,#11635,#11636);
#9789=AXIS2_PLACEMENT_3D('',#14248,#11640,#11641);
#9790=AXIS2_PLACEMENT_3D('',#14254,#11645,#11646);
#9791=AXIS2_PLACEMENT_3D('',#14263,#11651,#11652);
#9792=AXIS2_PLACEMENT_3D('',#14272,#11657,#11658);
#9793=AXIS2_PLACEMENT_3D('',#14281,#11663,#11664);
#9794=AXIS2_PLACEMENT_3D('',#14290,#11669,#11670);
#9795=AXIS2_PLACEMENT_3D('',#14299,#11675,#11676);
#9796=AXIS2_PLACEMENT_3D('',#14308,#11681,#11682);
#9797=AXIS2_PLACEMENT_3D('',#14317,#11687,#11688);
#9798=AXIS2_PLACEMENT_3D('',#14326,#11693,#11694);
#9799=AXIS2_PLACEMENT_3D('',#14327,#11695,#11696);
#9800=AXIS2_PLACEMENT_3D('',#14329,#11697,#11698);
#9801=AXIS2_PLACEMENT_3D('',#14332,#11700,#11701);
#9802=AXIS2_PLACEMENT_3D('',#14333,#11702,#11703);
#9803=AXIS2_PLACEMENT_3D('',#14337,#11705,#11706);
#9804=AXIS2_PLACEMENT_3D('',#14338,#11707,#11708);
#9805=AXIS2_PLACEMENT_3D('',#14339,#11709,#11710);
#9806=AXIS2_PLACEMENT_3D('',#14343,#11712,#11713);
#9807=AXIS2_PLACEMENT_3D('',#14344,#11714,#11715);
#9808=AXIS2_PLACEMENT_3D('',#14345,#11716,#11717);
#9809=AXIS2_PLACEMENT_3D('',#14349,#11719,#11720);
#9810=AXIS2_PLACEMENT_3D('',#14350,#11721,#11722);
#9811=AXIS2_PLACEMENT_3D('',#14351,#11723,#11724);
#9812=AXIS2_PLACEMENT_3D('',#14355,#11726,#11727);
#9813=AXIS2_PLACEMENT_3D('',#14356,#11728,#11729);
#9814=AXIS2_PLACEMENT_3D('',#14357,#11730,#11731);
#9815=AXIS2_PLACEMENT_3D('',#14361,#11733,#11734);
#9816=AXIS2_PLACEMENT_3D('',#14362,#11735,#11736);
#9817=AXIS2_PLACEMENT_3D('',#14363,#11737,#11738);
#9818=AXIS2_PLACEMENT_3D('',#14367,#11740,#11741);
#9819=AXIS2_PLACEMENT_3D('',#14368,#11742,#11743);
#9820=AXIS2_PLACEMENT_3D('',#14369,#11744,#11745);
#9821=AXIS2_PLACEMENT_3D('',#14373,#11747,#11748);
#9822=AXIS2_PLACEMENT_3D('',#14374,#11749,#11750);
#9823=AXIS2_PLACEMENT_3D('',#14380,#11754,#11755);
#9824=AXIS2_PLACEMENT_3D('',#14386,#11759,#11760);
#9825=AXIS2_PLACEMENT_3D('',#14392,#11764,#11765);
#9826=AXIS2_PLACEMENT_3D('',#14398,#11769,#11770);
#9827=AXIS2_PLACEMENT_3D('',#14404,#11774,#11775);
#9828=AXIS2_PLACEMENT_3D('',#14410,#11779,#11780);
#9829=AXIS2_PLACEMENT_3D('',#14416,#11784,#11785);
#9830=AXIS2_PLACEMENT_3D('',#14422,#11789,#11790);
#9831=AXIS2_PLACEMENT_3D('',#14428,#11794,#11795);
#9832=AXIS2_PLACEMENT_3D('',#14434,#11799,#11800);
#9833=AXIS2_PLACEMENT_3D('',#14440,#11804,#11805);
#9834=AXIS2_PLACEMENT_3D('',#14446,#11809,#11810);
#9835=AXIS2_PLACEMENT_3D('',#14452,#11814,#11815);
#9836=AXIS2_PLACEMENT_3D('',#14458,#11819,#11820);
#9837=AXIS2_PLACEMENT_3D('',#14464,#11824,#11825);
#9838=AXIS2_PLACEMENT_3D('',#14470,#11829,#11830);
#9839=AXIS2_PLACEMENT_3D('',#14473,#11833,#11834);
#9840=AXIS2_PLACEMENT_3D('',#14476,#11837,#11838);
#9841=AXIS2_PLACEMENT_3D('',#14479,#11841,#11842);
#9842=AXIS2_PLACEMENT_3D('',#14482,#11845,#11846);
#9843=AXIS2_PLACEMENT_3D('',#14485,#11849,#11850);
#9844=AXIS2_PLACEMENT_3D('',#14488,#11853,#11854);
#9845=AXIS2_PLACEMENT_3D('',#14491,#11857,#11858);
#9846=AXIS2_PLACEMENT_3D('',#14494,#11861,#11862);
#9847=AXIS2_PLACEMENT_3D('',#14503,#11867,#11868);
#9848=AXIS2_PLACEMENT_3D('',#14509,#11872,#11873);
#9849=AXIS2_PLACEMENT_3D('',#14515,#11877,#11878);
#9850=AXIS2_PLACEMENT_3D('',#14516,#11879,#11880);
#9851=AXIS2_PLACEMENT_3D('',#14520,#11882,#11883);
#9852=AXIS2_PLACEMENT_3D('',#14521,#11884,#11885);
#9853=AXIS2_PLACEMENT_3D('',#14527,#11889,#11890);
#9854=AXIS2_PLACEMENT_3D('',#14603,#11942,#11943);
#9855=AXIS2_PLACEMENT_3D('',#14609,#11947,#11948);
#9856=AXIS2_PLACEMENT_3D('',#14610,#11949,#11950);
#9857=AXIS2_PLACEMENT_3D('',#14614,#11952,#11953);
#9858=AXIS2_PLACEMENT_3D('',#14615,#11954,#11955);
#9859=AXIS2_PLACEMENT_3D('',#14621,#11959,#11960);
#9860=AXIS2_PLACEMENT_3D('',#14627,#11964,#11965);
#9861=AXIS2_PLACEMENT_3D('',#14630,#11968,#11969);
#9862=AXIS2_PLACEMENT_3D('',#14651,#11990,#11991);
#9863=AXIS2_PLACEMENT_3D('',#14652,#11992,#11993);
#9864=AXIS2_PLACEMENT_3D('',#14653,#11994,#11995);
#9865=AXIS2_PLACEMENT_3D('',#14654,#11996,#11997);
#9866=AXIS2_PLACEMENT_3D('',#14655,#11998,#11999);
#9867=AXIS2_PLACEMENT_3D('',#14656,#12000,#12001);
#9868=AXIS2_PLACEMENT_3D('',#14657,#12002,#12003);
#9869=AXIS2_PLACEMENT_3D('',#14658,#12004,#12005);
#9870=AXIS2_PLACEMENT_3D('',#14659,#12006,#12007);
#9871=AXIS2_PLACEMENT_3D('',#14660,#12008,#12009);
#9872=AXIS2_PLACEMENT_3D('',#14661,#12010,#12011);
#9873=AXIS2_PLACEMENT_3D('',#14662,#12012,#12013);
#9874=AXIS2_PLACEMENT_3D('',#14663,#12014,#12015);
#9875=AXIS2_PLACEMENT_3D('',#14664,#12016,#12017);
#9876=AXIS2_PLACEMENT_3D('',#14665,#12018,#12019);
#9877=AXIS2_PLACEMENT_3D('',#14666,#12020,#12021);
#9878=AXIS2_PLACEMENT_3D('',#14667,#12022,#12023);
#9879=AXIS2_PLACEMENT_3D('',#14668,#12024,#12025);
#9880=AXIS2_PLACEMENT_3D('',#14669,#12026,#12027);
#9881=AXIS2_PLACEMENT_3D('',#14670,#12028,#12029);
#9882=AXIS2_PLACEMENT_3D('',#14671,#12030,#12031);
#9883=AXIS2_PLACEMENT_3D('',#14672,#12032,#12033);
#9884=AXIS2_PLACEMENT_3D('',#14673,#12034,#12035);
#9885=AXIS2_PLACEMENT_3D('',#14674,#12036,#12037);
#9886=AXIS2_PLACEMENT_3D('',#14675,#12038,#12039);
#9887=AXIS2_PLACEMENT_3D('',#14676,#12040,#12041);
#9888=AXIS2_PLACEMENT_3D('',#14680,#12044,#12045);
#9889=AXIS2_PLACEMENT_3D('',#14684,#12048,#12049);
#9890=AXIS2_PLACEMENT_3D('',#14685,#12050,#12051);
#9891=AXIS2_PLACEMENT_3D('',#14686,#12052,#12053);
#9892=AXIS2_PLACEMENT_3D('',#14687,#12054,#12055);
#9893=AXIS2_PLACEMENT_3D('',#14688,#12056,#12057);
#9894=AXIS2_PLACEMENT_3D('',#14689,#12058,#12059);
#9895=AXIS2_PLACEMENT_3D('',#14690,#12060,#12061);
#9896=AXIS2_PLACEMENT_3D('',#14691,#12062,#12063);
#9897=AXIS2_PLACEMENT_3D('',#14692,#12064,#12065);
#9898=AXIS2_PLACEMENT_3D('',#14693,#12066,#12067);
#9899=AXIS2_PLACEMENT_3D('',#14694,#12068,#12069);
#9900=AXIS2_PLACEMENT_3D('',#14695,#12070,#12071);
#9901=AXIS2_PLACEMENT_3D('',#14698,#12074,#12075);
#9902=AXIS2_PLACEMENT_3D('',#14702,#12079,#12080);
#9903=AXIS2_PLACEMENT_3D('',#14703,#12081,#12082);
#9904=AXIS2_PLACEMENT_3D('',#14704,#12083,#12084);
#9905=AXIS2_PLACEMENT_3D('',#14705,#12085,#12086);
#9906=AXIS2_PLACEMENT_3D('',#14706,#12087,#12088);
#9907=AXIS2_PLACEMENT_3D('',#14727,#12099,#12100);
#9908=AXIS2_PLACEMENT_3D('',#14736,#12105,#12106);
#9909=AXIS2_PLACEMENT_3D('',#14742,#12110,#12111);
#9910=AXIS2_PLACEMENT_3D('',#14745,#12114,#12115);
#9911=AXIS2_PLACEMENT_3D('',#14746,#12116,#12117);
#9912=AXIS2_PLACEMENT_3D('',#14750,#12119,#12120);
#9913=AXIS2_PLACEMENT_3D('',#14751,#12121,#12122);
#9914=AXIS2_PLACEMENT_3D('',#14757,#12126,#12127);
#9915=AXIS2_PLACEMENT_3D('',#14758,#12128,#12129);
#9916=AXIS2_PLACEMENT_3D('',#14762,#12131,#12132);
#9917=AXIS2_PLACEMENT_3D('',#14763,#12133,#12134);
#9918=AXIS2_PLACEMENT_3D('',#14769,#12138,#12139);
#9919=AXIS2_PLACEMENT_3D('',#14775,#12143,#12144);
#9920=AXIS2_PLACEMENT_3D('',#14781,#12148,#12149);
#9921=AXIS2_PLACEMENT_3D('',#14787,#12153,#12154);
#9922=AXIS2_PLACEMENT_3D('',#14793,#12158,#12159);
#9923=AXIS2_PLACEMENT_3D('',#14799,#12163,#12164);
#9924=AXIS2_PLACEMENT_3D('',#14805,#12168,#12169);
#9925=AXIS2_PLACEMENT_3D('',#14806,#12170,#12171);
#9926=AXIS2_PLACEMENT_3D('',#14810,#12173,#12174);
#9927=AXIS2_PLACEMENT_3D('',#14811,#12175,#12176);
#9928=AXIS2_PLACEMENT_3D('',#14817,#12180,#12181);
#9929=AXIS2_PLACEMENT_3D('',#14818,#12182,#12183);
#9930=AXIS2_PLACEMENT_3D('',#14822,#12185,#12186);
#9931=AXIS2_PLACEMENT_3D('',#14823,#12187,#12188);
#9932=AXIS2_PLACEMENT_3D('',#14829,#12192,#12193);
#9933=AXIS2_PLACEMENT_3D('',#14835,#12197,#12198);
#9934=AXIS2_PLACEMENT_3D('',#14841,#12202,#12203);
#9935=AXIS2_PLACEMENT_3D('',#14847,#12207,#12208);
#9936=AXIS2_PLACEMENT_3D('',#14853,#12212,#12213);
#9937=AXIS2_PLACEMENT_3D('',#14859,#12217,#12218);
#9938=AXIS2_PLACEMENT_3D('',#14865,#12222,#12223);
#9939=AXIS2_PLACEMENT_3D('',#14866,#12224,#12225);
#9940=AXIS2_PLACEMENT_3D('',#14870,#12227,#12228);
#9941=AXIS2_PLACEMENT_3D('',#14871,#12229,#12230);
#9942=AXIS2_PLACEMENT_3D('',#14877,#12234,#12235);
#9943=AXIS2_PLACEMENT_3D('',#14878,#12236,#12237);
#9944=AXIS2_PLACEMENT_3D('',#14882,#12239,#12240);
#9945=AXIS2_PLACEMENT_3D('',#14883,#12241,#12242);
#9946=AXIS2_PLACEMENT_3D('',#14889,#12246,#12247);
#9947=AXIS2_PLACEMENT_3D('',#14895,#12251,#12252);
#9948=AXIS2_PLACEMENT_3D('',#14898,#12255,#12256);
#9949=AXIS2_PLACEMENT_3D('',#14899,#12257,#12258);
#9950=AXIS2_PLACEMENT_3D('',#14900,#12259,#12260);
#9951=AXIS2_PLACEMENT_3D('',#14906,#12264,#12265);
#9952=AXIS2_PLACEMENT_3D('',#14910,#12268,#12269);
#9953=AXIS2_PLACEMENT_3D('',#14914,#12272,#12273);
#9954=AXIS2_PLACEMENT_3D('',#14918,#12276,#12277);
#9955=AXIS2_PLACEMENT_3D('',#14922,#12280,#12281);
#9956=AXIS2_PLACEMENT_3D('',#14924,#12283,#12284);
#9957=AXIS2_PLACEMENT_3D('',#14925,#12285,#12286);
#9958=DIRECTION('',(0.,0.,1.));
#9959=DIRECTION('',(1.,0.,0.));
#9960=DIRECTION('',(0.,0.,1.));
#9961=DIRECTION('',(1.,0.,0.));
#9962=DIRECTION('',(0.,1.,0.));
#9963=DIRECTION('',(-0.447213595499958,0.894427190999916,0.));
#9964=DIRECTION('',(-1.,0.,0.));
#9965=DIRECTION('',(0.,-1.,0.));
#9966=DIRECTION('',(-1.,0.,0.));
#9967=DIRECTION('',(0.,-1.,0.));
#9968=DIRECTION('',(-1.,0.,0.));
#9969=DIRECTION('',(-0.447213595499958,-0.894427190999916,0.));
#9970=DIRECTION('',(0.,-1.,0.));
#9971=DIRECTION('',(-1.,0.,0.));
#9972=DIRECTION('',(0.,0.,-1.));
#9973=DIRECTION('',(-1.,0.,0.));
#9974=DIRECTION('',(1.,0.,0.));
#9975=DIRECTION('',(0.447213595499958,-0.894427190999916,0.));
#9976=DIRECTION('',(0.,-1.,0.));
#9977=DIRECTION('',(-1.,0.,0.));
#9978=DIRECTION('',(0.,-1.,0.));
#9979=DIRECTION('',(0.,0.,-1.));
#9980=DIRECTION('',(-1.,0.,0.));
#9981=DIRECTION('',(-1.,0.,0.));
#9982=DIRECTION('',(0.,1.,0.));
#9983=DIRECTION('',(0.447213595499958,0.894427190999916,0.));
#9984=DIRECTION('',(1.,0.,0.));
#9985=DIRECTION('',(0.,-1.,0.));
#9986=DIRECTION('',(0.,-1.,0.));
#9987=DIRECTION('',(0.,0.,-1.));
#9988=DIRECTION('',(0.,0.,1.));
#9989=DIRECTION('',(0.,0.,-1.));
#9990=DIRECTION('',(0.,-1.,0.));
#9991=DIRECTION('',(0.,0.,-1.));
#9992=DIRECTION('',(0.,0.,-1.));
#9993=DIRECTION('',(-3.09959676204214E-14,0.,1.));
#9994=DIRECTION('',(0.,0.,-1.));
#9995=DIRECTION('',(-1.,0.,0.));
#9996=DIRECTION('',(0.,1.,0.));
#9997=DIRECTION('',(-1.,0.,0.));
#9998=DIRECTION('',(0.,-1.,0.));
#9999=DIRECTION('',(1.,0.,0.));
#10000=DIRECTION('',(0.,0.,-1.));
#10001=DIRECTION('',(-1.,0.,0.));
#10002=DIRECTION('',(-1.,0.,0.));
#10003=DIRECTION('',(0.,-1.,0.));
#10004=DIRECTION('',(1.,0.,0.));
#10005=DIRECTION('',(0.,-1.,0.));
#10006=DIRECTION('',(0.,0.,1.));
#10007=DIRECTION('',(1.,0.,0.));
#10008=DIRECTION('',(-1.,0.,0.));
#10009=DIRECTION('',(0.,-1.,0.));
#10010=DIRECTION('',(-1.,0.,0.));
#10011=DIRECTION('',(0.,-1.,0.));
#10012=DIRECTION('',(0.,0.,1.));
#10013=DIRECTION('',(1.,0.,0.));
#10014=DIRECTION('',(-1.,0.,0.));
#10015=DIRECTION('',(0.,-1.,0.));
#10016=DIRECTION('',(-1.,0.,0.));
#10017=DIRECTION('',(0.,-1.,0.));
#10018=DIRECTION('',(1.,0.,0.));
#10019=DIRECTION('',(0.,0.,-1.));
#10020=DIRECTION('',(0.,-1.,0.));
#10021=DIRECTION('',(0.,0.,-1.));
#10022=DIRECTION('',(0.,-1.,0.));
#10023=DIRECTION('',(0.,0.,1.));
#10024=DIRECTION('',(0.,0.,1.));
#10025=DIRECTION('',(1.,0.,0.));
#10026=DIRECTION('',(1.,0.,0.));
#10027=DIRECTION('',(0.,-1.,0.));
#10028=DIRECTION('',(-1.,0.,0.));
#10029=DIRECTION('',(-1.,0.,0.));
#10030=DIRECTION('',(0.,0.,1.));
#10031=DIRECTION('',(0.,0.,1.));
#10032=DIRECTION('',(0.,-1.,0.));
#10033=DIRECTION('',(0.,0.,-1.));
#10034=DIRECTION('',(1.,0.,0.));
#10035=DIRECTION('',(0.,0.,-1.));
#10036=DIRECTION('',(0.,-1.,0.));
#10037=DIRECTION('',(0.,0.,-1.));
#10038=DIRECTION('',(0.,-1.,0.));
#10039=DIRECTION('',(0.,0.,1.));
#10040=DIRECTION('',(0.,0.,1.));
#10041=DIRECTION('',(1.,0.,0.));
#10042=DIRECTION('',(1.,0.,0.));
#10043=DIRECTION('',(0.,-1.,0.));
#10044=DIRECTION('',(-1.,0.,0.));
#10045=DIRECTION('',(-1.,0.,0.));
#10046=DIRECTION('',(0.,0.,1.));
#10047=DIRECTION('',(0.,0.,1.));
#10048=DIRECTION('',(0.,-1.,0.));
#10049=DIRECTION('',(0.,0.,-1.));
#10050=DIRECTION('',(1.,0.,0.));
#10051=DIRECTION('',(0.,0.,-1.));
#10052=DIRECTION('',(0.,-1.,0.));
#10053=DIRECTION('',(0.,0.,-1.));
#10054=DIRECTION('',(0.,-1.,0.));
#10055=DIRECTION('',(0.,0.,1.));
#10056=DIRECTION('',(0.,0.,1.));
#10057=DIRECTION('',(1.,0.,0.));
#10058=DIRECTION('',(1.,0.,0.));
#10059=DIRECTION('',(0.,-1.,0.));
#10060=DIRECTION('',(-1.,0.,0.));
#10061=DIRECTION('',(-1.,0.,0.));
#10062=DIRECTION('',(0.,0.,1.));
#10063=DIRECTION('',(0.,0.,1.));
#10064=DIRECTION('',(0.,-1.,0.));
#10065=DIRECTION('',(0.,0.,-1.));
#10066=DIRECTION('',(1.,0.,0.));
#10067=DIRECTION('',(0.,0.,-1.));
#10068=DIRECTION('',(0.,-1.,0.));
#10069=DIRECTION('',(0.,0.,-1.));
#10070=DIRECTION('',(0.,-1.,0.));
#10071=DIRECTION('',(0.,0.,1.));
#10072=DIRECTION('',(0.,0.,1.));
#10073=DIRECTION('',(1.,0.,0.));
#10074=DIRECTION('',(1.,0.,0.));
#10075=DIRECTION('',(0.,-1.,0.));
#10076=DIRECTION('',(-1.,0.,0.));
#10077=DIRECTION('',(-1.,0.,0.));
#10078=DIRECTION('',(0.,0.,1.));
#10079=DIRECTION('',(0.,0.,1.));
#10080=DIRECTION('',(0.,-1.,0.));
#10081=DIRECTION('',(0.,0.,-1.));
#10082=DIRECTION('',(1.,0.,0.));
#10083=DIRECTION('',(0.,0.,-1.));
#10084=DIRECTION('',(0.,-1.,0.));
#10085=DIRECTION('',(0.,0.,-1.));
#10086=DIRECTION('',(0.,-1.,0.));
#10087=DIRECTION('',(0.,0.,1.));
#10088=DIRECTION('',(0.,0.,1.));
#10089=DIRECTION('',(1.,0.,0.));
#10090=DIRECTION('',(1.,0.,0.));
#10091=DIRECTION('',(0.,-1.,0.));
#10092=DIRECTION('',(-1.,0.,0.));
#10093=DIRECTION('',(-1.,0.,0.));
#10094=DIRECTION('',(0.,0.,1.));
#10095=DIRECTION('',(0.,0.,1.));
#10096=DIRECTION('',(0.,-1.,0.));
#10097=DIRECTION('',(0.,0.,-1.));
#10098=DIRECTION('',(1.,0.,0.));
#10099=DIRECTION('',(0.,0.,-1.));
#10100=DIRECTION('',(0.,-1.,0.));
#10101=DIRECTION('',(0.,0.,-1.));
#10102=DIRECTION('',(0.,-1.,0.));
#10103=DIRECTION('',(0.,0.,1.));
#10104=DIRECTION('',(0.,0.,1.));
#10105=DIRECTION('',(1.,0.,0.));
#10106=DIRECTION('',(1.,0.,0.));
#10107=DIRECTION('',(0.,-1.,0.));
#10108=DIRECTION('',(-1.,0.,0.));
#10109=DIRECTION('',(-1.,0.,0.));
#10110=DIRECTION('',(0.,0.,1.));
#10111=DIRECTION('',(0.,0.,1.));
#10112=DIRECTION('',(0.,-1.,0.));
#10113=DIRECTION('',(0.,0.,-1.));
#10114=DIRECTION('',(1.,0.,0.));
#10115=DIRECTION('',(0.,0.,-1.));
#10116=DIRECTION('',(0.,-1.,0.));
#10117=DIRECTION('',(0.,0.,-1.));
#10118=DIRECTION('',(0.,-1.,0.));
#10119=DIRECTION('',(0.,0.,1.));
#10120=DIRECTION('',(0.,0.,1.));
#10121=DIRECTION('',(1.,0.,0.));
#10122=DIRECTION('',(1.,0.,0.));
#10123=DIRECTION('',(0.,-1.,0.));
#10124=DIRECTION('',(-1.,0.,0.));
#10125=DIRECTION('',(-1.,0.,0.));
#10126=DIRECTION('',(0.,0.,1.));
#10127=DIRECTION('',(0.,0.,1.));
#10128=DIRECTION('',(0.,-1.,0.));
#10129=DIRECTION('',(0.,0.,-1.));
#10130=DIRECTION('',(1.,0.,0.));
#10131=DIRECTION('',(0.,0.,-1.));
#10132=DIRECTION('',(0.,-1.,0.));
#10133=DIRECTION('',(0.,0.,-1.));
#10134=DIRECTION('',(0.,-1.,0.));
#10135=DIRECTION('',(0.,0.,1.));
#10136=DIRECTION('',(0.,0.,1.));
#10137=DIRECTION('',(1.,0.,0.));
#10138=DIRECTION('',(1.,0.,0.));
#10139=DIRECTION('',(0.,-1.,0.));
#10140=DIRECTION('',(-1.,0.,0.));
#10141=DIRECTION('',(-1.,0.,0.));
#10142=DIRECTION('',(0.,0.,1.));
#10143=DIRECTION('',(0.,0.,1.));
#10144=DIRECTION('',(0.,-1.,0.));
#10145=DIRECTION('',(0.,0.,-1.));
#10146=DIRECTION('',(0.,0.,-1.));
#10147=DIRECTION('',(-1.,0.,0.));
#10148=DIRECTION('',(-1.,0.,0.));
#10149=DIRECTION('',(1.,0.,0.));
#10150=DIRECTION('',(0.,0.,-1.));
#10151=DIRECTION('',(-1.,0.,0.));
#10152=DIRECTION('',(-1.,0.,0.));
#10153=DIRECTION('',(1.,0.,0.));
#10154=DIRECTION('',(0.,0.,-1.));
#10155=DIRECTION('',(-1.,0.,0.));
#10156=DIRECTION('',(-1.,0.,0.));
#10157=DIRECTION('',(1.,0.,0.));
#10158=DIRECTION('',(0.,0.,-1.));
#10159=DIRECTION('',(-1.,0.,0.));
#10160=DIRECTION('',(-1.,0.,0.));
#10161=DIRECTION('',(1.,0.,0.));
#10162=DIRECTION('',(0.,0.,-1.));
#10163=DIRECTION('',(-1.,0.,0.));
#10164=DIRECTION('',(-1.,0.,0.));
#10165=DIRECTION('',(1.,0.,0.));
#10166=DIRECTION('',(0.,0.,-1.));
#10167=DIRECTION('',(-1.,0.,0.));
#10168=DIRECTION('',(-1.,0.,0.));
#10169=DIRECTION('',(1.,0.,0.));
#10170=DIRECTION('',(0.,0.,-1.));
#10171=DIRECTION('',(-1.,0.,0.));
#10172=DIRECTION('',(-1.,0.,0.));
#10173=DIRECTION('',(1.,0.,0.));
#10174=DIRECTION('',(0.,0.,-1.));
#10175=DIRECTION('',(-1.,0.,0.));
#10176=DIRECTION('',(-1.,0.,0.));
#10177=DIRECTION('',(1.,0.,0.));
#10178=DIRECTION('',(0.,0.,1.));
#10179=DIRECTION('',(1.,0.,0.));
#10180=DIRECTION('',(0.,1.,0.));
#10181=DIRECTION('',(-1.,0.,0.));
#10182=DIRECTION('',(0.,-1.,0.));
#10183=DIRECTION('',(-1.,0.,0.));
#10184=DIRECTION('',(0.,0.,-1.));
#10185=DIRECTION('',(-1.,0.,0.));
#10186=DIRECTION('',(-1.,0.,0.));
#10187=DIRECTION('',(0.,-1.,0.));
#10188=DIRECTION('',(1.,0.,0.));
#10189=DIRECTION('',(0.,-1.,0.));
#10190=DIRECTION('',(1.,0.,0.));
#10191=DIRECTION('',(0.,0.,-1.));
#10192=DIRECTION('',(0.,1.,0.));
#10193=DIRECTION('',(0.,0.,1.));
#10194=DIRECTION('',(0.,0.,1.));
#10195=DIRECTION('',(0.,0.,1.));
#10196=DIRECTION('',(0.,-1.,0.));
#10197=DIRECTION('',(0.,0.,-1.));
#10198=DIRECTION('',(0.,0.,1.));
#10199=DIRECTION('',(0.,0.,-1.));
#10200=DIRECTION('',(0.,0.,-1.));
#10201=DIRECTION('',(-1.,0.,0.));
#10202=DIRECTION('',(1.,0.,0.));
#10203=DIRECTION('',(0.,-1.,0.));
#10204=DIRECTION('',(-1.,0.,0.));
#10205=DIRECTION('',(0.,-1.,0.));
#10206=DIRECTION('',(-1.,0.,0.));
#10207=DIRECTION('',(0.,0.,1.));
#10208=DIRECTION('',(0.,0.,1.));
#10209=DIRECTION('',(0.,1.,0.));
#10210=DIRECTION('',(0.,0.,-1.));
#10211=DIRECTION('',(0.,-1.,0.));
#10212=DIRECTION('',(0.,0.,-1.));
#10213=DIRECTION('',(0.,0.,-1.));
#10214=DIRECTION('',(0.,-1.,0.));
#10215=DIRECTION('',(0.,0.,1.));
#10216=DIRECTION('',(0.,0.,-1.));
#10217=DIRECTION('',(1.,0.,0.));
#10218=DIRECTION('',(0.,0.,-1.));
#10219=DIRECTION('',(0.,0.,1.));
#10220=DIRECTION('',(0.,-1.,0.));
#10221=DIRECTION('',(0.,0.,1.));
#10222=DIRECTION('',(0.,-1.,0.));
#10223=DIRECTION('',(0.,0.,1.));
#10224=DIRECTION('',(1.,0.,0.));
#10225=DIRECTION('',(-1.,0.,0.));
#10226=DIRECTION('',(0.,-1.,0.));
#10227=DIRECTION('',(-1.,0.,0.));
#10228=DIRECTION('',(-1.,0.,0.));
#10229=DIRECTION('',(0.,0.,1.));
#10230=DIRECTION('',(0.,0.,-1.));
#10231=DIRECTION('',(0.,-1.,0.));
#10232=DIRECTION('',(0.,0.,-1.));
#10233=DIRECTION('',(1.,0.,0.));
#10234=DIRECTION('',(0.,0.,-1.));
#10235=DIRECTION('',(0.,0.,1.));
#10236=DIRECTION('',(0.,-1.,0.));
#10237=DIRECTION('',(0.,0.,1.));
#10238=DIRECTION('',(0.,-1.,0.));
#10239=DIRECTION('',(0.,0.,1.));
#10240=DIRECTION('',(1.,0.,0.));
#10241=DIRECTION('',(-1.,0.,0.));
#10242=DIRECTION('',(0.,-1.,0.));
#10243=DIRECTION('',(-1.,0.,0.));
#10244=DIRECTION('',(-1.,0.,0.));
#10245=DIRECTION('',(0.,0.,1.));
#10246=DIRECTION('',(0.,0.,-1.));
#10247=DIRECTION('',(0.,-1.,0.));
#10248=DIRECTION('',(0.,0.,-1.));
#10249=DIRECTION('',(1.,0.,0.));
#10250=DIRECTION('',(0.,0.,-1.));
#10251=DIRECTION('',(0.,0.,1.));
#10252=DIRECTION('',(0.,-1.,0.));
#10253=DIRECTION('',(0.,0.,1.));
#10254=DIRECTION('',(0.,-1.,0.));
#10255=DIRECTION('',(0.,0.,1.));
#10256=DIRECTION('',(1.,0.,0.));
#10257=DIRECTION('',(-1.,0.,0.));
#10258=DIRECTION('',(0.,-1.,0.));
#10259=DIRECTION('',(-1.,0.,0.));
#10260=DIRECTION('',(-1.,0.,0.));
#10261=DIRECTION('',(0.,0.,1.));
#10262=DIRECTION('',(0.,0.,-1.));
#10263=DIRECTION('',(0.,-1.,0.));
#10264=DIRECTION('',(0.,0.,-1.));
#10265=DIRECTION('',(1.,0.,0.));
#10266=DIRECTION('',(0.,0.,-1.));
#10267=DIRECTION('',(0.,0.,1.));
#10268=DIRECTION('',(0.,-1.,0.));
#10269=DIRECTION('',(0.,0.,1.));
#10270=DIRECTION('',(0.,-1.,0.));
#10271=DIRECTION('',(0.,0.,1.));
#10272=DIRECTION('',(1.,0.,0.));
#10273=DIRECTION('',(-1.,0.,0.));
#10274=DIRECTION('',(0.,-1.,0.));
#10275=DIRECTION('',(-1.,0.,0.));
#10276=DIRECTION('',(-1.,0.,0.));
#10277=DIRECTION('',(0.,0.,1.));
#10278=DIRECTION('',(0.,0.,-1.));
#10279=DIRECTION('',(0.,-1.,0.));
#10280=DIRECTION('',(0.,0.,-1.));
#10281=DIRECTION('',(1.,0.,0.));
#10282=DIRECTION('',(0.,0.,-1.));
#10283=DIRECTION('',(0.,0.,1.));
#10284=DIRECTION('',(0.,-1.,0.));
#10285=DIRECTION('',(0.,0.,1.));
#10286=DIRECTION('',(0.,-1.,0.));
#10287=DIRECTION('',(0.,0.,1.));
#10288=DIRECTION('',(1.,0.,0.));
#10289=DIRECTION('',(-1.,0.,0.));
#10290=DIRECTION('',(0.,-1.,0.));
#10291=DIRECTION('',(-1.,0.,0.));
#10292=DIRECTION('',(-1.,0.,0.));
#10293=DIRECTION('',(0.,0.,1.));
#10294=DIRECTION('',(0.,0.,-1.));
#10295=DIRECTION('',(0.,-1.,0.));
#10296=DIRECTION('',(0.,0.,-1.));
#10297=DIRECTION('',(1.,0.,0.));
#10298=DIRECTION('',(0.,0.,-1.));
#10299=DIRECTION('',(0.,0.,1.));
#10300=DIRECTION('',(0.,-1.,0.));
#10301=DIRECTION('',(0.,0.,1.));
#10302=DIRECTION('',(0.,-1.,0.));
#10303=DIRECTION('',(0.,0.,1.));
#10304=DIRECTION('',(1.,0.,0.));
#10305=DIRECTION('',(-1.,0.,0.));
#10306=DIRECTION('',(0.,-1.,0.));
#10307=DIRECTION('',(-1.,0.,0.));
#10308=DIRECTION('',(-1.,0.,0.));
#10309=DIRECTION('',(0.,0.,1.));
#10310=DIRECTION('',(0.,0.,-1.));
#10311=DIRECTION('',(0.,-1.,0.));
#10312=DIRECTION('',(0.,0.,-1.));
#10313=DIRECTION('',(1.,0.,0.));
#10314=DIRECTION('',(0.,0.,-1.));
#10315=DIRECTION('',(0.,0.,1.));
#10316=DIRECTION('',(0.,-1.,0.));
#10317=DIRECTION('',(0.,0.,1.));
#10318=DIRECTION('',(0.,-1.,0.));
#10319=DIRECTION('',(0.,0.,1.));
#10320=DIRECTION('',(1.,0.,0.));
#10321=DIRECTION('',(-1.,0.,0.));
#10322=DIRECTION('',(0.,-1.,0.));
#10323=DIRECTION('',(-1.,0.,0.));
#10324=DIRECTION('',(-1.,0.,0.));
#10325=DIRECTION('',(0.,0.,1.));
#10326=DIRECTION('',(0.,0.,-1.));
#10327=DIRECTION('',(0.,-1.,0.));
#10328=DIRECTION('',(0.,0.,-1.));
#10329=DIRECTION('',(1.,0.,0.));
#10330=DIRECTION('',(0.,0.,-1.));
#10331=DIRECTION('',(0.,0.,1.));
#10332=DIRECTION('',(0.,-1.,0.));
#10333=DIRECTION('',(0.,0.,1.));
#10334=DIRECTION('',(0.,-1.,0.));
#10335=DIRECTION('',(0.,0.,1.));
#10336=DIRECTION('',(1.,0.,0.));
#10337=DIRECTION('',(-1.,0.,0.));
#10338=DIRECTION('',(0.,-1.,0.));
#10339=DIRECTION('',(-1.,0.,0.));
#10340=DIRECTION('',(-1.,0.,0.));
#10341=DIRECTION('',(0.,0.,1.));
#10342=DIRECTION('',(0.,0.,-1.));
#10343=DIRECTION('',(0.,-1.,0.));
#10344=DIRECTION('',(0.,0.,-1.));
#10345=DIRECTION('',(1.,0.,0.));
#10346=DIRECTION('',(0.,0.,-1.));
#10347=DIRECTION('',(0.,0.,1.));
#10348=DIRECTION('',(0.,-1.,0.));
#10349=DIRECTION('',(0.,0.,1.));
#10350=DIRECTION('',(0.,-1.,0.));
#10351=DIRECTION('',(0.,0.,1.));
#10352=DIRECTION('',(1.,0.,0.));
#10353=DIRECTION('',(-1.,0.,0.));
#10354=DIRECTION('',(0.,-1.,0.));
#10355=DIRECTION('',(-1.,0.,0.));
#10356=DIRECTION('',(-1.,0.,0.));
#10357=DIRECTION('',(0.,0.,1.));
#10358=DIRECTION('',(0.,0.,-1.));
#10359=DIRECTION('',(0.,-1.,0.));
#10360=DIRECTION('',(0.,0.,-1.));
#10361=DIRECTION('',(1.,0.,0.));
#10362=DIRECTION('',(0.,0.,-1.));
#10363=DIRECTION('',(0.,0.,1.));
#10364=DIRECTION('',(0.,-1.,0.));
#10365=DIRECTION('',(0.,0.,1.));
#10366=DIRECTION('',(0.,-1.,0.));
#10367=DIRECTION('',(0.,0.,1.));
#10368=DIRECTION('',(1.,0.,0.));
#10369=DIRECTION('',(-1.,0.,0.));
#10370=DIRECTION('',(0.,-1.,0.));
#10371=DIRECTION('',(-1.,0.,0.));
#10372=DIRECTION('',(-1.,0.,0.));
#10373=DIRECTION('',(0.,0.,1.));
#10374=DIRECTION('',(0.,0.,-1.));
#10375=DIRECTION('',(0.,-1.,0.));
#10376=DIRECTION('',(0.,0.,-1.));
#10377=DIRECTION('',(1.,0.,0.));
#10378=DIRECTION('',(0.,0.,-1.));
#10379=DIRECTION('',(0.,0.,1.));
#10380=DIRECTION('',(0.,-1.,0.));
#10381=DIRECTION('',(0.,0.,1.));
#10382=DIRECTION('',(0.,-1.,0.));
#10383=DIRECTION('',(0.,0.,1.));
#10384=DIRECTION('',(1.,0.,0.));
#10385=DIRECTION('',(-1.,0.,0.));
#10386=DIRECTION('',(0.,-1.,0.));
#10387=DIRECTION('',(-1.,0.,0.));
#10388=DIRECTION('',(-1.,0.,0.));
#10389=DIRECTION('',(0.,0.,1.));
#10390=DIRECTION('',(0.,0.,-1.));
#10391=DIRECTION('',(0.,-1.,0.));
#10392=DIRECTION('',(0.,0.,-1.));
#10393=DIRECTION('',(1.,0.,0.));
#10394=DIRECTION('',(0.,0.,-1.));
#10395=DIRECTION('',(0.,0.,1.));
#10396=DIRECTION('',(0.,-1.,0.));
#10397=DIRECTION('',(0.,0.,1.));
#10398=DIRECTION('',(0.,-1.,0.));
#10399=DIRECTION('',(0.,0.,1.));
#10400=DIRECTION('',(1.,0.,0.));
#10401=DIRECTION('',(-1.,0.,0.));
#10402=DIRECTION('',(0.,-1.,0.));
#10403=DIRECTION('',(-1.,0.,0.));
#10404=DIRECTION('',(-1.,0.,0.));
#10405=DIRECTION('',(0.,0.,1.));
#10406=DIRECTION('',(0.,0.,-1.));
#10407=DIRECTION('',(0.,-1.,0.));
#10408=DIRECTION('',(0.,0.,-1.));
#10409=DIRECTION('',(0.,0.,-1.));
#10410=DIRECTION('',(-1.,0.,0.));
#10411=DIRECTION('',(1.,0.,0.));
#10412=DIRECTION('',(1.,0.,0.));
#10413=DIRECTION('',(0.,0.,-1.));
#10414=DIRECTION('',(-1.,0.,0.));
#10415=DIRECTION('',(1.,0.,0.));
#10416=DIRECTION('',(1.,0.,0.));
#10417=DIRECTION('',(0.,0.,-1.));
#10418=DIRECTION('',(-1.,0.,0.));
#10419=DIRECTION('',(1.,0.,0.));
#10420=DIRECTION('',(1.,0.,0.));
#10421=DIRECTION('',(0.,0.,-1.));
#10422=DIRECTION('',(-1.,0.,0.));
#10423=DIRECTION('',(1.,0.,0.));
#10424=DIRECTION('',(1.,0.,0.));
#10425=DIRECTION('',(0.,0.,-1.));
#10426=DIRECTION('',(-1.,0.,0.));
#10427=DIRECTION('',(1.,0.,0.));
#10428=DIRECTION('',(1.,0.,0.));
#10429=DIRECTION('',(0.,0.,-1.));
#10430=DIRECTION('',(-1.,0.,0.));
#10431=DIRECTION('',(1.,0.,0.));
#10432=DIRECTION('',(1.,0.,0.));
#10433=DIRECTION('',(0.,0.,-1.));
#10434=DIRECTION('',(-1.,0.,0.));
#10435=DIRECTION('',(1.,0.,0.));
#10436=DIRECTION('',(1.,0.,0.));
#10437=DIRECTION('',(0.,0.,-1.));
#10438=DIRECTION('',(-1.,0.,0.));
#10439=DIRECTION('',(1.,0.,0.));
#10440=DIRECTION('',(1.,0.,0.));
#10441=DIRECTION('',(0.,0.,-1.));
#10442=DIRECTION('',(-1.,0.,0.));
#10443=DIRECTION('',(1.,0.,0.));
#10444=DIRECTION('',(1.,0.,0.));
#10445=DIRECTION('',(0.,0.,-1.));
#10446=DIRECTION('',(-1.,0.,0.));
#10447=DIRECTION('',(1.,0.,0.));
#10448=DIRECTION('',(1.,0.,0.));
#10449=DIRECTION('',(0.,0.,-1.));
#10450=DIRECTION('',(-1.,0.,0.));
#10451=DIRECTION('',(1.,0.,0.));
#10452=DIRECTION('',(1.,0.,0.));
#10453=DIRECTION('',(0.,0.,-1.));
#10454=DIRECTION('',(-1.,0.,0.));
#10455=DIRECTION('',(1.,0.,0.));
#10456=DIRECTION('',(1.,0.,0.));
#10457=DIRECTION('',(0.,0.,1.));
#10458=DIRECTION('',(1.,0.,0.));
#10459=DIRECTION('',(-1.,0.,0.));
#10460=DIRECTION('',(0.,-1.,0.));
#10461=DIRECTION('',(-1.,0.,0.));
#10462=DIRECTION('',(0.,1.,0.));
#10463=DIRECTION('',(0.,0.,1.));
#10464=DIRECTION('',(0.,0.,-1.));
#10465=DIRECTION('',(0.,0.,-1.));
#10466=DIRECTION('',(1.,0.,0.));
#10467=DIRECTION('',(0.,1.,0.));
#10468=DIRECTION('',(0.,0.,1.));
#10469=DIRECTION('',(-3.0818660178525E-14,0.,1.));
#10470=DIRECTION('',(0.,0.,-1.));
#10471=DIRECTION('',(0.,0.,-1.));
#10472=DIRECTION('',(1.,0.,0.));
#10473=DIRECTION('',(-3.0818660178525E-14,0.,1.));
#10474=DIRECTION('',(0.,0.,-1.));
#10475=DIRECTION('',(-1.,0.,0.));
#10476=DIRECTION('',(-1.,0.,0.));
#10477=DIRECTION('',(-1.,0.,0.));
#10478=DIRECTION('',(0.,-1.,0.));
#10479=DIRECTION('',(0.,0.,-1.));
#10480=DIRECTION('',(1.,0.,0.));
#10481=DIRECTION('',(0.,1.,0.));
#10482=DIRECTION('',(0.,0.,1.));
#10483=DIRECTION('',(-1.,0.,0.));
#10484=DIRECTION('',(0.,-1.,0.));
#10485=DIRECTION('',(0.,0.,-1.));
#10486=DIRECTION('',(-1.,0.,0.));
#10487=DIRECTION('',(-1.,0.,0.));
#10488=DIRECTION('',(0.,0.,1.));
#10489=DIRECTION('',(1.,0.,0.));
#10490=DIRECTION('',(-1.,0.,0.));
#10491=DIRECTION('',(0.,1.,0.));
#10492=DIRECTION('',(0.,0.,1.));
#10493=DIRECTION('',(1.,0.,0.));
#10494=DIRECTION('',(0.,-1.,0.));
#10495=DIRECTION('',(0.,0.,-1.));
#10496=DIRECTION('',(0.,-1.,0.));
#10497=DIRECTION('',(0.,0.,-1.));
#10498=DIRECTION('',(0.,-1.,0.));
#10499=DIRECTION('',(0.,0.,-1.));
#10500=DIRECTION('',(0.,-1.,0.));
#10501=DIRECTION('',(0.,0.,-1.));
#10502=DIRECTION('',(0.,-1.,0.));
#10503=DIRECTION('',(0.,0.,-1.));
#10504=DIRECTION('',(0.,-1.,0.));
#10505=DIRECTION('',(0.,0.,-1.));
#10506=DIRECTION('',(0.,-1.,0.));
#10507=DIRECTION('',(0.,0.,-1.));
#10508=DIRECTION('',(0.,-1.,0.));
#10509=DIRECTION('',(0.,0.,-1.));
#10510=DIRECTION('',(1.,0.,3.0818660178525E-14));
#10511=DIRECTION('',(3.0818660178525E-14,0.,-1.));
#10512=DIRECTION('',(0.,-1.,0.));
#10513=DIRECTION('',(-1.,0.,0.));
#10514=DIRECTION('',(0.,0.,1.));
#10515=DIRECTION('',(0.,-1.,0.));
#10516=DIRECTION('',(-1.,0.,0.));
#10517=DIRECTION('',(0.,0.,1.));
#10518=DIRECTION('',(0.,-1.,0.));
#10519=DIRECTION('',(0.,-1.,0.));
#10520=DIRECTION('',(0.,0.,-1.));
#10521=DIRECTION('',(0.,-1.,0.));
#10522=DIRECTION('',(1.,0.,3.0818660178525E-14));
#10523=DIRECTION('',(3.0818660178525E-14,0.,-1.));
#10524=DIRECTION('',(0.,-1.,0.));
#10525=DIRECTION('',(0.,0.,1.));
#10526=DIRECTION('',(0.,-1.,0.));
#10527=DIRECTION('',(0.,-1.,0.));
#10528=DIRECTION('',(0.,0.,-1.));
#10529=DIRECTION('',(-1.,0.,0.));
#10530=DIRECTION('',(1.,0.,0.));
#10531=DIRECTION('',(0.,0.,1.));
#10532=DIRECTION('',(1.,0.,0.));
#10533=DIRECTION('',(0.,0.,1.));
#10534=DIRECTION('',(1.,0.,0.));
#10535=DIRECTION('',(-1.,0.,0.));
#10536=DIRECTION('',(0.,-1.,0.));
#10537=DIRECTION('',(0.,0.,-1.));
#10538=DIRECTION('',(0.,0.,-1.));
#10539=DIRECTION('',(-1.,0.,0.));
#10540=DIRECTION('',(0.894427190999916,0.447213595499958,0.));
#10541=DIRECTION('',(-0.447213595499958,0.894427190999916,0.));
#10542=DIRECTION('',(0.,0.,-1.));
#10543=DIRECTION('',(1.,0.,0.));
#10544=DIRECTION('',(0.,0.,-1.));
#10545=DIRECTION('',(-1.,0.,0.));
#10546=DIRECTION('',(0.,0.,1.));
#10547=DIRECTION('',(0.,0.,-1.));
#10548=DIRECTION('',(-0.894427190999916,0.447213595499958,0.));
#10549=DIRECTION('',(-0.447213595499958,-0.894427190999916,0.));
#10550=DIRECTION('',(0.,0.,1.));
#10551=DIRECTION('',(1.,0.,0.));
#10552=DIRECTION('',(0.,-0.558600379479076,0.82943692710527));
#10553=DIRECTION('',(0.,-0.82943692710527,-0.558600379479076));
#10554=DIRECTION('',(1.,0.,0.));
#10555=DIRECTION('',(0.,0.82943692710527,0.558600379479076));
#10556=DIRECTION('',(1.,0.,0.));
#10557=DIRECTION('',(0.,-0.82943692710527,-0.558600379479076));
#10558=DIRECTION('',(-1.,0.,0.));
#10559=DIRECTION('',(0.,0.82943692710527,0.558600379479076));
#10560=DIRECTION('',(1.,0.,0.));
#10561=DIRECTION('',(0.,-0.82943692710527,-0.558600379479076));
#10562=DIRECTION('',(-1.,0.,0.));
#10563=DIRECTION('',(0.,0.82943692710527,0.558600379479076));
#10564=DIRECTION('',(1.,0.,0.));
#10565=DIRECTION('',(0.,-0.82943692710527,-0.558600379479076));
#10566=DIRECTION('',(-1.,0.,0.));
#10567=DIRECTION('',(0.,0.82943692710527,0.558600379479076));
#10568=DIRECTION('',(-1.,0.,0.));
#10569=DIRECTION('',(0.,0.82943692710527,0.558600379479076));
#10570=DIRECTION('',(-1.,0.,0.));
#10571=DIRECTION('',(0.,0.82943692710527,0.558600379479076));
#10572=DIRECTION('',(1.,0.,0.));
#10573=DIRECTION('',(0.,-0.82943692710527,-0.558600379479076));
#10574=DIRECTION('',(-1.,0.,0.));
#10575=DIRECTION('',(0.,0.82943692710527,0.558600379479076));
#10576=DIRECTION('',(1.,0.,0.));
#10577=DIRECTION('',(0.,-0.82943692710527,-0.558600379479076));
#10578=DIRECTION('',(-1.,0.,0.));
#10579=DIRECTION('',(0.,0.82943692710527,0.558600379479076));
#10580=DIRECTION('',(1.,0.,0.));
#10581=DIRECTION('',(0.,-0.82943692710527,-0.558600379479076));
#10582=DIRECTION('',(-1.,0.,0.));
#10583=DIRECTION('',(0.,0.82943692710527,0.558600379479076));
#10584=DIRECTION('',(1.,0.,0.));
#10585=DIRECTION('',(0.,-0.82943692710527,-0.558600379479076));
#10586=DIRECTION('',(-1.,0.,0.));
#10587=DIRECTION('',(0.,0.82943692710527,0.558600379479076));
#10588=DIRECTION('',(1.,0.,0.));
#10589=DIRECTION('',(0.,-0.82943692710527,-0.558600379479076));
#10590=DIRECTION('',(-1.,0.,0.));
#10591=DIRECTION('',(0.,0.82943692710527,0.558600379479076));
#10592=DIRECTION('',(1.,0.,0.));
#10593=DIRECTION('',(0.,0.82943692710527,0.558600379479076));
#10594=DIRECTION('',(0.,0.,-1.));
#10595=DIRECTION('',(-1.,0.,0.));
#10596=DIRECTION('',(0.,1.,0.));
#10597=DIRECTION('',(-1.,0.,0.));
#10598=DIRECTION('',(0.,-1.,0.));
#10599=DIRECTION('',(-1.,0.,0.));
#10600=DIRECTION('',(0.,0.,-1.));
#10601=DIRECTION('',(-1.,0.,0.));
#10602=DIRECTION('',(0.,-1.,0.));
#10603=DIRECTION('',(-1.,0.,0.));
#10604=DIRECTION('',(0.,1.,0.));
#10605=DIRECTION('',(-1.,0.,0.));
#10606=DIRECTION('',(0.,0.,-1.));
#10607=DIRECTION('',(-1.,0.,0.));
#10608=DIRECTION('',(0.,-1.,0.));
#10609=DIRECTION('',(-1.,0.,0.));
#10610=DIRECTION('',(0.,1.,0.));
#10611=DIRECTION('',(-1.,0.,0.));
#10612=DIRECTION('',(0.,0.,-1.));
#10613=DIRECTION('',(-1.,0.,0.));
#10614=DIRECTION('',(0.,-1.,0.));
#10615=DIRECTION('',(-1.,0.,0.));
#10616=DIRECTION('',(0.,1.,0.));
#10617=DIRECTION('',(-1.,0.,0.));
#10618=DIRECTION('',(0.,0.,-1.));
#10619=DIRECTION('',(-1.,0.,0.));
#10620=DIRECTION('',(0.,-1.,0.));
#10621=DIRECTION('',(-1.,0.,0.));
#10622=DIRECTION('',(0.,1.,0.));
#10623=DIRECTION('',(-1.,0.,0.));
#10624=DIRECTION('',(0.,0.,-1.));
#10625=DIRECTION('',(-1.,0.,0.));
#10626=DIRECTION('',(0.,-1.,0.));
#10627=DIRECTION('',(-1.,0.,0.));
#10628=DIRECTION('',(0.,1.,0.));
#10629=DIRECTION('',(-1.,0.,0.));
#10630=DIRECTION('',(0.,0.,-1.));
#10631=DIRECTION('',(-1.,0.,0.));
#10632=DIRECTION('',(0.,-1.,0.));
#10633=DIRECTION('',(-1.,0.,0.));
#10634=DIRECTION('',(0.,1.,0.));
#10635=DIRECTION('',(-1.,0.,0.));
#10636=DIRECTION('',(0.,0.,-1.));
#10637=DIRECTION('',(-1.,0.,0.));
#10638=DIRECTION('',(0.,-1.,0.));
#10639=DIRECTION('',(-1.,0.,0.));
#10640=DIRECTION('',(0.,1.,0.));
#10641=DIRECTION('',(-1.,0.,0.));
#10642=DIRECTION('',(0.,0.,-1.));
#10643=DIRECTION('',(-1.,0.,0.));
#10644=DIRECTION('',(0.,-1.,0.));
#10645=DIRECTION('',(-1.,0.,0.));
#10646=DIRECTION('',(0.,1.,0.));
#10647=DIRECTION('',(-1.,0.,0.));
#10648=DIRECTION('',(0.,0.,1.));
#10649=DIRECTION('',(1.,0.,0.));
#10650=DIRECTION('',(0.,-1.,0.));
#10651=DIRECTION('',(-1.,0.,0.));
#10652=DIRECTION('',(0.,1.,0.));
#10653=DIRECTION('',(0.,0.,1.));
#10654=DIRECTION('',(1.,0.,0.));
#10655=DIRECTION('',(0.,1.,0.));
#10656=DIRECTION('',(0.,-1.,0.));
#10657=DIRECTION('',(-1.,0.,0.));
#10658=DIRECTION('',(0.,0.,1.));
#10659=DIRECTION('',(1.,0.,0.));
#10660=DIRECTION('',(0.,1.,0.));
#10661=DIRECTION('',(0.,-1.,0.));
#10662=DIRECTION('',(-1.,0.,0.));
#10663=DIRECTION('',(0.,0.,1.));
#10664=DIRECTION('',(1.,0.,0.));
#10665=DIRECTION('',(0.,1.,0.));
#10666=DIRECTION('',(0.,-1.,0.));
#10667=DIRECTION('',(-1.,0.,0.));
#10668=DIRECTION('',(0.,0.,1.));
#10669=DIRECTION('',(1.,0.,0.));
#10670=DIRECTION('',(0.,1.,0.));
#10671=DIRECTION('',(0.,-1.,0.));
#10672=DIRECTION('',(-1.,0.,0.));
#10673=DIRECTION('',(0.,0.,1.));
#10674=DIRECTION('',(1.,0.,0.));
#10675=DIRECTION('',(0.,1.,0.));
#10676=DIRECTION('',(0.,-1.,0.));
#10677=DIRECTION('',(-1.,0.,0.));
#10678=DIRECTION('',(0.,0.,1.));
#10679=DIRECTION('',(1.,0.,0.));
#10680=DIRECTION('',(0.,1.,0.));
#10681=DIRECTION('',(0.,-1.,0.));
#10682=DIRECTION('',(-1.,0.,0.));
#10683=DIRECTION('',(0.,0.,1.));
#10684=DIRECTION('',(1.,0.,0.));
#10685=DIRECTION('',(0.,1.,0.));
#10686=DIRECTION('',(0.,-1.,0.));
#10687=DIRECTION('',(-1.,0.,0.));
#10688=DIRECTION('',(0.,0.499999999999953,0.866025403784465));
#10689=DIRECTION('',(0.,-0.866025403784466,0.499999999999954));
#10690=DIRECTION('',(0.447213595500202,0.774596669241402,-0.447213595499855));
#10691=DIRECTION('',(0.4472135955002,-0.774596669241403,0.447213595499856));
#10692=DIRECTION('',(-1.,0.,0.));
#10693=DIRECTION('',(0.,0.499999999999953,0.866025403784465));
#10694=DIRECTION('',(0.,-0.866025403784466,0.499999999999954));
#10695=DIRECTION('',(0.4472135955002,0.774596669241403,-0.447213595499856));
#10696=DIRECTION('',(0.447213595500197,-0.774596669241404,0.447213595499856));
#10697=DIRECTION('',(-1.,0.,0.));
#10698=DIRECTION('',(0.,0.499999999999953,0.866025403784465));
#10699=DIRECTION('',(0.,-0.866025403784466,0.499999999999954));
#10700=DIRECTION('',(0.447213595500199,0.774596669241403,-0.447213595499856));
#10701=DIRECTION('',(0.447213595500199,-0.774596669241403,0.447213595499856));
#10702=DIRECTION('',(-1.,0.,0.));
#10703=DIRECTION('',(0.,0.499999999999953,0.866025403784465));
#10704=DIRECTION('',(0.,-0.866025403784466,0.499999999999954));
#10705=DIRECTION('',(0.447213595500199,0.774596669241403,-0.447213595499856));
#10706=DIRECTION('',(0.447213595500199,-0.774596669241403,0.447213595499856));
#10707=DIRECTION('',(-1.,0.,0.));
#10708=DIRECTION('',(0.,0.499999999999953,0.866025403784465));
#10709=DIRECTION('',(0.,-0.866025403784466,0.499999999999954));
#10710=DIRECTION('',(0.447213595500199,0.774596669241403,-0.447213595499856));
#10711=DIRECTION('',(0.447213595500199,-0.774596669241403,0.447213595499856));
#10712=DIRECTION('',(-1.,0.,0.));
#10713=DIRECTION('',(0.,0.499999999999953,0.866025403784465));
#10714=DIRECTION('',(0.,-0.866025403784466,0.499999999999954));
#10715=DIRECTION('',(0.447213595500199,0.774596669241403,-0.447213595499856));
#10716=DIRECTION('',(0.4472135955002,-0.774596669241403,0.447213595499856));
#10717=DIRECTION('',(-1.,0.,0.));
#10718=DIRECTION('',(0.,0.499999999999953,0.866025403784465));
#10719=DIRECTION('',(0.,-0.866025403784466,0.499999999999954));
#10720=DIRECTION('',(0.447213595500199,0.774596669241403,-0.447213595499856));
#10721=DIRECTION('',(0.447213595500199,-0.774596669241403,0.447213595499856));
#10722=DIRECTION('',(-1.,0.,0.));
#10723=DIRECTION('',(0.,0.499999999999953,0.866025403784465));
#10724=DIRECTION('',(0.,-0.866025403784466,0.499999999999954));
#10725=DIRECTION('',(0.4472135955002,0.774596669241403,-0.447213595499856));
#10726=DIRECTION('',(0.447213595500197,-0.774596669241404,0.447213595499856));
#10727=DIRECTION('',(-1.,0.,0.));
#10728=DIRECTION('',(0.,1.,0.));
#10729=DIRECTION('',(0.,0.,1.));
#10730=DIRECTION('',(0.,0.,-1.));
#10731=DIRECTION('',(0.,0.,-1.));
#10732=DIRECTION('',(-1.,0.,0.));
#10733=DIRECTION('',(0.,1.,0.));
#10734=DIRECTION('',(0.,0.,1.));
#10735=DIRECTION('',(0.,0.,-1.));
#10736=DIRECTION('',(0.,0.,-1.));
#10737=DIRECTION('',(-1.,0.,0.));
#10738=DIRECTION('',(0.,1.,0.));
#10739=DIRECTION('',(0.,0.,1.));
#10740=DIRECTION('',(0.,0.,-1.));
#10741=DIRECTION('',(0.,0.,-1.));
#10742=DIRECTION('',(-1.,0.,0.));
#10743=DIRECTION('',(0.,1.,0.));
#10744=DIRECTION('',(0.,0.,1.));
#10745=DIRECTION('',(0.,0.,-1.));
#10746=DIRECTION('',(0.,0.,-1.));
#10747=DIRECTION('',(-1.,0.,0.));
#10748=DIRECTION('',(0.,1.,0.));
#10749=DIRECTION('',(0.,0.,1.));
#10750=DIRECTION('',(0.,0.,-1.));
#10751=DIRECTION('',(0.,0.,-1.));
#10752=DIRECTION('',(-1.,0.,0.));
#10753=DIRECTION('',(0.,1.,0.));
#10754=DIRECTION('',(0.,0.,1.));
#10755=DIRECTION('',(0.,0.,-1.));
#10756=DIRECTION('',(0.,0.,-1.));
#10757=DIRECTION('',(-1.,0.,0.));
#10758=DIRECTION('',(0.,1.,0.));
#10759=DIRECTION('',(0.,0.,1.));
#10760=DIRECTION('',(0.,0.,-1.));
#10761=DIRECTION('',(0.,0.,-1.));
#10762=DIRECTION('',(-1.,0.,0.));
#10763=DIRECTION('',(0.,1.,0.));
#10764=DIRECTION('',(0.,0.,1.));
#10765=DIRECTION('',(0.,0.,-1.));
#10766=DIRECTION('',(0.,0.,-1.));
#10767=DIRECTION('',(-1.,0.,0.));
#10768=DIRECTION('',(0.,0.500000000000025,-0.866025403784424));
#10769=DIRECTION('',(0.,0.866025403784424,0.500000000000025));
#10770=DIRECTION('',(-0.447213595500185,-0.774596669241372,-0.447213595499924));
#10771=DIRECTION('',(-0.447213595500183,0.774596669241373,0.447213595499924));
#10772=DIRECTION('',(-1.,0.,0.));
#10773=DIRECTION('',(0.,0.500000000000025,-0.866025403784424));
#10774=DIRECTION('',(0.,0.866025403784424,0.500000000000025));
#10775=DIRECTION('',(-0.447213595500183,-0.774596669241373,-0.447213595499924));
#10776=DIRECTION('',(-0.44721359550018,0.774596669241374,0.447213595499925));
#10777=DIRECTION('',(-1.,0.,0.));
#10778=DIRECTION('',(0.,0.500000000000025,-0.866025403784424));
#10779=DIRECTION('',(0.,0.866025403784424,0.500000000000025));
#10780=DIRECTION('',(-0.447213595500181,-0.774596669241373,-0.447213595499925));
#10781=DIRECTION('',(-0.447213595500181,0.774596669241373,0.447213595499925));
#10782=DIRECTION('',(-1.,0.,0.));
#10783=DIRECTION('',(0.,0.500000000000025,-0.866025403784424));
#10784=DIRECTION('',(0.,0.866025403784424,0.500000000000025));
#10785=DIRECTION('',(-0.447213595500182,-0.774596669241373,-0.447213595499925));
#10786=DIRECTION('',(-0.447213595500182,0.774596669241373,0.447213595499925));
#10787=DIRECTION('',(-1.,0.,0.));
#10788=DIRECTION('',(0.,0.500000000000025,-0.866025403784424));
#10789=DIRECTION('',(0.,0.866025403784424,0.500000000000025));
#10790=DIRECTION('',(-0.447213595500182,-0.774596669241373,-0.447213595499925));
#10791=DIRECTION('',(-0.447213595500182,0.774596669241373,0.447213595499925));
#10792=DIRECTION('',(-1.,0.,0.));
#10793=DIRECTION('',(0.,0.500000000000025,-0.866025403784424));
#10794=DIRECTION('',(0.,0.866025403784424,0.500000000000025));
#10795=DIRECTION('',(-0.447213595500182,-0.774596669241373,-0.447213595499925));
#10796=DIRECTION('',(-0.447213595500183,0.774596669241373,0.447213595499924));
#10797=DIRECTION('',(-1.,0.,0.));
#10798=DIRECTION('',(0.,0.500000000000025,-0.866025403784424));
#10799=DIRECTION('',(0.,0.866025403784424,0.500000000000025));
#10800=DIRECTION('',(-0.447213595500181,-0.774596669241373,-0.447213595499925));
#10801=DIRECTION('',(-0.447213595500181,0.774596669241373,0.447213595499925));
#10802=DIRECTION('',(-1.,0.,0.));
#10803=DIRECTION('',(0.,0.500000000000025,-0.866025403784424));
#10804=DIRECTION('',(0.,0.866025403784424,0.500000000000025));
#10805=DIRECTION('',(-0.447213595500183,-0.774596669241373,-0.447213595499924));
#10806=DIRECTION('',(-0.44721359550018,0.774596669241374,0.447213595499925));
#10807=DIRECTION('',(-1.,0.,0.));
#10808=DIRECTION('',(0.,0.,-1.));
#10809=DIRECTION('',(-1.,0.,0.));
#10810=DIRECTION('',(0.,1.,0.));
#10811=DIRECTION('',(-1.,0.,0.));
#10812=DIRECTION('',(0.,-1.,0.));
#10813=DIRECTION('',(0.,0.,-1.));
#10814=DIRECTION('',(-1.,0.,0.));
#10815=DIRECTION('',(0.,-1.,0.));
#10816=DIRECTION('',(0.,1.,0.));
#10817=DIRECTION('',(-1.,0.,0.));
#10818=DIRECTION('',(0.,0.,-1.));
#10819=DIRECTION('',(-1.,0.,0.));
#10820=DIRECTION('',(0.,-1.,0.));
#10821=DIRECTION('',(0.,1.,0.));
#10822=DIRECTION('',(-1.,0.,0.));
#10823=DIRECTION('',(0.,0.,-1.));
#10824=DIRECTION('',(-1.,0.,0.));
#10825=DIRECTION('',(0.,-1.,0.));
#10826=DIRECTION('',(0.,1.,0.));
#10827=DIRECTION('',(-1.,0.,0.));
#10828=DIRECTION('',(0.,0.,-1.));
#10829=DIRECTION('',(-1.,0.,0.));
#10830=DIRECTION('',(0.,-1.,0.));
#10831=DIRECTION('',(0.,1.,0.));
#10832=DIRECTION('',(-1.,0.,0.));
#10833=DIRECTION('',(0.,0.,-1.));
#10834=DIRECTION('',(-1.,0.,0.));
#10835=DIRECTION('',(0.,-1.,0.));
#10836=DIRECTION('',(0.,1.,0.));
#10837=DIRECTION('',(-1.,0.,0.));
#10838=DIRECTION('',(0.,0.,-1.));
#10839=DIRECTION('',(-1.,0.,0.));
#10840=DIRECTION('',(0.,-1.,0.));
#10841=DIRECTION('',(0.,1.,0.));
#10842=DIRECTION('',(-1.,0.,0.));
#10843=DIRECTION('',(0.,0.,-1.));
#10844=DIRECTION('',(-1.,0.,0.));
#10845=DIRECTION('',(0.,-1.,0.));
#10846=DIRECTION('',(0.,1.,0.));
#10847=DIRECTION('',(-1.,0.,0.));
#10848=DIRECTION('',(0.,-1.76384813640513E-17,1.));
#10849=DIRECTION('',(0.,-1.,-1.76384813640513E-17));
#10850=DIRECTION('',(0.,-1.,-1.76384813640513E-17));
#10851=DIRECTION('',(-1.,0.,0.));
#10852=DIRECTION('',(0.,1.,1.76384813640513E-17));
#10853=DIRECTION('',(-1.,0.,0.));
#10854=DIRECTION('',(0.,-1.76384813640513E-17,1.));
#10855=DIRECTION('',(0.,-1.,-1.76384813640513E-17));
#10856=DIRECTION('',(0.,1.,1.76384813640513E-17));
#10857=DIRECTION('',(-1.,0.,0.));
#10858=DIRECTION('',(0.,-1.,-1.76384813640513E-17));
#10859=DIRECTION('',(-1.,0.,0.));
#10860=DIRECTION('',(0.,-1.76384813640513E-17,1.));
#10861=DIRECTION('',(0.,-1.,-1.76384813640513E-17));
#10862=DIRECTION('',(0.,1.,1.76384813640513E-17));
#10863=DIRECTION('',(-1.,0.,0.));
#10864=DIRECTION('',(0.,-1.,-1.76384813640513E-17));
#10865=DIRECTION('',(-1.,0.,0.));
#10866=DIRECTION('',(0.,-1.76384813640513E-17,1.));
#10867=DIRECTION('',(0.,-1.,-1.76384813640513E-17));
#10868=DIRECTION('',(0.,1.,1.76384813640513E-17));
#10869=DIRECTION('',(-1.,0.,0.));
#10870=DIRECTION('',(0.,-1.,-1.76384813640513E-17));
#10871=DIRECTION('',(-1.,0.,0.));
#10872=DIRECTION('',(0.,-1.76384813640513E-17,1.));
#10873=DIRECTION('',(0.,-1.,-1.76384813640513E-17));
#10874=DIRECTION('',(0.,1.,1.76384813640513E-17));
#10875=DIRECTION('',(-1.,0.,0.));
#10876=DIRECTION('',(0.,-1.,-1.76384813640513E-17));
#10877=DIRECTION('',(-1.,0.,0.));
#10878=DIRECTION('',(0.,-1.76384813640513E-17,1.));
#10879=DIRECTION('',(0.,-1.,-1.76384813640513E-17));
#10880=DIRECTION('',(0.,1.,1.76384813640513E-17));
#10881=DIRECTION('',(-1.,0.,0.));
#10882=DIRECTION('',(0.,-1.,-1.76384813640513E-17));
#10883=DIRECTION('',(-1.,0.,0.));
#10884=DIRECTION('',(0.,-1.76384813640513E-17,1.));
#10885=DIRECTION('',(0.,-1.,-1.76384813640513E-17));
#10886=DIRECTION('',(0.,1.,1.76384813640513E-17));
#10887=DIRECTION('',(-1.,0.,0.));
#10888=DIRECTION('',(0.,-1.,-1.76384813640513E-17));
#10889=DIRECTION('',(-1.,0.,0.));
#10890=DIRECTION('',(0.,-1.76384813640513E-17,1.));
#10891=DIRECTION('',(0.,-1.,-1.76384813640513E-17));
#10892=DIRECTION('',(0.,1.,1.76384813640513E-17));
#10893=DIRECTION('',(-1.,0.,0.));
#10894=DIRECTION('',(0.,-1.,-1.76384813640513E-17));
#10895=DIRECTION('',(-1.,0.,0.));
#10896=DIRECTION('',(0.,-1.76384813640513E-17,1.));
#10897=DIRECTION('',(0.,-1.,-1.76384813640513E-17));
#10898=DIRECTION('',(0.,1.,1.76384813640513E-17));
#10899=DIRECTION('',(-1.,0.,0.));
#10900=DIRECTION('',(0.,-1.,-1.76384813640513E-17));
#10901=DIRECTION('',(-1.,0.,0.));
#10902=DIRECTION('',(0.,0.499999999999953,0.866025403784466));
#10903=DIRECTION('',(0.,-0.866025403784466,0.499999999999953));
#10904=DIRECTION('',(0.447213595500202,0.774596669241402,-0.447213595499855));
#10905=DIRECTION('',(0.4472135955002,-0.774596669241403,0.447213595499856));
#10906=DIRECTION('',(-1.,0.,0.));
#10907=DIRECTION('',(0.,0.499999999999953,0.866025403784466));
#10908=DIRECTION('',(0.,-0.866025403784466,0.499999999999953));
#10909=DIRECTION('',(0.4472135955002,0.774596669241403,-0.447213595499856));
#10910=DIRECTION('',(0.447213595500197,-0.774596669241404,0.447213595499856));
#10911=DIRECTION('',(-1.,0.,0.));
#10912=DIRECTION('',(0.,0.499999999999953,0.866025403784466));
#10913=DIRECTION('',(0.,-0.866025403784466,0.499999999999953));
#10914=DIRECTION('',(0.447213595500199,0.774596669241403,-0.447213595499856));
#10915=DIRECTION('',(0.447213595500199,-0.774596669241403,0.447213595499856));
#10916=DIRECTION('',(-1.,0.,0.));
#10917=DIRECTION('',(0.,0.499999999999953,0.866025403784466));
#10918=DIRECTION('',(0.,-0.866025403784466,0.499999999999953));
#10919=DIRECTION('',(0.447213595500199,0.774596669241403,-0.447213595499856));
#10920=DIRECTION('',(0.447213595500199,-0.774596669241403,0.447213595499856));
#10921=DIRECTION('',(-1.,0.,0.));
#10922=DIRECTION('',(0.,0.499999999999953,0.866025403784466));
#10923=DIRECTION('',(0.,-0.866025403784466,0.499999999999953));
#10924=DIRECTION('',(0.447213595500199,0.774596669241403,-0.447213595499856));
#10925=DIRECTION('',(0.447213595500199,-0.774596669241403,0.447213595499856));
#10926=DIRECTION('',(-1.,0.,0.));
#10927=DIRECTION('',(0.,0.499999999999953,0.866025403784466));
#10928=DIRECTION('',(0.,-0.866025403784466,0.499999999999953));
#10929=DIRECTION('',(0.447213595500199,0.774596669241403,-0.447213595499856));
#10930=DIRECTION('',(0.447213595500199,-0.774596669241403,0.447213595499856));
#10931=DIRECTION('',(-1.,0.,0.));
#10932=DIRECTION('',(0.,0.499999999999953,0.866025403784466));
#10933=DIRECTION('',(0.,-0.866025403784466,0.499999999999953));
#10934=DIRECTION('',(0.447213595500199,0.774596669241403,-0.447213595499856));
#10935=DIRECTION('',(0.4472135955002,-0.774596669241403,0.447213595499856));
#10936=DIRECTION('',(-1.,0.,0.));
#10937=DIRECTION('',(0.,0.499999999999953,0.866025403784466));
#10938=DIRECTION('',(0.,-0.866025403784466,0.499999999999953));
#10939=DIRECTION('',(0.447213595500199,0.774596669241403,-0.447213595499856));
#10940=DIRECTION('',(0.447213595500199,-0.774596669241403,0.447213595499856));
#10941=DIRECTION('',(-1.,0.,0.));
#10942=DIRECTION('',(0.,0.499999999999953,0.866025403784466));
#10943=DIRECTION('',(0.,-0.866025403784466,0.499999999999953));
#10944=DIRECTION('',(0.4472135955002,0.774596669241403,-0.447213595499856));
#10945=DIRECTION('',(0.447213595500197,-0.774596669241404,0.447213595499856));
#10946=DIRECTION('',(-1.,0.,0.));
#10947=DIRECTION('',(0.,1.,0.));
#10948=DIRECTION('',(0.,0.,1.));
#10949=DIRECTION('',(0.,0.,-1.));
#10950=DIRECTION('',(0.,0.,-1.));
#10951=DIRECTION('',(-1.,0.,0.));
#10952=DIRECTION('',(0.,1.,0.));
#10953=DIRECTION('',(0.,0.,1.));
#10954=DIRECTION('',(0.,0.,-1.));
#10955=DIRECTION('',(0.,0.,-1.));
#10956=DIRECTION('',(-1.,0.,0.));
#10957=DIRECTION('',(0.,1.,0.));
#10958=DIRECTION('',(0.,0.,1.));
#10959=DIRECTION('',(0.,0.,-1.));
#10960=DIRECTION('',(0.,0.,-1.));
#10961=DIRECTION('',(-1.,0.,0.));
#10962=DIRECTION('',(0.,1.,0.));
#10963=DIRECTION('',(0.,0.,1.));
#10964=DIRECTION('',(0.,0.,-1.));
#10965=DIRECTION('',(0.,0.,-1.));
#10966=DIRECTION('',(-1.,0.,0.));
#10967=DIRECTION('',(0.,1.,0.));
#10968=DIRECTION('',(0.,0.,1.));
#10969=DIRECTION('',(0.,0.,-1.));
#10970=DIRECTION('',(0.,0.,-1.));
#10971=DIRECTION('',(-1.,0.,0.));
#10972=DIRECTION('',(0.,1.,0.));
#10973=DIRECTION('',(0.,0.,1.));
#10974=DIRECTION('',(0.,0.,-1.));
#10975=DIRECTION('',(0.,0.,-1.));
#10976=DIRECTION('',(-1.,0.,0.));
#10977=DIRECTION('',(0.,1.,0.));
#10978=DIRECTION('',(0.,0.,1.));
#10979=DIRECTION('',(0.,0.,-1.));
#10980=DIRECTION('',(0.,0.,-1.));
#10981=DIRECTION('',(-1.,0.,0.));
#10982=DIRECTION('',(0.,1.,0.));
#10983=DIRECTION('',(0.,0.,1.));
#10984=DIRECTION('',(0.,0.,-1.));
#10985=DIRECTION('',(0.,0.,-1.));
#10986=DIRECTION('',(-1.,0.,0.));
#10987=DIRECTION('',(0.,1.,0.));
#10988=DIRECTION('',(0.,0.,1.));
#10989=DIRECTION('',(0.,0.,-1.));
#10990=DIRECTION('',(0.,0.,-1.));
#10991=DIRECTION('',(-1.,0.,0.));
#10992=DIRECTION('',(0.,0.499999999999954,-0.866025403784465));
#10993=DIRECTION('',(0.,0.866025403784465,0.499999999999954));
#10994=DIRECTION('',(-0.447213595500202,-0.774596669241402,-0.447213595499856));
#10995=DIRECTION('',(-0.4472135955002,0.774596669241403,0.447213595499856));
#10996=DIRECTION('',(0.,0.499999999999954,-0.866025403784465));
#10997=DIRECTION('',(0.,0.866025403784465,0.499999999999954));
#10998=DIRECTION('',(-0.4472135955002,-0.774596669241403,-0.447213595499856));
#10999=DIRECTION('',(-0.447213595500197,0.774596669241404,0.447213595499857));
#11000=DIRECTION('',(0.,0.499999999999954,-0.866025403784465));
#11001=DIRECTION('',(0.,0.866025403784465,0.499999999999954));
#11002=DIRECTION('',(-0.447213595500198,-0.774596669241403,-0.447213595499856));
#11003=DIRECTION('',(-0.447213595500198,0.774596669241403,0.447213595499856));
#11004=DIRECTION('',(0.,0.499999999999954,-0.866025403784465));
#11005=DIRECTION('',(0.,0.866025403784465,0.499999999999954));
#11006=DIRECTION('',(-0.447213595500198,-0.774596669241403,-0.447213595499856));
#11007=DIRECTION('',(-0.447213595500199,0.774596669241403,0.447213595499856));
#11008=DIRECTION('',(0.,0.499999999999954,-0.866025403784465));
#11009=DIRECTION('',(0.,0.866025403784465,0.499999999999954));
#11010=DIRECTION('',(-0.447213595500199,-0.774596669241403,-0.447213595499856));
#11011=DIRECTION('',(-0.447213595500199,0.774596669241403,0.447213595499856));
#11012=DIRECTION('',(0.,0.499999999999954,-0.866025403784465));
#11013=DIRECTION('',(0.,0.866025403784465,0.499999999999954));
#11014=DIRECTION('',(-0.447213595500199,-0.774596669241403,-0.447213595499856));
#11015=DIRECTION('',(-0.447213595500199,0.774596669241403,0.447213595499856));
#11016=DIRECTION('',(0.,0.499999999999954,-0.866025403784465));
#11017=DIRECTION('',(0.,0.866025403784465,0.499999999999954));
#11018=DIRECTION('',(-0.447213595500199,-0.774596669241403,-0.447213595499856));
#11019=DIRECTION('',(-0.4472135955002,0.774596669241403,0.447213595499856));
#11020=DIRECTION('',(0.,0.499999999999954,-0.866025403784465));
#11021=DIRECTION('',(0.,0.866025403784465,0.499999999999954));
#11022=DIRECTION('',(-0.447213595500198,-0.774596669241403,-0.447213595499856));
#11023=DIRECTION('',(-0.447213595500198,0.774596669241403,0.447213595499856));
#11024=DIRECTION('',(0.,0.499999999999954,-0.866025403784465));
#11025=DIRECTION('',(0.,0.866025403784465,0.499999999999954));
#11026=DIRECTION('',(-0.4472135955002,-0.774596669241403,-0.447213595499856));
#11027=DIRECTION('',(-0.447213595500197,0.774596669241404,0.447213595499857));
#11028=DIRECTION('',(0.,0.,-1.));
#11029=DIRECTION('',(-1.,0.,0.));
#11030=DIRECTION('',(0.,-1.,0.));
#11031=DIRECTION('',(-1.,0.,0.));
#11032=DIRECTION('',(0.,-1.,0.));
#11033=DIRECTION('',(-1.,0.,0.));
#11034=DIRECTION('',(0.,-0.558600379479041,-0.829436927105293));
#11035=DIRECTION('',(0.,0.829436927105293,-0.558600379479041));
#11036=DIRECTION('',(0.,0.829436927105293,-0.558600379479041));
#11037=DIRECTION('',(-1.,0.,0.));
#11038=DIRECTION('',(0.,-0.829436927105293,0.558600379479041));
#11039=DIRECTION('',(0.,0.829436927105293,-0.558600379479041));
#11040=DIRECTION('',(-1.,0.,0.));
#11041=DIRECTION('',(0.,-0.829436927105293,0.558600379479041));
#11042=DIRECTION('',(0.,0.829436927105293,-0.558600379479041));
#11043=DIRECTION('',(-1.,0.,0.));
#11044=DIRECTION('',(0.,-0.829436927105293,0.558600379479041));
#11045=DIRECTION('',(0.,0.829436927105293,-0.558600379479041));
#11046=DIRECTION('',(-1.,0.,0.));
#11047=DIRECTION('',(0.,-0.829436927105293,0.558600379479041));
#11048=DIRECTION('',(0.,0.829436927105293,-0.558600379479041));
#11049=DIRECTION('',(-1.,0.,0.));
#11050=DIRECTION('',(0.,-0.829436927105293,0.558600379479041));
#11051=DIRECTION('',(0.,0.829436927105293,-0.558600379479041));
#11052=DIRECTION('',(-1.,0.,0.));
#11053=DIRECTION('',(0.,-0.829436927105293,0.558600379479041));
#11054=DIRECTION('',(0.,0.829436927105293,-0.558600379479041));
#11055=DIRECTION('',(-1.,0.,0.));
#11056=DIRECTION('',(0.,-0.829436927105293,0.558600379479041));
#11057=DIRECTION('',(0.,0.829436927105293,-0.558600379479041));
#11058=DIRECTION('',(-1.,0.,0.));
#11059=DIRECTION('',(0.,-0.829436927105293,0.558600379479041));
#11060=DIRECTION('',(0.,0.829436927105293,-0.558600379479041));
#11061=DIRECTION('',(-1.,0.,0.));
#11062=DIRECTION('',(0.,-0.829436927105293,0.558600379479041));
#11063=DIRECTION('',(0.,-0.829436927105293,0.558600379479041));
#11064=DIRECTION('',(0.,-0.829436927105293,0.558600379479041));
#11065=DIRECTION('',(0.,0.,1.));
#11066=DIRECTION('',(1.,0.,0.));
#11067=DIRECTION('',(0.,1.,0.));
#11068=DIRECTION('',(0.,1.,0.));
#11069=DIRECTION('',(-1.,0.,0.));
#11070=DIRECTION('',(0.,0.499999999999953,0.866025403784465));
#11071=DIRECTION('',(0.,-0.866025403784466,0.499999999999954));
#11072=DIRECTION('',(0.4472135955002,0.774596669241403,-0.447213595499856));
#11073=DIRECTION('',(0.4472135955002,-0.774596669241403,0.447213595499856));
#11074=DIRECTION('',(-1.,0.,0.));
#11075=DIRECTION('',(0.,1.,0.));
#11076=DIRECTION('',(0.,0.,1.));
#11077=DIRECTION('',(0.,0.,-1.));
#11078=DIRECTION('',(0.,0.,-1.));
#11079=DIRECTION('',(-1.,0.,0.));
#11080=DIRECTION('',(0.,0.500000000000025,-0.866025403784424));
#11081=DIRECTION('',(0.,0.866025403784424,0.500000000000025));
#11082=DIRECTION('',(-0.447213595500183,-0.774596669241373,-0.447213595499924));
#11083=DIRECTION('',(-0.447213595500183,0.774596669241373,0.447213595499924));
#11084=DIRECTION('',(-1.,0.,0.));
#11085=DIRECTION('',(0.,0.,-1.));
#11086=DIRECTION('',(-1.,0.,0.));
#11087=DIRECTION('',(0.,-1.,0.));
#11088=DIRECTION('',(0.,-1.,0.));
#11089=DIRECTION('',(-1.,0.,0.));
#11090=DIRECTION('',(0.,1.,0.));
#11091=DIRECTION('',(0.,0.,1.));
#11092=DIRECTION('',(-1.,0.,0.));
#11093=DIRECTION('',(0.,0.,-1.));
#11094=DIRECTION('',(0.,0.,-1.));
#11095=DIRECTION('',(0.,0.,-1.));
#11096=DIRECTION('',(0.,0.,-1.));
#11097=DIRECTION('',(0.,0.,-1.));
#11098=DIRECTION('',(0.,0.,-1.));
#11099=DIRECTION('',(0.,0.,-1.));
#11100=DIRECTION('',(0.,0.,-1.));
#11101=DIRECTION('',(0.,0.,-1.));
#11102=DIRECTION('',(0.,0.,-1.));
#11103=DIRECTION('',(0.,0.,-1.));
#11104=DIRECTION('',(0.,0.,-1.));
#11105=DIRECTION('',(0.,0.,-1.));
#11106=DIRECTION('',(0.,0.,-1.));
#11107=DIRECTION('',(0.,0.,-1.));
#11108=DIRECTION('',(0.,0.,-1.));
#11109=DIRECTION('',(0.,0.,-1.));
#11110=DIRECTION('',(0.,0.,-1.));
#11111=DIRECTION('',(0.,0.,-1.));
#11112=DIRECTION('',(0.,0.,-1.));
#11113=DIRECTION('',(0.,0.,-1.));
#11114=DIRECTION('',(0.,0.,-1.));
#11115=DIRECTION('',(0.,0.,-1.));
#11116=DIRECTION('',(0.,0.,-1.));
#11117=DIRECTION('',(0.,0.,-1.));
#11118=DIRECTION('',(-1.,0.,0.));
#11119=DIRECTION('',(0.,0.,-1.));
#11120=DIRECTION('',(0.,0.,-1.));
#11121=DIRECTION('',(0.,0.,-1.));
#11122=DIRECTION('',(0.,0.,-1.));
#11123=DIRECTION('',(0.,0.,-1.));
#11124=DIRECTION('',(0.,0.,-1.));
#11125=DIRECTION('',(0.,0.,-1.));
#11126=DIRECTION('',(0.,0.,-1.));
#11127=DIRECTION('',(0.,0.,-1.));
#11128=DIRECTION('',(0.,0.,-1.));
#11129=DIRECTION('',(0.,0.,-1.));
#11130=DIRECTION('',(0.,0.,-1.));
#11131=DIRECTION('',(0.,0.,-1.));
#11132=DIRECTION('',(0.,-1.76384813640513E-17,1.));
#11133=DIRECTION('',(0.,-1.,-1.76384813640513E-17));
#11134=DIRECTION('',(0.,1.,1.76384813640513E-17));
#11135=DIRECTION('',(0.,1.,1.76384813640513E-17));
#11136=DIRECTION('',(-1.,0.,0.));
#11137=DIRECTION('',(0.,0.499999999999953,0.866025403784466));
#11138=DIRECTION('',(0.,-0.866025403784466,0.499999999999953));
#11139=DIRECTION('',(0.4472135955002,0.774596669241403,-0.447213595499856));
#11140=DIRECTION('',(0.4472135955002,-0.774596669241403,0.447213595499856));
#11141=DIRECTION('',(-1.,0.,0.));
#11142=DIRECTION('',(0.,1.,0.));
#11143=DIRECTION('',(0.,0.,1.));
#11144=DIRECTION('',(0.,0.,-1.));
#11145=DIRECTION('',(0.,0.,-1.));
#11146=DIRECTION('',(-1.,0.,0.));
#11147=DIRECTION('',(0.,0.499999999999954,-0.866025403784465));
#11148=DIRECTION('',(0.,0.866025403784465,0.499999999999954));
#11149=DIRECTION('',(-0.4472135955002,-0.774596669241403,-0.447213595499856));
#11150=DIRECTION('',(-0.4472135955002,0.774596669241403,0.447213595499856));
#11151=DIRECTION('',(1.,0.,0.));
#11152=DIRECTION('',(0.,0.,-1.));
#11153=DIRECTION('',(0.,0.,-1.));
#11154=DIRECTION('',(0.,0.,-1.));
#11155=DIRECTION('',(1.,0.,0.));
#11156=DIRECTION('',(0.,0.,-1.));
#11157=DIRECTION('',(0.,0.,-1.));
#11158=DIRECTION('',(0.,0.,-1.));
#11159=DIRECTION('',(0.866025403784298,-0.500000000000244,0.));
#11160=DIRECTION('',(0.500000000000244,0.866025403784298,0.));
#11161=DIRECTION('',(0.866025403784298,-0.500000000000244,0.));
#11162=DIRECTION('',(0.500000000000244,0.866025403784298,0.));
#11163=DIRECTION('',(-0.866025403784299,-0.500000000000242,0.));
#11164=DIRECTION('',(0.500000000000242,-0.866025403784299,0.));
#11165=DIRECTION('',(-0.866025403784299,-0.500000000000242,0.));
#11166=DIRECTION('',(0.500000000000242,-0.866025403784299,0.));
#11167=DIRECTION('',(-0.8660254037843,-0.500000000000239,0.));
#11168=DIRECTION('',(0.500000000000239,-0.8660254037843,0.));
#11169=DIRECTION('',(0.,0.,-1.));
#11170=DIRECTION('',(0.866025403784299,-0.500000000000242,0.));
#11171=DIRECTION('',(0.500000000000242,0.866025403784299,0.));
#11172=DIRECTION('',(0.,0.,-1.));
#11173=DIRECTION('',(1.,0.,0.));
#11174=DIRECTION('',(0.,0.,-1.));
#11175=DIRECTION('',(-1.,0.,0.));
#11176=DIRECTION('',(0.,0.,1.));
#11177=DIRECTION('',(-0.8660254037843,-0.500000000000241,0.));
#11178=DIRECTION('',(0.500000000000241,-0.8660254037843,0.));
#11179=DIRECTION('',(0.,0.,-1.));
#11180=DIRECTION('',(0.866025403784299,-0.500000000000242,0.));
#11181=DIRECTION('',(0.500000000000242,0.866025403784299,0.));
#11182=DIRECTION('',(0.,0.,-1.));
#11183=DIRECTION('',(1.,0.,0.));
#11184=DIRECTION('',(0.,0.,-1.));
#11185=DIRECTION('',(-1.,0.,0.));
#11186=DIRECTION('',(0.,0.,1.));
#11187=DIRECTION('',(-0.866025403784299,-0.500000000000242,0.));
#11188=DIRECTION('',(0.500000000000242,-0.866025403784299,0.));
#11189=DIRECTION('',(0.,0.,-1.));
#11190=DIRECTION('',(0.8660254037843,-0.500000000000241,0.));
#11191=DIRECTION('',(0.500000000000241,0.8660254037843,0.));
#11192=DIRECTION('',(0.,0.,-1.));
#11193=DIRECTION('',(1.,0.,0.));
#11194=DIRECTION('',(0.,0.,-1.));
#11195=DIRECTION('',(-1.,0.,0.));
#11196=DIRECTION('',(0.,0.,1.));
#11197=DIRECTION('',(-0.866025403784299,-0.500000000000241,0.));
#11198=DIRECTION('',(0.500000000000241,-0.8660254037843,0.));
#11199=DIRECTION('',(0.,0.,-1.));
#11200=DIRECTION('',(0.866025403784299,-0.500000000000241,0.));
#11201=DIRECTION('',(0.500000000000241,0.8660254037843,0.));
#11202=DIRECTION('',(0.,0.,-1.));
#11203=DIRECTION('',(1.,0.,0.));
#11204=DIRECTION('',(0.,0.,-1.));
#11205=DIRECTION('',(-1.,0.,0.));
#11206=DIRECTION('',(0.,0.,1.));
#11207=DIRECTION('',(-0.866025403784299,-0.500000000000241,0.));
#11208=DIRECTION('',(0.500000000000241,-0.8660254037843,0.));
#11209=DIRECTION('',(0.,0.,-1.));
#11210=DIRECTION('',(0.866025403784299,-0.500000000000241,0.));
#11211=DIRECTION('',(0.500000000000241,0.866025403784299,0.));
#11212=DIRECTION('',(0.,0.,-1.));
#11213=DIRECTION('',(1.,0.,0.));
#11214=DIRECTION('',(0.,0.,-1.));
#11215=DIRECTION('',(-1.,0.,0.));
#11216=DIRECTION('',(0.,0.,1.));
#11217=DIRECTION('',(-0.866025403784299,-0.500000000000241,0.));
#11218=DIRECTION('',(0.500000000000241,-0.8660254037843,0.));
#11219=DIRECTION('',(0.,0.,-1.));
#11220=DIRECTION('',(0.866025403784299,-0.500000000000241,0.));
#11221=DIRECTION('',(0.500000000000241,0.8660254037843,0.));
#11222=DIRECTION('',(0.,0.,-1.));
#11223=DIRECTION('',(1.,0.,0.));
#11224=DIRECTION('',(0.,0.,-1.));
#11225=DIRECTION('',(-1.,0.,0.));
#11226=DIRECTION('',(0.,0.,1.));
#11227=DIRECTION('',(-0.8660254037843,-0.500000000000241,0.));
#11228=DIRECTION('',(0.500000000000241,-0.8660254037843,0.));
#11229=DIRECTION('',(0.,0.,-1.));
#11230=DIRECTION('',(0.8660254037843,-0.500000000000241,0.));
#11231=DIRECTION('',(0.500000000000241,0.8660254037843,0.));
#11232=DIRECTION('',(0.,0.,-1.));
#11233=DIRECTION('',(1.,0.,0.));
#11234=DIRECTION('',(0.,0.,-1.));
#11235=DIRECTION('',(-1.,0.,0.));
#11236=DIRECTION('',(0.,0.,1.));
#11237=DIRECTION('',(-0.8660254037843,-0.500000000000239,0.));
#11238=DIRECTION('',(0.500000000000239,-0.8660254037843,0.));
#11239=DIRECTION('',(0.,0.,-1.));
#11240=DIRECTION('',(0.8660254037843,-0.500000000000241,0.));
#11241=DIRECTION('',(0.500000000000241,0.8660254037843,0.));
#11242=DIRECTION('',(0.,0.,-1.));
#11243=DIRECTION('',(1.,0.,0.));
#11244=DIRECTION('',(0.,0.,-1.));
#11245=DIRECTION('',(-1.,0.,0.));
#11246=DIRECTION('',(0.,0.,1.));
#11247=DIRECTION('',(-0.866025403784299,-0.500000000000242,0.));
#11248=DIRECTION('',(0.500000000000242,-0.866025403784299,0.));
#11249=DIRECTION('',(0.,0.,-1.));
#11250=DIRECTION('',(0.866025403784299,-0.500000000000242,0.));
#11251=DIRECTION('',(0.500000000000242,0.866025403784299,0.));
#11252=DIRECTION('',(0.,0.,-1.));
#11253=DIRECTION('',(1.,0.,0.));
#11254=DIRECTION('',(0.,0.,-1.));
#11255=DIRECTION('',(-1.,0.,0.));
#11256=DIRECTION('',(0.,0.,1.));
#11257=DIRECTION('',(1.,0.,0.));
#11258=DIRECTION('',(0.,0.,-1.));
#11259=DIRECTION('',(0.,0.,-1.));
#11260=DIRECTION('',(-1.,0.,0.));
#11261=DIRECTION('',(0.,0.,1.));
#11262=DIRECTION('',(0.,0.,-1.));
#11263=DIRECTION('',(0.866025403784299,-0.500000000000242,0.));
#11264=DIRECTION('',(0.500000000000242,0.866025403784299,0.));
#11265=DIRECTION('',(-0.8660254037843,-0.500000000000239,0.));
#11266=DIRECTION('',(0.500000000000239,-0.8660254037843,0.));
#11267=DIRECTION('',(1.,0.,0.));
#11268=DIRECTION('',(0.,0.,-1.));
#11269=DIRECTION('',(0.,0.,-1.));
#11270=DIRECTION('',(-1.,0.,0.));
#11271=DIRECTION('',(0.,0.,1.));
#11272=DIRECTION('',(0.,0.,-1.));
#11273=DIRECTION('',(0.866025403784299,-0.500000000000242,0.));
#11274=DIRECTION('',(0.500000000000242,0.866025403784299,0.));
#11275=DIRECTION('',(-0.8660254037843,-0.500000000000241,0.));
#11276=DIRECTION('',(0.500000000000241,-0.8660254037843,0.));
#11277=DIRECTION('',(1.,0.,0.));
#11278=DIRECTION('',(0.,0.,-1.));
#11279=DIRECTION('',(0.,0.,-1.));
#11280=DIRECTION('',(-1.,0.,0.));
#11281=DIRECTION('',(0.,0.,1.));
#11282=DIRECTION('',(0.,0.,-1.));
#11283=DIRECTION('',(0.8660254037843,-0.500000000000241,0.));
#11284=DIRECTION('',(0.500000000000241,0.8660254037843,0.));
#11285=DIRECTION('',(-0.866025403784299,-0.500000000000242,0.));
#11286=DIRECTION('',(0.500000000000242,-0.866025403784299,0.));
#11287=DIRECTION('',(1.,0.,0.));
#11288=DIRECTION('',(0.,0.,-1.));
#11289=DIRECTION('',(0.,0.,-1.));
#11290=DIRECTION('',(-1.,0.,0.));
#11291=DIRECTION('',(0.,0.,1.));
#11292=DIRECTION('',(0.,0.,-1.));
#11293=DIRECTION('',(0.866025403784299,-0.500000000000241,0.));
#11294=DIRECTION('',(0.500000000000241,0.8660254037843,0.));
#11295=DIRECTION('',(-0.866025403784299,-0.500000000000241,0.));
#11296=DIRECTION('',(0.500000000000241,-0.8660254037843,0.));
#11297=DIRECTION('',(1.,0.,0.));
#11298=DIRECTION('',(0.,0.,-1.));
#11299=DIRECTION('',(0.,0.,-1.));
#11300=DIRECTION('',(-1.,0.,0.));
#11301=DIRECTION('',(0.,0.,1.));
#11302=DIRECTION('',(0.,0.,-1.));
#11303=DIRECTION('',(0.866025403784299,-0.500000000000241,0.));
#11304=DIRECTION('',(0.500000000000241,0.866025403784299,0.));
#11305=DIRECTION('',(-0.866025403784299,-0.500000000000241,0.));
#11306=DIRECTION('',(0.500000000000241,-0.8660254037843,0.));
#11307=DIRECTION('',(1.,0.,0.));
#11308=DIRECTION('',(0.,0.,-1.));
#11309=DIRECTION('',(0.,0.,-1.));
#11310=DIRECTION('',(0.866025403784299,-0.500000000000241,0.));
#11311=DIRECTION('',(0.500000000000241,0.8660254037843,0.));
#11312=DIRECTION('',(-1.,0.,0.));
#11313=DIRECTION('',(0.,0.,1.));
#11314=DIRECTION('',(0.,0.,-1.));
#11315=DIRECTION('',(-0.8660254037843,-0.500000000000241,0.));
#11316=DIRECTION('',(0.500000000000241,-0.8660254037843,0.));
#11317=DIRECTION('',(1.,0.,0.));
#11318=DIRECTION('',(0.,0.,-1.));
#11319=DIRECTION('',(0.,0.,-1.));
#11320=DIRECTION('',(-1.,0.,0.));
#11321=DIRECTION('',(0.,0.,1.));
#11322=DIRECTION('',(0.,0.,-1.));
#11323=DIRECTION('',(0.8660254037843,-0.500000000000241,0.));
#11324=DIRECTION('',(0.500000000000241,0.8660254037843,0.));
#11325=DIRECTION('',(-0.8660254037843,-0.500000000000239,0.));
#11326=DIRECTION('',(0.500000000000239,-0.8660254037843,0.));
#11327=DIRECTION('',(-1.,0.,0.));
#11328=DIRECTION('',(0.,0.,1.));
#11329=DIRECTION('',(0.,0.,-1.));
#11330=DIRECTION('',(1.,0.,0.));
#11331=DIRECTION('',(0.,0.,-1.));
#11332=DIRECTION('',(0.,0.,-1.));
#11333=DIRECTION('',(-0.866025403784299,-0.500000000000242,0.));
#11334=DIRECTION('',(0.500000000000242,-0.866025403784299,0.));
#11335=DIRECTION('',(0.866025403784299,-0.500000000000242,0.));
#11336=DIRECTION('',(0.500000000000242,0.866025403784299,0.));
#11337=DIRECTION('',(1.,0.,0.));
#11338=DIRECTION('',(0.,0.,-1.));
#11339=DIRECTION('',(0.,1.,-1.0758037935686E-17));
#11340=DIRECTION('',(1.,0.,0.));
#11341=DIRECTION('',(0.,0.,-1.));
#11342=DIRECTION('',(0.,1.,-1.0758037935686E-17));
#11343=DIRECTION('',(0.,-1.0758037935686E-17,-1.));
#11344=DIRECTION('',(0.,1.,-1.0758037935686E-17));
#11345=DIRECTION('',(0.,0.,1.));
#11346=DIRECTION('',(1.,0.,0.));
#11347=DIRECTION('',(0.,0.721063009431588,0.692869494514993));
#11348=DIRECTION('',(0.,-0.692869494514993,0.721063009431588));
#11349=DIRECTION('',(0.,0.692869494514993,-0.721063009431588));
#11350=DIRECTION('',(-1.,0.,0.));
#11351=DIRECTION('',(0.,0.692869494514993,-0.721063009431587));
#11352=DIRECTION('',(-1.,0.,0.));
#11353=DIRECTION('',(0.,0.692869494514993,-0.721063009431587));
#11354=DIRECTION('',(-1.,0.,0.));
#11355=DIRECTION('',(0.,-0.692869494514993,0.721063009431588));
#11356=DIRECTION('',(-1.,2.51088970005907E-16,-2.61306017627853E-16));
#11357=DIRECTION('',(0.,0.692869494514993,-0.721063009431588));
#11358=DIRECTION('',(-1.,0.,0.));
#11359=DIRECTION('',(0.,-0.692869494514993,0.721063009431588));
#11360=DIRECTION('',(-1.,2.51088970005906E-16,-2.61306017627853E-16));
#11361=DIRECTION('',(0.,0.692869494514993,-0.721063009431588));
#11362=DIRECTION('',(-1.,0.,0.));
#11363=DIRECTION('',(0.,-0.692869494514993,0.721063009431588));
#11364=DIRECTION('',(-1.,2.51088970005906E-16,-2.61306017627853E-16));
#11365=DIRECTION('',(0.,0.692869494514993,-0.721063009431588));
#11366=DIRECTION('',(-1.,0.,0.));
#11367=DIRECTION('',(0.,-0.692869494514993,0.721063009431588));
#11368=DIRECTION('',(-1.,2.51088970005907E-16,-2.61306017627853E-16));
#11369=DIRECTION('',(0.,0.692869494514993,-0.721063009431588));
#11370=DIRECTION('',(-1.,0.,0.));
#11371=DIRECTION('',(0.,-0.692869494514993,0.721063009431588));
#11372=DIRECTION('',(-1.,2.51088970005907E-16,-2.61306017627853E-16));
#11373=DIRECTION('',(0.,0.692869494514993,-0.721063009431588));
#11374=DIRECTION('',(-1.,0.,0.));
#11375=DIRECTION('',(0.,-0.692869494514993,0.721063009431588));
#11376=DIRECTION('',(-1.,2.51088970005907E-16,-2.61306017627853E-16));
#11377=DIRECTION('',(0.,0.692869494514993,-0.721063009431588));
#11378=DIRECTION('',(-1.,0.,0.));
#11379=DIRECTION('',(0.,-0.692869494514993,0.721063009431588));
#11380=DIRECTION('',(-1.,2.51088970005907E-16,-2.61306017627853E-16));
#11381=DIRECTION('',(0.,0.692869494514993,-0.721063009431588));
#11382=DIRECTION('',(-1.,0.,0.));
#11383=DIRECTION('',(0.,-0.692869494514993,0.721063009431588));
#11384=DIRECTION('',(-1.,2.51088970005907E-16,-2.61306017627853E-16));
#11385=DIRECTION('',(0.,0.692869494514993,-0.721063009431588));
#11386=DIRECTION('',(-1.,0.,0.));
#11387=DIRECTION('',(0.,-0.692869494514993,0.721063009431588));
#11388=DIRECTION('',(-1.,2.51088970005907E-16,-2.61306017627853E-16));
#11389=DIRECTION('',(1.,0.,0.));
#11390=DIRECTION('',(0.,0.692869494514993,-0.721063009431588));
#11391=DIRECTION('',(-1.,0.,0.));
#11392=DIRECTION('',(0.,0.692869494514993,-0.721063009431588));
#11393=DIRECTION('',(0.,1.,0.));
#11394=DIRECTION('',(0.,0.,1.));
#11395=DIRECTION('',(0.,0.,-1.));
#11396=DIRECTION('',(-1.,0.,0.));
#11397=DIRECTION('',(0.,0.,-1.));
#11398=DIRECTION('',(-1.,0.,0.));
#11399=DIRECTION('',(0.,1.,0.));
#11400=DIRECTION('',(0.,0.,1.));
#11401=DIRECTION('',(0.,0.,1.));
#11402=DIRECTION('',(-1.,0.,0.));
#11403=DIRECTION('',(0.,0.,-1.));
#11404=DIRECTION('',(-1.,0.,0.));
#11405=DIRECTION('',(0.,1.,0.));
#11406=DIRECTION('',(0.,0.,1.));
#11407=DIRECTION('',(0.,0.,1.));
#11408=DIRECTION('',(-1.,0.,0.));
#11409=DIRECTION('',(0.,0.,-1.));
#11410=DIRECTION('',(-1.,0.,0.));
#11411=DIRECTION('',(0.,1.,0.));
#11412=DIRECTION('',(0.,0.,1.));
#11413=DIRECTION('',(0.,0.,1.));
#11414=DIRECTION('',(-1.,0.,0.));
#11415=DIRECTION('',(0.,0.,-1.));
#11416=DIRECTION('',(-1.,0.,0.));
#11417=DIRECTION('',(0.,1.,0.));
#11418=DIRECTION('',(0.,0.,1.));
#11419=DIRECTION('',(0.,0.,1.));
#11420=DIRECTION('',(-1.,0.,0.));
#11421=DIRECTION('',(0.,0.,-1.));
#11422=DIRECTION('',(-1.,0.,0.));
#11423=DIRECTION('',(0.,1.,0.));
#11424=DIRECTION('',(0.,0.,1.));
#11425=DIRECTION('',(0.,0.,1.));
#11426=DIRECTION('',(-1.,0.,0.));
#11427=DIRECTION('',(0.,0.,-1.));
#11428=DIRECTION('',(-1.,0.,0.));
#11429=DIRECTION('',(0.,1.,0.));
#11430=DIRECTION('',(0.,0.,1.));
#11431=DIRECTION('',(0.,0.,1.));
#11432=DIRECTION('',(-1.,0.,0.));
#11433=DIRECTION('',(0.,0.,-1.));
#11434=DIRECTION('',(-1.,0.,0.));
#11435=DIRECTION('',(0.,1.,0.));
#11436=DIRECTION('',(0.,0.,1.));
#11437=DIRECTION('',(0.,0.,1.));
#11438=DIRECTION('',(-1.,0.,0.));
#11439=DIRECTION('',(0.,0.,-1.));
#11440=DIRECTION('',(-1.,0.,0.));
#11441=DIRECTION('',(0.,1.,0.));
#11442=DIRECTION('',(0.,0.,1.));
#11443=DIRECTION('',(0.,0.,1.));
#11444=DIRECTION('',(-1.,0.,0.));
#11445=DIRECTION('',(0.,0.,-1.));
#11446=DIRECTION('',(-1.,0.,0.));
#11447=DIRECTION('',(0.,0.,-1.));
#11448=DIRECTION('',(-1.,0.,0.));
#11449=DIRECTION('',(0.,-1.,0.));
#11450=DIRECTION('',(0.,-1.,0.));
#11451=DIRECTION('',(-1.,0.,0.));
#11452=DIRECTION('',(0.,0.,-1.));
#11453=DIRECTION('',(-1.,0.,0.));
#11454=DIRECTION('',(0.,1.,0.));
#11455=DIRECTION('',(-1.,0.,0.));
#11456=DIRECTION('',(0.,-1.,0.));
#11457=DIRECTION('',(0.,0.,-1.));
#11458=DIRECTION('',(-1.,0.,0.));
#11459=DIRECTION('',(0.,1.,0.));
#11460=DIRECTION('',(-1.,0.,0.));
#11461=DIRECTION('',(0.,-1.,0.));
#11462=DIRECTION('',(0.,0.,-1.));
#11463=DIRECTION('',(-1.,0.,0.));
#11464=DIRECTION('',(0.,1.,0.));
#11465=DIRECTION('',(-1.,0.,0.));
#11466=DIRECTION('',(0.,-1.,0.));
#11467=DIRECTION('',(0.,0.,-1.));
#11468=DIRECTION('',(-1.,0.,0.));
#11469=DIRECTION('',(0.,1.,0.));
#11470=DIRECTION('',(-1.,0.,0.));
#11471=DIRECTION('',(0.,-1.,0.));
#11472=DIRECTION('',(0.,0.,-1.));
#11473=DIRECTION('',(-1.,0.,0.));
#11474=DIRECTION('',(0.,1.,0.));
#11475=DIRECTION('',(-1.,0.,0.));
#11476=DIRECTION('',(0.,-1.,0.));
#11477=DIRECTION('',(0.,0.,-1.));
#11478=DIRECTION('',(-1.,0.,0.));
#11479=DIRECTION('',(0.,1.,0.));
#11480=DIRECTION('',(-1.,0.,0.));
#11481=DIRECTION('',(0.,-1.,0.));
#11482=DIRECTION('',(0.,0.,-1.));
#11483=DIRECTION('',(-1.,0.,0.));
#11484=DIRECTION('',(0.,1.,0.));
#11485=DIRECTION('',(-1.,0.,0.));
#11486=DIRECTION('',(0.,-1.,0.));
#11487=DIRECTION('',(0.,0.,-1.));
#11488=DIRECTION('',(-1.,0.,0.));
#11489=DIRECTION('',(0.,1.,0.));
#11490=DIRECTION('',(-1.,0.,0.));
#11491=DIRECTION('',(0.,-1.,0.));
#11492=DIRECTION('',(0.,-1.,0.));
#11493=DIRECTION('',(0.,0.,-1.));
#11494=DIRECTION('',(0.,0.,1.));
#11495=DIRECTION('',(0.,0.,1.));
#11496=DIRECTION('',(-1.,0.,0.));
#11497=DIRECTION('',(0.,-1.,0.));
#11498=DIRECTION('',(0.,0.,-1.));
#11499=DIRECTION('',(0.,0.,-1.));
#11500=DIRECTION('',(-1.,0.,0.));
#11501=DIRECTION('',(0.,0.,1.));
#11502=DIRECTION('',(0.,-1.,0.));
#11503=DIRECTION('',(0.,0.,-1.));
#11504=DIRECTION('',(0.,0.,-1.));
#11505=DIRECTION('',(-1.,0.,0.));
#11506=DIRECTION('',(0.,0.,1.));
#11507=DIRECTION('',(0.,-1.,0.));
#11508=DIRECTION('',(0.,0.,-1.));
#11509=DIRECTION('',(0.,0.,-1.));
#11510=DIRECTION('',(-1.,0.,0.));
#11511=DIRECTION('',(0.,0.,1.));
#11512=DIRECTION('',(0.,-1.,0.));
#11513=DIRECTION('',(0.,0.,-1.));
#11514=DIRECTION('',(0.,0.,-1.));
#11515=DIRECTION('',(-1.,0.,0.));
#11516=DIRECTION('',(0.,0.,1.));
#11517=DIRECTION('',(0.,-1.,0.));
#11518=DIRECTION('',(0.,0.,-1.));
#11519=DIRECTION('',(0.,0.,-1.));
#11520=DIRECTION('',(-1.,0.,0.));
#11521=DIRECTION('',(0.,0.,1.));
#11522=DIRECTION('',(0.,-1.,0.));
#11523=DIRECTION('',(0.,0.,-1.));
#11524=DIRECTION('',(0.,0.,-1.));
#11525=DIRECTION('',(-1.,0.,0.));
#11526=DIRECTION('',(0.,0.,1.));
#11527=DIRECTION('',(0.,-1.,0.));
#11528=DIRECTION('',(0.,0.,-1.));
#11529=DIRECTION('',(0.,0.,-1.));
#11530=DIRECTION('',(-1.,0.,0.));
#11531=DIRECTION('',(0.,0.,1.));
#11532=DIRECTION('',(0.,-1.,0.));
#11533=DIRECTION('',(0.,0.,-1.));
#11534=DIRECTION('',(0.,0.,-1.));
#11535=DIRECTION('',(-1.,0.,0.));
#11536=DIRECTION('',(0.,0.,1.));
#11537=DIRECTION('',(-1.,0.,0.));
#11538=DIRECTION('',(0.,0.,1.));
#11539=DIRECTION('',(1.,0.,0.));
#11540=DIRECTION('',(0.,0.,-1.));
#11541=DIRECTION('',(-1.,0.,0.));
#11542=DIRECTION('',(0.,0.,1.));
#11543=DIRECTION('',(-1.,0.,0.));
#11544=DIRECTION('',(-1.,0.,0.));
#11545=DIRECTION('',(0.,0.,1.));
#11546=DIRECTION('',(-1.,0.,0.));
#11547=DIRECTION('',(0.,0.,1.));
#11548=DIRECTION('',(-1.,0.,0.));
#11549=DIRECTION('',(1.,0.,0.));
#11550=DIRECTION('',(0.,0.,-1.));
#11551=DIRECTION('',(-1.,0.,0.));
#11552=DIRECTION('',(0.,0.,1.));
#11553=DIRECTION('',(-1.,0.,0.));
#11554=DIRECTION('',(0.,0.,1.));
#11555=DIRECTION('',(-1.,0.,0.));
#11556=DIRECTION('',(1.,0.,0.));
#11557=DIRECTION('',(0.,0.,-1.));
#11558=DIRECTION('',(-1.,0.,0.));
#11559=DIRECTION('',(0.,0.,1.));
#11560=DIRECTION('',(-1.,0.,0.));
#11561=DIRECTION('',(0.,0.,1.));
#11562=DIRECTION('',(-1.,0.,0.));
#11563=DIRECTION('',(1.,0.,0.));
#11564=DIRECTION('',(0.,0.,-1.));
#11565=DIRECTION('',(-1.,0.,0.));
#11566=DIRECTION('',(0.,0.,1.));
#11567=DIRECTION('',(-1.,0.,0.));
#11568=DIRECTION('',(0.,0.,1.));
#11569=DIRECTION('',(-1.,0.,0.));
#11570=DIRECTION('',(1.,0.,0.));
#11571=DIRECTION('',(0.,0.,-1.));
#11572=DIRECTION('',(-1.,0.,0.));
#11573=DIRECTION('',(0.,0.,1.));
#11574=DIRECTION('',(-1.,0.,0.));
#11575=DIRECTION('',(0.,0.,1.));
#11576=DIRECTION('',(-1.,0.,0.));
#11577=DIRECTION('',(1.,0.,0.));
#11578=DIRECTION('',(0.,0.,-1.));
#11579=DIRECTION('',(-1.,0.,0.));
#11580=DIRECTION('',(0.,0.,1.));
#11581=DIRECTION('',(-1.,0.,0.));
#11582=DIRECTION('',(0.,0.,1.));
#11583=DIRECTION('',(-1.,0.,0.));
#11584=DIRECTION('',(1.,0.,0.));
#11585=DIRECTION('',(0.,0.,-1.));
#11586=DIRECTION('',(-1.,0.,0.));
#11587=DIRECTION('',(0.,0.,1.));
#11588=DIRECTION('',(-1.,0.,0.));
#11589=DIRECTION('',(0.,0.,1.));
#11590=DIRECTION('',(-1.,0.,0.));
#11591=DIRECTION('',(1.,0.,0.));
#11592=DIRECTION('',(0.,0.,-1.));
#11593=DIRECTION('',(-1.,0.,0.));
#11594=DIRECTION('',(0.,0.,1.));
#11595=DIRECTION('',(-1.,0.,0.));
#11596=DIRECTION('',(0.,0.,1.));
#11597=DIRECTION('',(-1.,0.,0.));
#11598=DIRECTION('',(1.,0.,0.));
#11599=DIRECTION('',(0.,0.,-1.));
#11600=DIRECTION('',(0.,0.,1.));
#11601=DIRECTION('',(1.,0.,0.));
#11602=DIRECTION('',(0.,1.,0.));
#11603=DIRECTION('',(0.,1.,0.));
#11604=DIRECTION('',(-1.,0.,0.));
#11605=DIRECTION('',(0.,0.,1.));
#11606=DIRECTION('',(1.,0.,0.));
#11607=DIRECTION('',(0.,-1.,0.));
#11608=DIRECTION('',(-1.,0.,0.));
#11609=DIRECTION('',(0.,1.,0.));
#11610=DIRECTION('',(0.,0.,1.));
#11611=DIRECTION('',(1.,0.,0.));
#11612=DIRECTION('',(0.,-1.,0.));
#11613=DIRECTION('',(-1.,0.,0.));
#11614=DIRECTION('',(0.,1.,0.));
#11615=DIRECTION('',(0.,0.,1.));
#11616=DIRECTION('',(1.,0.,0.));
#11617=DIRECTION('',(0.,-1.,0.));
#11618=DIRECTION('',(-1.,0.,0.));
#11619=DIRECTION('',(0.,1.,0.));
#11620=DIRECTION('',(0.,0.,1.));
#11621=DIRECTION('',(1.,0.,0.));
#11622=DIRECTION('',(0.,-1.,0.));
#11623=DIRECTION('',(-1.,0.,0.));
#11624=DIRECTION('',(0.,1.,0.));
#11625=DIRECTION('',(0.,0.,1.));
#11626=DIRECTION('',(1.,0.,0.));
#11627=DIRECTION('',(0.,-1.,0.));
#11628=DIRECTION('',(-1.,0.,0.));
#11629=DIRECTION('',(0.,1.,0.));
#11630=DIRECTION('',(0.,0.,1.));
#11631=DIRECTION('',(1.,0.,0.));
#11632=DIRECTION('',(0.,-1.,0.));
#11633=DIRECTION('',(-1.,0.,0.));
#11634=DIRECTION('',(0.,1.,0.));
#11635=DIRECTION('',(0.,0.,1.));
#11636=DIRECTION('',(1.,0.,0.));
#11637=DIRECTION('',(0.,-1.,0.));
#11638=DIRECTION('',(-1.,0.,0.));
#11639=DIRECTION('',(0.,1.,0.));
#11640=DIRECTION('',(0.,0.,1.));
#11641=DIRECTION('',(1.,0.,0.));
#11642=DIRECTION('',(0.,-1.,0.));
#11643=DIRECTION('',(-1.,0.,0.));
#11644=DIRECTION('',(0.,1.,0.));
#11645=DIRECTION('',(0.,0.,-1.));
#11646=DIRECTION('',(-1.,0.,0.));
#11647=DIRECTION('',(0.,-1.,0.));
#11648=DIRECTION('',(-1.,0.,0.));
#11649=DIRECTION('',(0.,-1.,0.));
#11650=DIRECTION('',(-1.,0.,0.));
#11651=DIRECTION('',(0.,0.,-1.));
#11652=DIRECTION('',(-1.,0.,0.));
#11653=DIRECTION('',(0.,1.,0.));
#11654=DIRECTION('',(-1.,0.,0.));
#11655=DIRECTION('',(0.,-1.,0.));
#11656=DIRECTION('',(-1.,0.,0.));
#11657=DIRECTION('',(0.,0.,-1.));
#11658=DIRECTION('',(-1.,0.,0.));
#11659=DIRECTION('',(0.,1.,0.));
#11660=DIRECTION('',(-1.,0.,0.));
#11661=DIRECTION('',(0.,-1.,0.));
#11662=DIRECTION('',(-1.,0.,0.));
#11663=DIRECTION('',(0.,0.,-1.));
#11664=DIRECTION('',(-1.,0.,0.));
#11665=DIRECTION('',(0.,1.,0.));
#11666=DIRECTION('',(-1.,0.,0.));
#11667=DIRECTION('',(0.,-1.,0.));
#11668=DIRECTION('',(-1.,0.,0.));
#11669=DIRECTION('',(0.,0.,-1.));
#11670=DIRECTION('',(-1.,0.,0.));
#11671=DIRECTION('',(0.,1.,0.));
#11672=DIRECTION('',(-1.,0.,0.));
#11673=DIRECTION('',(0.,-1.,0.));
#11674=DIRECTION('',(-1.,0.,0.));
#11675=DIRECTION('',(0.,0.,-1.));
#11676=DIRECTION('',(-1.,0.,0.));
#11677=DIRECTION('',(0.,1.,0.));
#11678=DIRECTION('',(-1.,0.,0.));
#11679=DIRECTION('',(0.,-1.,0.));
#11680=DIRECTION('',(-1.,0.,0.));
#11681=DIRECTION('',(0.,0.,-1.));
#11682=DIRECTION('',(-1.,0.,0.));
#11683=DIRECTION('',(0.,1.,0.));
#11684=DIRECTION('',(-1.,0.,0.));
#11685=DIRECTION('',(0.,-1.,0.));
#11686=DIRECTION('',(-1.,0.,0.));
#11687=DIRECTION('',(0.,0.,-1.));
#11688=DIRECTION('',(-1.,0.,0.));
#11689=DIRECTION('',(0.,1.,0.));
#11690=DIRECTION('',(-1.,0.,0.));
#11691=DIRECTION('',(0.,-1.,0.));
#11692=DIRECTION('',(-1.,0.,0.));
#11693=DIRECTION('',(-1.,0.,0.));
#11694=DIRECTION('',(0.,0.,1.));
#11695=DIRECTION('',(1.,0.,0.));
#11696=DIRECTION('',(0.,0.,-1.));
#11697=DIRECTION('',(-1.,0.,0.));
#11698=DIRECTION('',(0.,0.,1.));
#11699=DIRECTION('',(-1.,0.,0.));
#11700=DIRECTION('',(-1.,0.,0.));
#11701=DIRECTION('',(0.,0.,1.));
#11702=DIRECTION('',(-1.,0.,0.));
#11703=DIRECTION('',(0.,0.,1.));
#11704=DIRECTION('',(-1.,0.,0.));
#11705=DIRECTION('',(1.,0.,0.));
#11706=DIRECTION('',(0.,0.,-1.));
#11707=DIRECTION('',(-1.,0.,0.));
#11708=DIRECTION('',(0.,0.,1.));
#11709=DIRECTION('',(-1.,0.,0.));
#11710=DIRECTION('',(0.,0.,1.));
#11711=DIRECTION('',(-1.,0.,0.));
#11712=DIRECTION('',(1.,0.,0.));
#11713=DIRECTION('',(0.,0.,-1.));
#11714=DIRECTION('',(-1.,0.,0.));
#11715=DIRECTION('',(0.,0.,1.));
#11716=DIRECTION('',(-1.,0.,0.));
#11717=DIRECTION('',(0.,0.,1.));
#11718=DIRECTION('',(-1.,0.,0.));
#11719=DIRECTION('',(1.,0.,0.));
#11720=DIRECTION('',(0.,0.,-1.));
#11721=DIRECTION('',(-1.,0.,0.));
#11722=DIRECTION('',(0.,0.,1.));
#11723=DIRECTION('',(-1.,0.,0.));
#11724=DIRECTION('',(0.,0.,1.));
#11725=DIRECTION('',(-1.,0.,0.));
#11726=DIRECTION('',(1.,0.,0.));
#11727=DIRECTION('',(0.,0.,-1.));
#11728=DIRECTION('',(-1.,0.,0.));
#11729=DIRECTION('',(0.,0.,1.));
#11730=DIRECTION('',(-1.,0.,0.));
#11731=DIRECTION('',(0.,0.,1.));
#11732=DIRECTION('',(-1.,0.,0.));
#11733=DIRECTION('',(1.,0.,0.));
#11734=DIRECTION('',(0.,0.,-1.));
#11735=DIRECTION('',(-1.,0.,0.));
#11736=DIRECTION('',(0.,0.,1.));
#11737=DIRECTION('',(-1.,0.,0.));
#11738=DIRECTION('',(0.,0.,1.));
#11739=DIRECTION('',(-1.,0.,0.));
#11740=DIRECTION('',(1.,0.,0.));
#11741=DIRECTION('',(0.,0.,-1.));
#11742=DIRECTION('',(-1.,0.,0.));
#11743=DIRECTION('',(0.,0.,1.));
#11744=DIRECTION('',(-1.,0.,0.));
#11745=DIRECTION('',(0.,0.,1.));
#11746=DIRECTION('',(-1.,0.,0.));
#11747=DIRECTION('',(1.,0.,0.));
#11748=DIRECTION('',(0.,0.,-1.));
#11749=DIRECTION('',(0.,-1.,0.));
#11750=DIRECTION('',(0.,0.,-1.));
#11751=DIRECTION('',(0.,0.,1.));
#11752=DIRECTION('',(0.,0.,1.));
#11753=DIRECTION('',(-1.,0.,0.));
#11754=DIRECTION('',(0.,-1.,0.));
#11755=DIRECTION('',(0.,0.,-1.));
#11756=DIRECTION('',(0.,0.,-1.));
#11757=DIRECTION('',(-1.,0.,0.));
#11758=DIRECTION('',(0.,0.,1.));
#11759=DIRECTION('',(0.,-1.,0.));
#11760=DIRECTION('',(0.,0.,-1.));
#11761=DIRECTION('',(0.,0.,-1.));
#11762=DIRECTION('',(-1.,0.,0.));
#11763=DIRECTION('',(0.,0.,1.));
#11764=DIRECTION('',(0.,-1.,0.));
#11765=DIRECTION('',(0.,0.,-1.));
#11766=DIRECTION('',(0.,0.,-1.));
#11767=DIRECTION('',(-1.,0.,0.));
#11768=DIRECTION('',(0.,0.,1.));
#11769=DIRECTION('',(0.,-1.,0.));
#11770=DIRECTION('',(0.,0.,-1.));
#11771=DIRECTION('',(0.,0.,-1.));
#11772=DIRECTION('',(-1.,0.,0.));
#11773=DIRECTION('',(0.,0.,1.));
#11774=DIRECTION('',(0.,-1.,0.));
#11775=DIRECTION('',(0.,0.,-1.));
#11776=DIRECTION('',(0.,0.,-1.));
#11777=DIRECTION('',(-1.,0.,0.));
#11778=DIRECTION('',(0.,0.,1.));
#11779=DIRECTION('',(0.,-1.,0.));
#11780=DIRECTION('',(0.,0.,-1.));
#11781=DIRECTION('',(0.,0.,-1.));
#11782=DIRECTION('',(-1.,0.,0.));
#11783=DIRECTION('',(0.,0.,1.));
#11784=DIRECTION('',(0.,-1.,0.));
#11785=DIRECTION('',(0.,0.,-1.));
#11786=DIRECTION('',(0.,0.,-1.));
#11787=DIRECTION('',(-1.,0.,0.));
#11788=DIRECTION('',(0.,0.,1.));
#11789=DIRECTION('',(0.,0.,1.));
#11790=DIRECTION('',(1.,0.,0.));
#11791=DIRECTION('',(0.,1.,0.));
#11792=DIRECTION('',(0.,1.,0.));
#11793=DIRECTION('',(-1.,0.,0.));
#11794=DIRECTION('',(0.,0.,1.));
#11795=DIRECTION('',(1.,0.,0.));
#11796=DIRECTION('',(0.,-1.,0.));
#11797=DIRECTION('',(-1.,0.,0.));
#11798=DIRECTION('',(0.,1.,0.));
#11799=DIRECTION('',(0.,0.,1.));
#11800=DIRECTION('',(1.,0.,0.));
#11801=DIRECTION('',(0.,-1.,0.));
#11802=DIRECTION('',(-1.,0.,0.));
#11803=DIRECTION('',(0.,1.,0.));
#11804=DIRECTION('',(0.,0.,1.));
#11805=DIRECTION('',(1.,0.,0.));
#11806=DIRECTION('',(0.,-1.,0.));
#11807=DIRECTION('',(-1.,0.,0.));
#11808=DIRECTION('',(0.,1.,0.));
#11809=DIRECTION('',(0.,0.,1.));
#11810=DIRECTION('',(1.,0.,0.));
#11811=DIRECTION('',(0.,-1.,0.));
#11812=DIRECTION('',(-1.,0.,0.));
#11813=DIRECTION('',(0.,1.,0.));
#11814=DIRECTION('',(0.,0.,1.));
#11815=DIRECTION('',(1.,0.,0.));
#11816=DIRECTION('',(0.,-1.,0.));
#11817=DIRECTION('',(-1.,0.,0.));
#11818=DIRECTION('',(0.,1.,0.));
#11819=DIRECTION('',(0.,0.,1.));
#11820=DIRECTION('',(1.,0.,0.));
#11821=DIRECTION('',(0.,-1.,0.));
#11822=DIRECTION('',(-1.,0.,0.));
#11823=DIRECTION('',(0.,1.,0.));
#11824=DIRECTION('',(0.,0.,1.));
#11825=DIRECTION('',(1.,0.,0.));
#11826=DIRECTION('',(0.,-1.,0.));
#11827=DIRECTION('',(-1.,0.,0.));
#11828=DIRECTION('',(0.,1.,0.));
#11829=DIRECTION('',(0.,1.,0.));
#11830=DIRECTION('',(0.,0.,1.));
#11831=DIRECTION('',(0.,0.,-1.));
#11832=DIRECTION('',(0.,0.,-1.));
#11833=DIRECTION('',(0.,1.,0.));
#11834=DIRECTION('',(0.,0.,1.));
#11835=DIRECTION('',(0.,0.,1.));
#11836=DIRECTION('',(0.,0.,-1.));
#11837=DIRECTION('',(0.,1.,0.));
#11838=DIRECTION('',(0.,0.,1.));
#11839=DIRECTION('',(0.,0.,1.));
#11840=DIRECTION('',(0.,0.,-1.));
#11841=DIRECTION('',(0.,1.,0.));
#11842=DIRECTION('',(0.,0.,1.));
#11843=DIRECTION('',(0.,0.,1.));
#11844=DIRECTION('',(0.,0.,-1.));
#11845=DIRECTION('',(0.,1.,0.));
#11846=DIRECTION('',(0.,0.,1.));
#11847=DIRECTION('',(0.,0.,1.));
#11848=DIRECTION('',(0.,0.,-1.));
#11849=DIRECTION('',(0.,1.,0.));
#11850=DIRECTION('',(0.,0.,1.));
#11851=DIRECTION('',(0.,0.,1.));
#11852=DIRECTION('',(0.,0.,-1.));
#11853=DIRECTION('',(0.,1.,0.));
#11854=DIRECTION('',(0.,0.,1.));
#11855=DIRECTION('',(0.,0.,1.));
#11856=DIRECTION('',(0.,0.,-1.));
#11857=DIRECTION('',(0.,1.,0.));
#11858=DIRECTION('',(0.,0.,1.));
#11859=DIRECTION('',(0.,0.,1.));
#11860=DIRECTION('',(0.,0.,-1.));
#11861=DIRECTION('',(0.,1.,0.));
#11862=DIRECTION('',(0.,0.,1.));
#11863=DIRECTION('',(0.,0.,1.));
#11864=DIRECTION('',(-1.,0.,0.));
#11865=DIRECTION('',(0.,0.,-1.));
#11866=DIRECTION('',(-1.,0.,0.));
#11867=DIRECTION('',(0.,0.,-1.));
#11868=DIRECTION('',(-1.,0.,0.));
#11869=DIRECTION('',(0.,1.,0.));
#11870=DIRECTION('',(-1.,0.,0.));
#11871=DIRECTION('',(0.,-1.,0.));
#11872=DIRECTION('',(0.,-1.,0.));
#11873=DIRECTION('',(0.,0.,-1.));
#11874=DIRECTION('',(0.,0.,-1.));
#11875=DIRECTION('',(-1.,0.,0.));
#11876=DIRECTION('',(0.,0.,1.));
#11877=DIRECTION('',(-1.,0.,0.));
#11878=DIRECTION('',(0.,0.,1.));
#11879=DIRECTION('',(-1.,0.,0.));
#11880=DIRECTION('',(0.,0.,1.));
#11881=DIRECTION('',(-1.,0.,0.));
#11882=DIRECTION('',(-1.,0.,0.));
#11883=DIRECTION('',(0.,0.,1.));
#11884=DIRECTION('',(0.,0.,1.));
#11885=DIRECTION('',(1.,0.,0.));
#11886=DIRECTION('',(0.,-1.,0.));
#11887=DIRECTION('',(-1.,0.,0.));
#11888=DIRECTION('',(0.,1.,0.));
#11889=DIRECTION('',(0.,-1.,0.));
#11890=DIRECTION('',(0.,0.,-1.));
#11891=DIRECTION('',(0.,0.,-1.));
#11892=DIRECTION('',(1.,-2.51088970005907E-16,-2.61306017627853E-16));
#11893=DIRECTION('',(0.,0.,-1.));
#11894=DIRECTION('',(0.,0.,-1.));
#11895=DIRECTION('',(1.,-2.51088970005906E-16,-2.61306017627853E-16));
#11896=DIRECTION('',(0.,0.,-1.));
#11897=DIRECTION('',(0.,0.,-1.));
#11898=DIRECTION('',(1.,-2.51088970005906E-16,-2.61306017627853E-16));
#11899=DIRECTION('',(0.,0.,-1.));
#11900=DIRECTION('',(0.,0.,-1.));
#11901=DIRECTION('',(1.,-2.51088970005907E-16,-2.61306017627853E-16));
#11902=DIRECTION('',(0.,0.,-1.));
#11903=DIRECTION('',(0.,0.,-1.));
#11904=DIRECTION('',(1.,-2.51088970005907E-16,-2.61306017627853E-16));
#11905=DIRECTION('',(0.,0.,-1.));
#11906=DIRECTION('',(0.,0.,-1.));
#11907=DIRECTION('',(1.,-2.51088970005907E-16,-2.61306017627853E-16));
#11908=DIRECTION('',(0.,0.,-1.));
#11909=DIRECTION('',(0.,0.,-1.));
#11910=DIRECTION('',(1.,-2.51088970005907E-16,-2.61306017627853E-16));
#11911=DIRECTION('',(0.,0.,-1.));
#11912=DIRECTION('',(0.,0.,-1.));
#11913=DIRECTION('',(1.,-2.51088970005907E-16,-2.61306017627853E-16));
#11914=DIRECTION('',(0.,0.,-1.));
#11915=DIRECTION('',(0.,0.,-1.));
#11916=DIRECTION('',(1.,-2.51088970005907E-16,-2.61306017627853E-16));
#11917=DIRECTION('',(0.,0.,-1.));
#11918=DIRECTION('',(0.,0.,1.));
#11919=DIRECTION('',(0.,0.,-1.));
#11920=DIRECTION('',(0.,0.,-1.));
#11921=DIRECTION('',(0.,0.,-1.));
#11922=DIRECTION('',(0.,0.,-1.));
#11923=DIRECTION('',(0.,0.,-1.));
#11924=DIRECTION('',(0.,0.,-1.));
#11925=DIRECTION('',(0.,0.,-1.));
#11926=DIRECTION('',(0.,0.,-1.));
#11927=DIRECTION('',(0.,0.,-1.));
#11928=DIRECTION('',(0.,0.,-1.));
#11929=DIRECTION('',(0.,0.,-1.));
#11930=DIRECTION('',(0.,0.,-1.));
#11931=DIRECTION('',(0.,0.,-1.));
#11932=DIRECTION('',(-1.,0.,0.));
#11933=DIRECTION('',(0.,0.,-1.));
#11934=DIRECTION('',(0.,0.,-1.));
#11935=DIRECTION('',(0.,0.,-1.));
#11936=DIRECTION('',(0.,0.,-1.));
#11937=DIRECTION('',(0.,0.,-1.));
#11938=DIRECTION('',(0.,0.,-1.));
#11939=DIRECTION('',(0.,0.,-1.));
#11940=DIRECTION('',(-1.,0.,0.));
#11941=DIRECTION('',(0.,0.,1.));
#11942=DIRECTION('',(0.,0.,-1.));
#11943=DIRECTION('',(-1.,0.,0.));
#11944=DIRECTION('',(0.,1.,0.));
#11945=DIRECTION('',(-1.,0.,0.));
#11946=DIRECTION('',(0.,-1.,0.));
#11947=DIRECTION('',(-1.,0.,0.));
#11948=DIRECTION('',(0.,0.,1.));
#11949=DIRECTION('',(-1.,0.,0.));
#11950=DIRECTION('',(0.,0.,1.));
#11951=DIRECTION('',(-1.,0.,0.));
#11952=DIRECTION('',(-1.,0.,0.));
#11953=DIRECTION('',(0.,0.,1.));
#11954=DIRECTION('',(0.,-1.,0.));
#11955=DIRECTION('',(0.,0.,-1.));
#11956=DIRECTION('',(0.,0.,-1.));
#11957=DIRECTION('',(-1.,0.,0.));
#11958=DIRECTION('',(0.,0.,1.));
#11959=DIRECTION('',(0.,0.,1.));
#11960=DIRECTION('',(1.,0.,0.));
#11961=DIRECTION('',(0.,-1.,0.));
#11962=DIRECTION('',(-1.,0.,0.));
#11963=DIRECTION('',(0.,1.,0.));
#11964=DIRECTION('',(0.,1.,0.));
#11965=DIRECTION('',(0.,0.,1.));
#11966=DIRECTION('',(0.,0.,1.));
#11967=DIRECTION('',(0.,0.,-1.));
#11968=DIRECTION('',(0.,0.721063009431588,-0.692869494514993));
#11969=DIRECTION('',(0.,0.692869494514993,0.721063009431588));
#11970=DIRECTION('',(0.,-0.692869494514993,-0.721063009431588));
#11971=DIRECTION('',(0.,0.692869494514993,0.721063009431588));
#11972=DIRECTION('',(0.,-0.692869494514993,-0.721063009431588));
#11973=DIRECTION('',(0.,0.692869494514993,0.721063009431588));
#11974=DIRECTION('',(0.,-0.692869494514993,-0.721063009431588));
#11975=DIRECTION('',(0.,0.692869494514993,0.721063009431588));
#11976=DIRECTION('',(0.,-0.692869494514993,-0.721063009431588));
#11977=DIRECTION('',(0.,0.692869494514993,0.721063009431588));
#11978=DIRECTION('',(0.,-0.692869494514993,-0.721063009431588));
#11979=DIRECTION('',(0.,0.692869494514993,0.721063009431588));
#11980=DIRECTION('',(0.,-0.692869494514993,-0.721063009431588));
#11981=DIRECTION('',(0.,0.692869494514993,0.721063009431588));
#11982=DIRECTION('',(0.,-0.692869494514993,-0.721063009431588));
#11983=DIRECTION('',(0.,0.692869494514993,0.721063009431588));
#11984=DIRECTION('',(0.,-0.692869494514993,-0.721063009431588));
#11985=DIRECTION('',(0.,0.692869494514993,0.721063009431588));
#11986=DIRECTION('',(0.,-0.692869494514993,-0.721063009431588));
#11987=DIRECTION('',(0.,0.692869494514993,0.721063009431588));
#11988=DIRECTION('',(0.,-0.692869494514993,-0.721063009431587));
#11989=DIRECTION('',(0.,-0.692869494514993,-0.721063009431587));
#11990=DIRECTION('',(-1.,0.,0.));
#11991=DIRECTION('',(0.,0.,1.));
#11992=DIRECTION('',(-1.,0.,0.));
#11993=DIRECTION('',(0.,0.,1.));
#11994=DIRECTION('',(-1.,0.,0.));
#11995=DIRECTION('',(0.,0.,1.));
#11996=DIRECTION('',(1.,0.,0.));
#11997=DIRECTION('',(0.,0.,-1.));
#11998=DIRECTION('',(-1.,0.,0.));
#11999=DIRECTION('',(0.,0.,1.));
#12000=DIRECTION('',(1.,0.,0.));
#12001=DIRECTION('',(0.,0.,-1.));
#12002=DIRECTION('',(-1.,0.,0.));
#12003=DIRECTION('',(0.,0.,1.));
#12004=DIRECTION('',(1.,0.,0.));
#12005=DIRECTION('',(0.,0.,-1.));
#12006=DIRECTION('',(-1.,0.,0.));
#12007=DIRECTION('',(0.,0.,1.));
#12008=DIRECTION('',(1.,0.,0.));
#12009=DIRECTION('',(0.,0.,-1.));
#12010=DIRECTION('',(-1.,0.,0.));
#12011=DIRECTION('',(0.,0.,1.));
#12012=DIRECTION('',(1.,0.,0.));
#12013=DIRECTION('',(0.,0.,-1.));
#12014=DIRECTION('',(-1.,0.,0.));
#12015=DIRECTION('',(0.,0.,1.));
#12016=DIRECTION('',(1.,0.,0.));
#12017=DIRECTION('',(0.,0.,-1.));
#12018=DIRECTION('',(-1.,0.,0.));
#12019=DIRECTION('',(0.,0.,1.));
#12020=DIRECTION('',(1.,0.,0.));
#12021=DIRECTION('',(0.,0.,-1.));
#12022=DIRECTION('',(-1.,0.,0.));
#12023=DIRECTION('',(0.,0.,1.));
#12024=DIRECTION('',(1.,0.,0.));
#12025=DIRECTION('',(0.,0.,-1.));
#12026=DIRECTION('',(-1.,0.,0.));
#12027=DIRECTION('',(0.,0.,1.));
#12028=DIRECTION('',(1.,0.,0.));
#12029=DIRECTION('',(0.,0.,-1.));
#12030=DIRECTION('',(-1.,0.,0.));
#12031=DIRECTION('',(0.,0.,1.));
#12032=DIRECTION('',(1.,0.,0.));
#12033=DIRECTION('',(0.,0.,-1.));
#12034=DIRECTION('',(-1.,0.,0.));
#12035=DIRECTION('',(0.,0.,1.));
#12036=DIRECTION('',(1.,0.,0.));
#12037=DIRECTION('',(0.,0.,-1.));
#12038=DIRECTION('',(-1.,0.,0.));
#12039=DIRECTION('',(0.,0.,1.));
#12040=DIRECTION('',(1.,0.,0.));
#12041=DIRECTION('',(0.,0.,-1.));
#12042=DIRECTION('',(0.,-1.,0.));
#12043=DIRECTION('',(0.,0.,1.));
#12044=DIRECTION('',(-1.,0.,0.));
#12045=DIRECTION('',(0.,0.,1.));
#12046=DIRECTION('',(0.,0.,1.));
#12047=DIRECTION('',(0.,1.,0.));
#12048=DIRECTION('',(1.,0.,0.));
#12049=DIRECTION('',(0.,0.,-1.));
#12050=DIRECTION('',(-1.,0.,0.));
#12051=DIRECTION('',(0.,0.,1.));
#12052=DIRECTION('',(1.,0.,0.));
#12053=DIRECTION('',(0.,0.,-1.));
#12054=DIRECTION('',(-1.,0.,0.));
#12055=DIRECTION('',(0.,0.,1.));
#12056=DIRECTION('',(1.,0.,0.));
#12057=DIRECTION('',(0.,0.,-1.));
#12058=DIRECTION('',(-1.,0.,0.));
#12059=DIRECTION('',(0.,0.,1.));
#12060=DIRECTION('',(1.,0.,0.));
#12061=DIRECTION('',(0.,0.,-1.));
#12062=DIRECTION('',(-1.,0.,0.));
#12063=DIRECTION('',(0.,0.,1.));
#12064=DIRECTION('',(1.,0.,0.));
#12065=DIRECTION('',(0.,0.,-1.));
#12066=DIRECTION('',(1.,0.,0.));
#12067=DIRECTION('',(0.,0.,-1.));
#12068=DIRECTION('',(-1.,0.,0.));
#12069=DIRECTION('',(0.,0.,1.));
#12070=DIRECTION('',(0.,-1.0758037935686E-17,-1.));
#12071=DIRECTION('',(0.,1.,-1.0758037935686E-17));
#12072=DIRECTION('',(0.,1.,-1.0758037935686E-17));
#12073=DIRECTION('',(0.,1.,-1.0758037935686E-17));
#12074=DIRECTION('',(0.,0.,1.));
#12075=DIRECTION('',(1.,0.,0.));
#12076=DIRECTION('',(0.,-1.,0.));
#12077=DIRECTION('',(1.,0.,0.));
#12078=DIRECTION('',(0.,-1.,0.));
#12079=DIRECTION('',(0.,1.,0.));
#12080=DIRECTION('',(0.,0.,1.));
#12081=DIRECTION('',(1.,0.,0.));
#12082=DIRECTION('',(0.,0.,-1.));
#12083=DIRECTION('',(1.,0.,0.));
#12084=DIRECTION('',(0.,0.,-1.));
#12085=DIRECTION('',(0.,0.,1.));
#12086=DIRECTION('',(1.,0.,0.));
#12087=DIRECTION('',(0.,0.,-1.));
#12088=DIRECTION('',(-1.,0.,0.));
#12089=DIRECTION('',(0.,-1.,0.));
#12090=DIRECTION('',(-1.,0.,0.));
#12091=DIRECTION('',(0.,-1.,0.));
#12092=DIRECTION('',(-1.,0.,0.));
#12093=DIRECTION('',(0.,-1.,0.));
#12094=DIRECTION('',(-1.,0.,0.));
#12095=DIRECTION('',(0.,1.,0.));
#12096=DIRECTION('',(0.70710678118655,0.707106781186545,0.));
#12097=DIRECTION('',(1.,0.,0.));
#12098=DIRECTION('',(0.707106781186545,-0.70710678118655,0.));
#12099=DIRECTION('',(0.,-1.,0.));
#12100=DIRECTION('',(0.,0.,-1.));
#12101=DIRECTION('',(0.,0.,1.));
#12102=DIRECTION('',(-1.,0.,0.));
#12103=DIRECTION('',(0.,0.,1.));
#12104=DIRECTION('',(-1.,0.,0.));
#12105=DIRECTION('',(0.,0.,-1.));
#12106=DIRECTION('',(-1.,0.,0.));
#12107=DIRECTION('',(0.,-1.,0.));
#12108=DIRECTION('',(-1.,0.,0.));
#12109=DIRECTION('',(0.,-1.,0.));
#12110=DIRECTION('',(0.,1.,0.));
#12111=DIRECTION('',(0.,0.,1.));
#12112=DIRECTION('',(0.,0.,-1.));
#12113=DIRECTION('',(0.,0.,-1.));
#12114=DIRECTION('',(-1.,0.,0.));
#12115=DIRECTION('',(0.,0.,1.));
#12116=DIRECTION('',(1.,0.,0.));
#12117=DIRECTION('',(0.,0.,-1.));
#12118=DIRECTION('',(-1.,0.,0.));
#12119=DIRECTION('',(1.,0.,0.));
#12120=DIRECTION('',(0.,0.,-1.));
#12121=DIRECTION('',(0.,1.,0.));
#12122=DIRECTION('',(0.,0.,1.));
#12123=DIRECTION('',(0.,0.,-1.));
#12124=DIRECTION('',(-1.,0.,0.));
#12125=DIRECTION('',(0.,0.,-1.));
#12126=DIRECTION('',(-1.,0.,0.));
#12127=DIRECTION('',(0.,0.,1.));
#12128=DIRECTION('',(1.,0.,0.));
#12129=DIRECTION('',(0.,0.,-1.));
#12130=DIRECTION('',(-1.,0.,0.));
#12131=DIRECTION('',(1.,0.,0.));
#12132=DIRECTION('',(0.,0.,-1.));
#12133=DIRECTION('',(0.,0.,1.));
#12134=DIRECTION('',(1.,0.,0.));
#12135=DIRECTION('',(0.,1.,0.));
#12136=DIRECTION('',(-1.,0.,0.));
#12137=DIRECTION('',(0.,1.,0.));
#12138=DIRECTION('',(0.,0.743144825477652,0.669130606358572));
#12139=DIRECTION('',(0.,-0.669130606358572,0.743144825477652));
#12140=DIRECTION('',(0.,0.669130606358572,-0.743144825477652));
#12141=DIRECTION('',(-1.,0.,0.));
#12142=DIRECTION('',(0.,0.669130606358572,-0.743144825477652));
#12143=DIRECTION('',(0.,0.,1.));
#12144=DIRECTION('',(1.,0.,0.));
#12145=DIRECTION('',(0.,1.,0.));
#12146=DIRECTION('',(-1.,0.,0.));
#12147=DIRECTION('',(0.,1.,0.));
#12148=DIRECTION('',(0.,-0.669130606358588,0.743144825477638));
#12149=DIRECTION('',(0.,-0.743144825477638,-0.669130606358588));
#12150=DIRECTION('',(0.,0.743144825477637,0.669130606358588));
#12151=DIRECTION('',(-1.,0.,0.));
#12152=DIRECTION('',(0.,0.743144825477637,0.669130606358588));
#12153=DIRECTION('',(0.,0.,1.));
#12154=DIRECTION('',(1.,0.,0.));
#12155=DIRECTION('',(0.,1.,0.));
#12156=DIRECTION('',(-1.,0.,0.));
#12157=DIRECTION('',(0.,1.,0.));
#12158=DIRECTION('',(0.,1.,0.));
#12159=DIRECTION('',(0.,0.,1.));
#12160=DIRECTION('',(0.,0.,-1.));
#12161=DIRECTION('',(-1.,0.,0.));
#12162=DIRECTION('',(0.,0.,-1.));
#12163=DIRECTION('',(0.,-1.77854687087508E-17,-1.));
#12164=DIRECTION('',(0.,1.,-1.77854687087508E-17));
#12165=DIRECTION('',(0.,-1.,1.77854687087508E-17));
#12166=DIRECTION('',(-1.,0.,0.));
#12167=DIRECTION('',(0.,-1.,1.77854687087508E-17));
#12168=DIRECTION('',(-1.,0.,0.));
#12169=DIRECTION('',(0.,0.,1.));
#12170=DIRECTION('',(1.,0.,0.));
#12171=DIRECTION('',(0.,0.,-1.));
#12172=DIRECTION('',(-1.,0.,0.));
#12173=DIRECTION('',(1.,0.,0.));
#12174=DIRECTION('',(0.,0.,-1.));
#12175=DIRECTION('',(0.,1.,0.));
#12176=DIRECTION('',(0.,0.,1.));
#12177=DIRECTION('',(0.,0.,-1.));
#12178=DIRECTION('',(-1.,0.,0.));
#12179=DIRECTION('',(0.,0.,-1.));
#12180=DIRECTION('',(-1.,0.,0.));
#12181=DIRECTION('',(0.,0.,1.));
#12182=DIRECTION('',(1.,0.,0.));
#12183=DIRECTION('',(0.,0.,-1.));
#12184=DIRECTION('',(-1.,0.,0.));
#12185=DIRECTION('',(1.,0.,0.));
#12186=DIRECTION('',(0.,0.,-1.));
#12187=DIRECTION('',(0.,0.,1.));
#12188=DIRECTION('',(1.,0.,0.));
#12189=DIRECTION('',(0.,1.,0.));
#12190=DIRECTION('',(-1.,0.,0.));
#12191=DIRECTION('',(0.,1.,0.));
#12192=DIRECTION('',(0.,1.,0.));
#12193=DIRECTION('',(0.,0.,1.));
#12194=DIRECTION('',(0.,0.,-1.));
#12195=DIRECTION('',(-1.,0.,0.));
#12196=DIRECTION('',(0.,0.,-1.));
#12197=DIRECTION('',(0.,0.,-1.));
#12198=DIRECTION('',(-1.,0.,0.));
#12199=DIRECTION('',(0.,-1.,0.));
#12200=DIRECTION('',(-1.,0.,0.));
#12201=DIRECTION('',(0.,-1.,0.));
#12202=DIRECTION('',(0.,-0.669130606358588,-0.743144825477638));
#12203=DIRECTION('',(0.,0.743144825477638,-0.669130606358588));
#12204=DIRECTION('',(0.,-0.743144825477637,0.669130606358588));
#12205=DIRECTION('',(-1.,0.,0.));
#12206=DIRECTION('',(0.,-0.743144825477637,0.669130606358588));
#12207=DIRECTION('',(0.,0.,-1.));
#12208=DIRECTION('',(-1.,0.,0.));
#12209=DIRECTION('',(0.,-1.,0.));
#12210=DIRECTION('',(-1.,0.,0.));
#12211=DIRECTION('',(0.,-1.,0.));
#12212=DIRECTION('',(0.,0.743144825477652,-0.669130606358572));
#12213=DIRECTION('',(0.,0.669130606358572,0.743144825477652));
#12214=DIRECTION('',(0.,-0.669130606358572,-0.743144825477652));
#12215=DIRECTION('',(-1.,0.,0.));
#12216=DIRECTION('',(0.,-0.669130606358572,-0.743144825477652));
#12217=DIRECTION('',(0.,0.,-1.));
#12218=DIRECTION('',(-1.,0.,0.));
#12219=DIRECTION('',(0.,-1.,0.));
#12220=DIRECTION('',(-1.,0.,0.));
#12221=DIRECTION('',(0.,-1.,0.));
#12222=DIRECTION('',(-1.,0.,0.));
#12223=DIRECTION('',(0.,0.,1.));
#12224=DIRECTION('',(1.,0.,0.));
#12225=DIRECTION('',(0.,0.,-1.));
#12226=DIRECTION('',(-1.,0.,0.));
#12227=DIRECTION('',(1.,0.,0.));
#12228=DIRECTION('',(0.,0.,-1.));
#12229=DIRECTION('',(0.,1.,0.));
#12230=DIRECTION('',(0.,0.,1.));
#12231=DIRECTION('',(0.,0.,-1.));
#12232=DIRECTION('',(-1.,0.,0.));
#12233=DIRECTION('',(0.,0.,-1.));
#12234=DIRECTION('',(-1.,0.,0.));
#12235=DIRECTION('',(0.,0.,1.));
#12236=DIRECTION('',(1.,0.,0.));
#12237=DIRECTION('',(0.,0.,-1.));
#12238=DIRECTION('',(-1.,0.,0.));
#12239=DIRECTION('',(1.,0.,0.));
#12240=DIRECTION('',(0.,0.,-1.));
#12241=DIRECTION('',(0.,0.,1.));
#12242=DIRECTION('',(1.,0.,0.));
#12243=DIRECTION('',(0.,1.,0.));
#12244=DIRECTION('',(-1.,0.,0.));
#12245=DIRECTION('',(0.,1.,0.));
#12246=DIRECTION('',(0.,1.,0.));
#12247=DIRECTION('',(0.,0.,1.));
#12248=DIRECTION('',(0.,0.,-1.));
#12249=DIRECTION('',(-1.,0.,0.));
#12250=DIRECTION('',(0.,0.,-1.));
#12251=DIRECTION('',(0.,0.,1.));
#12252=DIRECTION('',(1.,0.,0.));
#12253=DIRECTION('',(0.,1.,0.));
#12254=DIRECTION('',(0.,1.,0.));
#12255=DIRECTION('',(1.,0.,0.));
#12256=DIRECTION('',(0.,0.,-1.));
#12257=DIRECTION('',(1.,0.,0.));
#12258=DIRECTION('',(0.,0.,-1.));
#12259=DIRECTION('',(1.,0.,0.));
#12260=DIRECTION('',(0.,0.,-1.));
#12261=DIRECTION('',(0.,0.,-1.));
#12262=DIRECTION('',(0.,-1.,0.));
#12263=DIRECTION('',(0.,0.,-1.));
#12264=DIRECTION('',(0.70710678118655,0.707106781186545,0.));
#12265=DIRECTION('',(-0.707106781186545,0.70710678118655,0.));
#12266=DIRECTION('',(0.,0.,-1.));
#12267=DIRECTION('',(0.707106781186545,-0.70710678118655,0.));
#12268=DIRECTION('',(0.,1.,0.));
#12269=DIRECTION('',(0.,0.,1.));
#12270=DIRECTION('',(0.,0.,-1.));
#12271=DIRECTION('',(1.,0.,0.));
#12272=DIRECTION('',(-0.707106781186545,0.70710678118655,0.));
#12273=DIRECTION('',(-0.70710678118655,-0.707106781186545,0.));
#12274=DIRECTION('',(0.,0.,-1.));
#12275=DIRECTION('',(0.70710678118655,0.707106781186545,0.));
#12276=DIRECTION('',(-1.,0.,0.));
#12277=DIRECTION('',(0.,0.,1.));
#12278=DIRECTION('',(0.,0.,-1.));
#12279=DIRECTION('',(0.,1.,0.));
#12280=DIRECTION('',(0.,-1.,0.));
#12281=DIRECTION('',(0.,0.,-1.));
#12282=DIRECTION('',(-1.,0.,0.));
#12283=DIRECTION('',(0.,0.,1.));
#12284=DIRECTION('',(1.,0.,0.));
#12285=DIRECTION('',(0.,0.,1.));
#12286=DIRECTION('',(1.,0.,0.));
#12287=CARTESIAN_POINT('',(0.,0.,0.));
#12288=CARTESIAN_POINT('',(0.099999999999999,0.005,0.1));
#12289=CARTESIAN_POINT('',(-0.0425,0.005,0.1));
#12290=CARTESIAN_POINT('',(-0.0425,0.099,0.1));
#12291=CARTESIAN_POINT('',(-0.0425,0.205,0.1));
#12292=CARTESIAN_POINT('',(0.0659999999999998,-0.0119999999999996,0.1));
#12293=CARTESIAN_POINT('',(-0.0525,0.225,0.1));
#12294=CARTESIAN_POINT('',(0.099999999999999,0.225,0.1));
#12295=CARTESIAN_POINT('',(-0.1,0.225,0.1));
#12296=CARTESIAN_POINT('',(-0.1,0.005,0.1));
#12297=CARTESIAN_POINT('',(-0.1,0.,0.1));
#12298=CARTESIAN_POINT('',(0.099999999999999,0.,0.1));
#12299=CARTESIAN_POINT('',(0.099999999999999,0.,0.1));
#12300=CARTESIAN_POINT('',(0.099999999999999,0.005,0.1));
#12301=CARTESIAN_POINT('',(0.099999999999999,0.225,0.1));
#12302=CARTESIAN_POINT('',(0.099999999999999,0.225,0.1));
#12303=CARTESIAN_POINT('',(0.0525,0.225,0.1));
#12304=CARTESIAN_POINT('',(-0.0260000000000002,0.0679999999999996,0.1));
#12305=CARTESIAN_POINT('',(0.0425,0.205,0.1));
#12306=CARTESIAN_POINT('',(0.0425,0.005,0.1));
#12307=CARTESIAN_POINT('',(0.0425,0.099,0.1));
#12308=CARTESIAN_POINT('',(0.099999999999999,0.099,0.1));
#12309=CARTESIAN_POINT('',(-0.1,0.225,0.0675));
#12310=CARTESIAN_POINT('',(-0.1,0.225,0.0675));
#12311=CARTESIAN_POINT('',(-0.1,0.225,0.0675));
#12312=CARTESIAN_POINT('',(-0.0525,0.225,0.0675));
#12313=CARTESIAN_POINT('',(-0.0525,0.225,0.0675));
#12314=CARTESIAN_POINT('',(-0.0425,0.205,0.0675));
#12315=CARTESIAN_POINT('',(-0.0425,0.205,0.0675));
#12316=CARTESIAN_POINT('',(-0.0425,0.099,0.0675));
#12317=CARTESIAN_POINT('',(0.,0.099,0.0675));
#12318=CARTESIAN_POINT('',(-0.1,0.099,0.0675));
#12319=CARTESIAN_POINT('',(-0.1,0.225,0.0675));
#12320=CARTESIAN_POINT('',(-0.1,0.225,0.0675));
#12321=CARTESIAN_POINT('',(0.,0.099,0.0675));
#12322=CARTESIAN_POINT('',(0.1,0.099,0.0675));
#12323=CARTESIAN_POINT('',(0.0425,0.099,0.0675));
#12324=CARTESIAN_POINT('',(0.0425,0.099,0.0675));
#12325=CARTESIAN_POINT('',(0.0425,0.205,0.0675));
#12326=CARTESIAN_POINT('',(0.0425,0.205,0.0675));
#12327=CARTESIAN_POINT('',(0.0525,0.225,0.0675));
#12328=CARTESIAN_POINT('',(-0.1,0.225,0.0675));
#12329=CARTESIAN_POINT('',(0.1,0.225,0.0675));
#12330=CARTESIAN_POINT('',(0.1,0.225,0.0675));
#12331=CARTESIAN_POINT('',(0.,0.225,0.));
#12332=CARTESIAN_POINT('',(-0.0525,0.225,0.));
#12333=CARTESIAN_POINT('',(-0.1,0.225,0.1));
#12334=CARTESIAN_POINT('',(0.,0.225,0.));
#12335=CARTESIAN_POINT('',(0.0525,0.225,0.));
#12336=CARTESIAN_POINT('',(0.1,0.225,0.0675));
#12337=CARTESIAN_POINT('',(-0.25,0.099,0.0675));
#12338=CARTESIAN_POINT('',(-0.1,0.099,0.0675));
#12339=CARTESIAN_POINT('',(-0.1,0.,0.0675));
#12340=CARTESIAN_POINT('',(-0.1,0.0245,0.0675));
#12341=CARTESIAN_POINT('',(0.25,0.0245,0.067500000000002));
#12342=CARTESIAN_POINT('',(-0.25,0.0245,0.067500000000002));
#12343=CARTESIAN_POINT('',(-0.25,0.099,0.0675));
#12344=CARTESIAN_POINT('',(-0.25,0.,0.0675));
#12345=CARTESIAN_POINT('',(-0.25,0.,0.0675));
#12346=CARTESIAN_POINT('',(-0.25,0.099,0.0675));
#12347=CARTESIAN_POINT('',(0.25,0.0745,0.067500000000002));
#12348=CARTESIAN_POINT('',(-0.1,0.0745,0.067500000000002));
#12349=CARTESIAN_POINT('',(-0.25,0.0745,0.067500000000002));
#12350=CARTESIAN_POINT('',(-0.1,0.225,0.0675));
#12351=CARTESIAN_POINT('',(-0.25,0.099,0.0675));
#12352=CARTESIAN_POINT('',(-0.25,0.099,0.0675));
#12353=CARTESIAN_POINT('',(-0.25,0.099,0.0675));
#12354=CARTESIAN_POINT('',(0.25,0.099,-0.0675));
#12355=CARTESIAN_POINT('',(0.25,0.0245,-0.067500000000002));
#12356=CARTESIAN_POINT('',(-0.1,0.0245,-0.0675));
#12357=CARTESIAN_POINT('',(-0.25,0.0245,-0.067500000000002));
#12358=CARTESIAN_POINT('',(-0.1,0.099,-0.0675));
#12359=CARTESIAN_POINT('',(-0.1,0.,-0.0675));
#12360=CARTESIAN_POINT('',(0.25,0.,-0.0675));
#12361=CARTESIAN_POINT('',(-0.25,0.,-0.0675));
#12362=CARTESIAN_POINT('',(-0.25,0.099,-0.0675));
#12363=CARTESIAN_POINT('',(0.25,0.099,-0.0675));
#12364=CARTESIAN_POINT('',(0.25,0.099,-0.0675));
#12365=CARTESIAN_POINT('',(-0.1,0.099,-0.0675));
#12366=CARTESIAN_POINT('',(-0.25,0.099,-0.0675));
#12367=CARTESIAN_POINT('',(-0.1,0.225,-0.0675));
#12368=CARTESIAN_POINT('',(-0.1,0.0745,-0.0675));
#12369=CARTESIAN_POINT('',(0.25,0.0745,-0.067500000000002));
#12370=CARTESIAN_POINT('',(-0.25,0.0745,-0.0675));
#12371=CARTESIAN_POINT('',(-0.25,0.099,-0.0675));
#12372=CARTESIAN_POINT('',(0.0670000000000001,0.099,-0.0325));
#12373=CARTESIAN_POINT('',(0.0670000000000001,0.099,-0.0165));
#12374=CARTESIAN_POINT('',(0.0670000000000001,0.099,-0.0165));
#12375=CARTESIAN_POINT('',(0.0670000000000001,0.005,-0.0165));
#12376=CARTESIAN_POINT('',(0.0670000000000001,0.005,-0.0325));
#12377=CARTESIAN_POINT('',(0.0670000000000001,0.005,-0.0325));
#12378=CARTESIAN_POINT('',(0.0670000000000001,0.099,-0.0325));
#12379=CARTESIAN_POINT('',(0.0670000000000001,0.099,-0.0325));
#12380=CARTESIAN_POINT('',(0.0670000000000001,0.099,-0.0325));
#12381=CARTESIAN_POINT('',(0.0830000000000001,0.099,-0.0325));
#12382=CARTESIAN_POINT('',(0.0830000000000001,0.005,-0.0325));
#12383=CARTESIAN_POINT('',(0.0830000000000001,0.005,-0.0325));
#12384=CARTESIAN_POINT('',(0.0830000000000001,0.099,-0.0325));
#12385=CARTESIAN_POINT('',(0.0830000000000001,0.099,-0.0325));
#12386=CARTESIAN_POINT('',(0.0830000000000001,0.099,-0.0325));
#12387=CARTESIAN_POINT('',(0.0830000000000001,0.099,-0.0165));
#12388=CARTESIAN_POINT('',(0.0830000000000001,0.005,-0.0165));
#12389=CARTESIAN_POINT('',(0.0830000000000001,0.005,-0.0165));
#12390=CARTESIAN_POINT('',(0.0830000000000001,0.099,-0.0165));
#12391=CARTESIAN_POINT('',(0.0830000000000001,0.099,-0.0165));
#12392=CARTESIAN_POINT('',(0.0830000000000001,0.099,-0.0165));
#12393=CARTESIAN_POINT('',(0.0670000000000001,0.099,0.0175));
#12394=CARTESIAN_POINT('',(0.0670000000000001,0.099,0.0335));
#12395=CARTESIAN_POINT('',(0.0670000000000001,0.099,0.0335));
#12396=CARTESIAN_POINT('',(0.0670000000000001,0.005,0.0335));
#12397=CARTESIAN_POINT('',(0.0670000000000001,0.005,0.0175));
#12398=CARTESIAN_POINT('',(0.0670000000000001,0.005,0.0175));
#12399=CARTESIAN_POINT('',(0.0670000000000001,0.099,0.0175));
#12400=CARTESIAN_POINT('',(0.0670000000000001,0.099,0.0175));
#12401=CARTESIAN_POINT('',(0.0670000000000001,0.099,0.0175));
#12402=CARTESIAN_POINT('',(0.0830000000000001,0.099,0.0175));
#12403=CARTESIAN_POINT('',(0.0830000000000001,0.005,0.0175));
#12404=CARTESIAN_POINT('',(0.0830000000000001,0.005,0.0175));
#12405=CARTESIAN_POINT('',(0.0830000000000001,0.099,0.0175));
#12406=CARTESIAN_POINT('',(0.0830000000000001,0.099,0.0175));
#12407=CARTESIAN_POINT('',(0.0830000000000001,0.099,0.0175));
#12408=CARTESIAN_POINT('',(0.0830000000000001,0.099,0.0335));
#12409=CARTESIAN_POINT('',(0.0830000000000001,0.005,0.0335));
#12410=CARTESIAN_POINT('',(0.0830000000000001,0.005,0.0335));
#12411=CARTESIAN_POINT('',(0.0830000000000001,0.099,0.0335));
#12412=CARTESIAN_POINT('',(0.0830000000000001,0.099,0.0335));
#12413=CARTESIAN_POINT('',(0.0830000000000001,0.099,0.0335));
#12414=CARTESIAN_POINT('',(0.017,0.099,-0.0325));
#12415=CARTESIAN_POINT('',(0.017,0.099,-0.0165));
#12416=CARTESIAN_POINT('',(0.017,0.099,-0.0165));
#12417=CARTESIAN_POINT('',(0.017,0.005,-0.0165));
#12418=CARTESIAN_POINT('',(0.017,0.005,-0.0325));
#12419=CARTESIAN_POINT('',(0.017,0.005,-0.0325));
#12420=CARTESIAN_POINT('',(0.017,0.099,-0.0325));
#12421=CARTESIAN_POINT('',(0.017,0.099,-0.0325));
#12422=CARTESIAN_POINT('',(0.017,0.099,-0.0325));
#12423=CARTESIAN_POINT('',(0.033,0.099,-0.0325));
#12424=CARTESIAN_POINT('',(0.033,0.005,-0.0325));
#12425=CARTESIAN_POINT('',(0.033,0.005,-0.0325));
#12426=CARTESIAN_POINT('',(0.033,0.099,-0.0325));
#12427=CARTESIAN_POINT('',(0.033,0.099,-0.0325));
#12428=CARTESIAN_POINT('',(0.033,0.099,-0.0325));
#12429=CARTESIAN_POINT('',(0.033,0.099,-0.0165));
#12430=CARTESIAN_POINT('',(0.033,0.005,-0.0165));
#12431=CARTESIAN_POINT('',(0.033,0.005,-0.0165));
#12432=CARTESIAN_POINT('',(0.033,0.099,-0.0165));
#12433=CARTESIAN_POINT('',(0.033,0.099,-0.0165));
#12434=CARTESIAN_POINT('',(0.033,0.099,-0.0165));
#12435=CARTESIAN_POINT('',(0.017,0.099,0.0175));
#12436=CARTESIAN_POINT('',(0.017,0.099,0.0335));
#12437=CARTESIAN_POINT('',(0.017,0.099,0.0335));
#12438=CARTESIAN_POINT('',(0.017,0.005,0.0335));
#12439=CARTESIAN_POINT('',(0.017,0.005,0.0175));
#12440=CARTESIAN_POINT('',(0.017,0.005,0.0175));
#12441=CARTESIAN_POINT('',(0.017,0.099,0.0175));
#12442=CARTESIAN_POINT('',(0.017,0.099,0.0175));
#12443=CARTESIAN_POINT('',(0.017,0.099,0.0175));
#12444=CARTESIAN_POINT('',(0.033,0.099,0.0175));
#12445=CARTESIAN_POINT('',(0.033,0.005,0.0175));
#12446=CARTESIAN_POINT('',(0.033,0.005,0.0175));
#12447=CARTESIAN_POINT('',(0.033,0.099,0.0175));
#12448=CARTESIAN_POINT('',(0.033,0.099,0.0175));
#12449=CARTESIAN_POINT('',(0.033,0.099,0.0175));
#12450=CARTESIAN_POINT('',(0.033,0.099,0.0335));
#12451=CARTESIAN_POINT('',(0.033,0.005,0.0335));
#12452=CARTESIAN_POINT('',(0.033,0.005,0.0335));
#12453=CARTESIAN_POINT('',(0.033,0.099,0.0335));
#12454=CARTESIAN_POINT('',(0.033,0.099,0.0335));
#12455=CARTESIAN_POINT('',(0.033,0.099,0.0335));
#12456=CARTESIAN_POINT('',(-0.033,0.099,-0.0325));
#12457=CARTESIAN_POINT('',(-0.033,0.099,-0.0165));
#12458=CARTESIAN_POINT('',(-0.033,0.099,-0.0165));
#12459=CARTESIAN_POINT('',(-0.033,0.005,-0.0165));
#12460=CARTESIAN_POINT('',(-0.033,0.005,-0.0325));
#12461=CARTESIAN_POINT('',(-0.033,0.005,-0.0325));
#12462=CARTESIAN_POINT('',(-0.033,0.099,-0.0325));
#12463=CARTESIAN_POINT('',(-0.033,0.099,-0.0325));
#12464=CARTESIAN_POINT('',(-0.033,0.099,-0.0325));
#12465=CARTESIAN_POINT('',(-0.017,0.099,-0.0325));
#12466=CARTESIAN_POINT('',(-0.017,0.005,-0.0325));
#12467=CARTESIAN_POINT('',(-0.017,0.005,-0.0325));
#12468=CARTESIAN_POINT('',(-0.017,0.099,-0.0325));
#12469=CARTESIAN_POINT('',(-0.017,0.099,-0.0325));
#12470=CARTESIAN_POINT('',(-0.017,0.099,-0.0325));
#12471=CARTESIAN_POINT('',(-0.017,0.099,-0.0165));
#12472=CARTESIAN_POINT('',(-0.017,0.005,-0.0165));
#12473=CARTESIAN_POINT('',(-0.017,0.005,-0.0165));
#12474=CARTESIAN_POINT('',(-0.017,0.099,-0.0165));
#12475=CARTESIAN_POINT('',(-0.017,0.099,-0.0165));
#12476=CARTESIAN_POINT('',(-0.017,0.099,-0.0165));
#12477=CARTESIAN_POINT('',(-0.033,0.099,0.0175));
#12478=CARTESIAN_POINT('',(-0.033,0.099,0.0335));
#12479=CARTESIAN_POINT('',(-0.033,0.099,0.0335));
#12480=CARTESIAN_POINT('',(-0.033,0.005,0.0335));
#12481=CARTESIAN_POINT('',(-0.033,0.005,0.0175));
#12482=CARTESIAN_POINT('',(-0.033,0.005,0.0175));
#12483=CARTESIAN_POINT('',(-0.033,0.099,0.0175));
#12484=CARTESIAN_POINT('',(-0.033,0.099,0.0175));
#12485=CARTESIAN_POINT('',(-0.033,0.099,0.0175));
#12486=CARTESIAN_POINT('',(-0.017,0.099,0.0175));
#12487=CARTESIAN_POINT('',(-0.017,0.005,0.0175));
#12488=CARTESIAN_POINT('',(-0.017,0.005,0.0175));
#12489=CARTESIAN_POINT('',(-0.017,0.099,0.0175));
#12490=CARTESIAN_POINT('',(-0.017,0.099,0.0175));
#12491=CARTESIAN_POINT('',(-0.017,0.099,0.0175));
#12492=CARTESIAN_POINT('',(-0.017,0.099,0.0335));
#12493=CARTESIAN_POINT('',(-0.017,0.005,0.0335));
#12494=CARTESIAN_POINT('',(-0.017,0.005,0.0335));
#12495=CARTESIAN_POINT('',(-0.017,0.099,0.0335));
#12496=CARTESIAN_POINT('',(-0.017,0.099,0.0335));
#12497=CARTESIAN_POINT('',(-0.017,0.099,0.0335));
#12498=CARTESIAN_POINT('',(-0.083,0.099,-0.0325));
#12499=CARTESIAN_POINT('',(-0.083,0.099,-0.0165));
#12500=CARTESIAN_POINT('',(-0.083,0.099,-0.0165));
#12501=CARTESIAN_POINT('',(-0.083,0.005,-0.0165));
#12502=CARTESIAN_POINT('',(-0.083,0.005,-0.0325));
#12503=CARTESIAN_POINT('',(-0.083,0.005,-0.0325));
#12504=CARTESIAN_POINT('',(-0.083,0.099,-0.0325));
#12505=CARTESIAN_POINT('',(-0.083,0.099,-0.0325));
#12506=CARTESIAN_POINT('',(-0.083,0.099,-0.0325));
#12507=CARTESIAN_POINT('',(-0.0669999999999999,0.099,-0.0325));
#12508=CARTESIAN_POINT('',(-0.0669999999999999,0.005,-0.0325));
#12509=CARTESIAN_POINT('',(-0.0669999999999999,0.005,-0.0325));
#12510=CARTESIAN_POINT('',(-0.0669999999999999,0.099,-0.0325));
#12511=CARTESIAN_POINT('',(-0.0669999999999999,0.099,-0.0325));
#12512=CARTESIAN_POINT('',(-0.0669999999999999,0.099,-0.0325));
#12513=CARTESIAN_POINT('',(-0.0669999999999999,0.099,-0.0165));
#12514=CARTESIAN_POINT('',(-0.0669999999999999,0.005,-0.0165));
#12515=CARTESIAN_POINT('',(-0.0669999999999999,0.005,-0.0165));
#12516=CARTESIAN_POINT('',(-0.0669999999999999,0.099,-0.0165));
#12517=CARTESIAN_POINT('',(-0.0669999999999999,0.099,-0.0165));
#12518=CARTESIAN_POINT('',(-0.0669999999999999,0.099,-0.0165));
#12519=CARTESIAN_POINT('',(-0.083,0.099,0.0175));
#12520=CARTESIAN_POINT('',(-0.083,0.099,0.0335));
#12521=CARTESIAN_POINT('',(-0.083,0.099,0.0335));
#12522=CARTESIAN_POINT('',(-0.083,0.005,0.0335));
#12523=CARTESIAN_POINT('',(-0.083,0.005,0.0175));
#12524=CARTESIAN_POINT('',(-0.083,0.005,0.0175));
#12525=CARTESIAN_POINT('',(-0.083,0.099,0.0175));
#12526=CARTESIAN_POINT('',(-0.083,0.099,0.0175));
#12527=CARTESIAN_POINT('',(-0.083,0.099,0.0175));
#12528=CARTESIAN_POINT('',(-0.0669999999999999,0.099,0.0175));
#12529=CARTESIAN_POINT('',(-0.0669999999999999,0.005,0.0175));
#12530=CARTESIAN_POINT('',(-0.0669999999999999,0.005,0.0175));
#12531=CARTESIAN_POINT('',(-0.0669999999999999,0.099,0.0175));
#12532=CARTESIAN_POINT('',(-0.0669999999999999,0.099,0.0175));
#12533=CARTESIAN_POINT('',(-0.0669999999999999,0.099,0.0175));
#12534=CARTESIAN_POINT('',(-0.0669999999999999,0.099,0.0335));
#12535=CARTESIAN_POINT('',(-0.0669999999999999,0.005,0.0335));
#12536=CARTESIAN_POINT('',(-0.0669999999999999,0.005,0.0335));
#12537=CARTESIAN_POINT('',(-0.0669999999999999,0.099,0.0335));
#12538=CARTESIAN_POINT('',(-0.0669999999999999,0.099,0.0335));
#12539=CARTESIAN_POINT('',(-0.0669999999999999,0.099,0.0335));
#12540=CARTESIAN_POINT('',(0.0670000000000001,0.099,-0.0165));
#12541=CARTESIAN_POINT('',(0.0670000000000001,0.005,-0.0165));
#12542=CARTESIAN_POINT('',(0.0670000000000001,0.099,-0.0165));
#12543=CARTESIAN_POINT('',(0.0670000000000001,0.099,0.0335));
#12544=CARTESIAN_POINT('',(0.0670000000000001,0.005,0.0335));
#12545=CARTESIAN_POINT('',(0.0670000000000001,0.099,0.0335));
#12546=CARTESIAN_POINT('',(0.017,0.099,-0.0165));
#12547=CARTESIAN_POINT('',(0.017,0.005,-0.0165));
#12548=CARTESIAN_POINT('',(0.017,0.099,-0.0165));
#12549=CARTESIAN_POINT('',(0.017,0.099,0.0335));
#12550=CARTESIAN_POINT('',(0.017,0.005,0.0335));
#12551=CARTESIAN_POINT('',(0.017,0.099,0.0335));
#12552=CARTESIAN_POINT('',(-0.033,0.099,-0.0165));
#12553=CARTESIAN_POINT('',(-0.033,0.005,-0.0165));
#12554=CARTESIAN_POINT('',(-0.033,0.099,-0.0165));
#12555=CARTESIAN_POINT('',(-0.033,0.099,0.0335));
#12556=CARTESIAN_POINT('',(-0.033,0.005,0.0335));
#12557=CARTESIAN_POINT('',(-0.033,0.099,0.0335));
#12558=CARTESIAN_POINT('',(-0.083,0.099,-0.0165));
#12559=CARTESIAN_POINT('',(-0.083,0.005,-0.0165));
#12560=CARTESIAN_POINT('',(-0.083,0.099,-0.0165));
#12561=CARTESIAN_POINT('',(-0.083,0.099,0.0335));
#12562=CARTESIAN_POINT('',(-0.083,0.005,0.0335));
#12563=CARTESIAN_POINT('',(-0.083,0.099,0.0335));
#12564=CARTESIAN_POINT('',(0.25,0.099,-0.0675));
#12565=CARTESIAN_POINT('',(0.100000000000004,0.099,-0.0675));
#12566=CARTESIAN_POINT('',(0.100000000000002,0.,-0.0675));
#12567=CARTESIAN_POINT('',(0.1,0.0245,-0.0675));
#12568=CARTESIAN_POINT('',(0.25,0.0245,-0.067500000000002));
#12569=CARTESIAN_POINT('',(0.25,0.0245,-0.067500000000002));
#12570=CARTESIAN_POINT('',(0.25,0.099,-0.0675));
#12571=CARTESIAN_POINT('',(0.25,0.,-0.0675));
#12572=CARTESIAN_POINT('',(0.25,0.,-0.0675));
#12573=CARTESIAN_POINT('',(-0.25,0.099,0.0675));
#12574=CARTESIAN_POINT('',(0.25,0.0245,0.067500000000002));
#12575=CARTESIAN_POINT('',(0.25,0.0245,0.067500000000002));
#12576=CARTESIAN_POINT('',(0.1,0.0245,0.0675));
#12577=CARTESIAN_POINT('',(0.1,0.099,0.0675));
#12578=CARTESIAN_POINT('',(0.1,0.,0.0675));
#12579=CARTESIAN_POINT('',(-0.25,0.,0.0675));
#12580=CARTESIAN_POINT('',(0.25,0.,0.0675));
#12581=CARTESIAN_POINT('',(0.25,0.099,0.0675));
#12582=CARTESIAN_POINT('',(-0.25,0.099,-0.0675));
#12583=CARTESIAN_POINT('',(-0.25,0.0245,-0.0575));
#12584=CARTESIAN_POINT('',(-0.25,0.0245,-0.0575));
#12585=CARTESIAN_POINT('',(-0.25,0.0745,-0.0575));
#12586=CARTESIAN_POINT('',(-0.25,0.0245,-0.067500000000002));
#12587=CARTESIAN_POINT('',(-0.25,0.,-0.0675));
#12588=CARTESIAN_POINT('',(-0.25,0.0245,0.0575));
#12589=CARTESIAN_POINT('',(-0.25,0.0245,0.0575));
#12590=CARTESIAN_POINT('',(-0.25,0.0745,0.0575));
#12591=CARTESIAN_POINT('',(-0.25,0.0745,0.0575));
#12592=CARTESIAN_POINT('',(-0.25,0.0745,0.067500000000002));
#12593=CARTESIAN_POINT('',(-0.25,0.099,-0.0675));
#12594=CARTESIAN_POINT('',(-0.25,0.0745,-0.0575));
#12595=CARTESIAN_POINT('',(-0.25,0.099,0.0675));
#12596=CARTESIAN_POINT('',(-0.25,0.099,0.0675));
#12597=CARTESIAN_POINT('',(0.25,0.099,0.0675));
#12598=CARTESIAN_POINT('',(0.1,0.225,0.0675));
#12599=CARTESIAN_POINT('',(0.1,0.0745,0.0675));
#12600=CARTESIAN_POINT('',(0.25,0.0745,0.067500000000002));
#12601=CARTESIAN_POINT('',(0.25,0.0745,0.067500000000002));
#12602=CARTESIAN_POINT('',(0.25,0.099,0.0675));
#12603=CARTESIAN_POINT('',(0.25,0.099,0.0675));
#12604=CARTESIAN_POINT('',(0.25,0.0245,-0.067500000000002));
#12605=CARTESIAN_POINT('',(0.25,0.0245,-0.0575));
#12606=CARTESIAN_POINT('',(0.25,0.0245,-0.0575));
#12607=CARTESIAN_POINT('',(0.25,0.0745,-0.0575));
#12608=CARTESIAN_POINT('',(0.25,0.0745,-0.0575));
#12609=CARTESIAN_POINT('',(0.25,0.0745,-0.067500000000002));
#12610=CARTESIAN_POINT('',(0.25,0.099,-0.0675));
#12611=CARTESIAN_POINT('',(0.25,0.099,-0.0675));
#12612=CARTESIAN_POINT('',(0.25,0.099,0.0675));
#12613=CARTESIAN_POINT('',(0.25,0.0745,0.067500000000002));
#12614=CARTESIAN_POINT('',(0.25,0.0745,0.0575));
#12615=CARTESIAN_POINT('',(0.25,0.0745,0.0575));
#12616=CARTESIAN_POINT('',(0.25,0.0245,0.0575));
#12617=CARTESIAN_POINT('',(0.25,0.0245,0.0575));
#12618=CARTESIAN_POINT('',(0.25,0.,0.0675));
#12619=CARTESIAN_POINT('',(0.217,0.099,-0.0325));
#12620=CARTESIAN_POINT('',(0.217,0.,-0.0325));
#12621=CARTESIAN_POINT('',(0.217,0.,-0.0325));
#12622=CARTESIAN_POINT('',(0.217,0.,-0.0165));
#12623=CARTESIAN_POINT('',(0.217,0.099,-0.0325));
#12624=CARTESIAN_POINT('',(0.217,0.099,-0.0325));
#12625=CARTESIAN_POINT('',(0.217,0.099,-0.0325));
#12626=CARTESIAN_POINT('',(0.217,0.099,-0.0165));
#12627=CARTESIAN_POINT('',(0.217,0.099,-0.0165));
#12628=CARTESIAN_POINT('',(0.233,0.099,-0.0325));
#12629=CARTESIAN_POINT('',(0.233,0.,-0.0325));
#12630=CARTESIAN_POINT('',(0.233,0.,-0.0325));
#12631=CARTESIAN_POINT('',(0.233,0.099,-0.0325));
#12632=CARTESIAN_POINT('',(0.233,0.099,-0.0325));
#12633=CARTESIAN_POINT('',(0.233,0.099,-0.0325));
#12634=CARTESIAN_POINT('',(0.233,0.099,-0.0165));
#12635=CARTESIAN_POINT('',(0.233,0.,-0.0165));
#12636=CARTESIAN_POINT('',(0.233,0.,-0.0165));
#12637=CARTESIAN_POINT('',(0.233,0.099,-0.0165));
#12638=CARTESIAN_POINT('',(0.233,0.099,-0.0165));
#12639=CARTESIAN_POINT('',(0.233,0.099,-0.0165));
#12640=CARTESIAN_POINT('',(0.217,0.099,0.0175));
#12641=CARTESIAN_POINT('',(0.217,0.,0.0175));
#12642=CARTESIAN_POINT('',(0.217,0.,0.0175));
#12643=CARTESIAN_POINT('',(0.217,0.,0.0335));
#12644=CARTESIAN_POINT('',(0.217,0.099,0.0175));
#12645=CARTESIAN_POINT('',(0.217,0.099,0.0175));
#12646=CARTESIAN_POINT('',(0.217,0.099,0.0175));
#12647=CARTESIAN_POINT('',(0.217,0.099,0.0335));
#12648=CARTESIAN_POINT('',(0.217,0.099,0.0335));
#12649=CARTESIAN_POINT('',(0.233,0.099,0.0175));
#12650=CARTESIAN_POINT('',(0.233,0.,0.0175));
#12651=CARTESIAN_POINT('',(0.233,0.,0.0175));
#12652=CARTESIAN_POINT('',(0.233,0.099,0.0175));
#12653=CARTESIAN_POINT('',(0.233,0.099,0.0175));
#12654=CARTESIAN_POINT('',(0.233,0.099,0.0175));
#12655=CARTESIAN_POINT('',(0.233,0.099,0.0335));
#12656=CARTESIAN_POINT('',(0.233,0.,0.0335));
#12657=CARTESIAN_POINT('',(0.233,0.,0.0335));
#12658=CARTESIAN_POINT('',(0.233,0.099,0.0335));
#12659=CARTESIAN_POINT('',(0.233,0.099,0.0335));
#12660=CARTESIAN_POINT('',(0.233,0.099,0.0335));
#12661=CARTESIAN_POINT('',(0.167,0.099,-0.0325));
#12662=CARTESIAN_POINT('',(0.167,0.,-0.0325));
#12663=CARTESIAN_POINT('',(0.167,0.,-0.0325));
#12664=CARTESIAN_POINT('',(0.167,0.,-0.0165));
#12665=CARTESIAN_POINT('',(0.167,0.099,-0.0325));
#12666=CARTESIAN_POINT('',(0.167,0.099,-0.0325));
#12667=CARTESIAN_POINT('',(0.167,0.099,-0.0325));
#12668=CARTESIAN_POINT('',(0.167,0.099,-0.0165));
#12669=CARTESIAN_POINT('',(0.167,0.099,-0.0165));
#12670=CARTESIAN_POINT('',(0.183,0.099,-0.0325));
#12671=CARTESIAN_POINT('',(0.183,0.,-0.0325));
#12672=CARTESIAN_POINT('',(0.183,0.,-0.0325));
#12673=CARTESIAN_POINT('',(0.183,0.099,-0.0325));
#12674=CARTESIAN_POINT('',(0.183,0.099,-0.0325));
#12675=CARTESIAN_POINT('',(0.183,0.099,-0.0325));
#12676=CARTESIAN_POINT('',(0.183,0.099,-0.0165));
#12677=CARTESIAN_POINT('',(0.183,0.,-0.0165));
#12678=CARTESIAN_POINT('',(0.183,0.,-0.0165));
#12679=CARTESIAN_POINT('',(0.183,0.099,-0.0165));
#12680=CARTESIAN_POINT('',(0.183,0.099,-0.0165));
#12681=CARTESIAN_POINT('',(0.183,0.099,-0.0165));
#12682=CARTESIAN_POINT('',(0.167,0.099,0.0175));
#12683=CARTESIAN_POINT('',(0.167,0.,0.0175));
#12684=CARTESIAN_POINT('',(0.167,0.,0.0175));
#12685=CARTESIAN_POINT('',(0.167,0.,0.0335));
#12686=CARTESIAN_POINT('',(0.167,0.099,0.0175));
#12687=CARTESIAN_POINT('',(0.167,0.099,0.0175));
#12688=CARTESIAN_POINT('',(0.167,0.099,0.0175));
#12689=CARTESIAN_POINT('',(0.167,0.099,0.0335));
#12690=CARTESIAN_POINT('',(0.167,0.099,0.0335));
#12691=CARTESIAN_POINT('',(0.183,0.099,0.0175));
#12692=CARTESIAN_POINT('',(0.183,0.,0.0175));
#12693=CARTESIAN_POINT('',(0.183,0.,0.0175));
#12694=CARTESIAN_POINT('',(0.183,0.099,0.0175));
#12695=CARTESIAN_POINT('',(0.183,0.099,0.0175));
#12696=CARTESIAN_POINT('',(0.183,0.099,0.0175));
#12697=CARTESIAN_POINT('',(0.183,0.099,0.0335));
#12698=CARTESIAN_POINT('',(0.183,0.,0.0335));
#12699=CARTESIAN_POINT('',(0.183,0.,0.0335));
#12700=CARTESIAN_POINT('',(0.183,0.099,0.0335));
#12701=CARTESIAN_POINT('',(0.183,0.099,0.0335));
#12702=CARTESIAN_POINT('',(0.183,0.099,0.0335));
#12703=CARTESIAN_POINT('',(0.117,0.099,-0.0325));
#12704=CARTESIAN_POINT('',(0.117,0.,-0.0325));
#12705=CARTESIAN_POINT('',(0.117,0.,-0.0325));
#12706=CARTESIAN_POINT('',(0.117,0.,-0.0165));
#12707=CARTESIAN_POINT('',(0.117,0.099,-0.0325));
#12708=CARTESIAN_POINT('',(0.117,0.099,-0.0325));
#12709=CARTESIAN_POINT('',(0.117,0.099,-0.0325));
#12710=CARTESIAN_POINT('',(0.117,0.099,-0.0165));
#12711=CARTESIAN_POINT('',(0.117,0.099,-0.0165));
#12712=CARTESIAN_POINT('',(0.133,0.099,-0.0325));
#12713=CARTESIAN_POINT('',(0.133,0.,-0.0325));
#12714=CARTESIAN_POINT('',(0.133,0.,-0.0325));
#12715=CARTESIAN_POINT('',(0.133,0.099,-0.0325));
#12716=CARTESIAN_POINT('',(0.133,0.099,-0.0325));
#12717=CARTESIAN_POINT('',(0.133,0.099,-0.0325));
#12718=CARTESIAN_POINT('',(0.133,0.099,-0.0165));
#12719=CARTESIAN_POINT('',(0.133,0.,-0.0165));
#12720=CARTESIAN_POINT('',(0.133,0.,-0.0165));
#12721=CARTESIAN_POINT('',(0.133,0.099,-0.0165));
#12722=CARTESIAN_POINT('',(0.133,0.099,-0.0165));
#12723=CARTESIAN_POINT('',(0.133,0.099,-0.0165));
#12724=CARTESIAN_POINT('',(0.117,0.099,0.0175));
#12725=CARTESIAN_POINT('',(0.117,0.,0.0175));
#12726=CARTESIAN_POINT('',(0.117,0.,0.0175));
#12727=CARTESIAN_POINT('',(0.117,0.,0.0335));
#12728=CARTESIAN_POINT('',(0.117,0.099,0.0175));
#12729=CARTESIAN_POINT('',(0.117,0.099,0.0175));
#12730=CARTESIAN_POINT('',(0.117,0.099,0.0175));
#12731=CARTESIAN_POINT('',(0.117,0.099,0.0335));
#12732=CARTESIAN_POINT('',(0.117,0.099,0.0335));
#12733=CARTESIAN_POINT('',(0.133,0.099,0.0175));
#12734=CARTESIAN_POINT('',(0.133,0.,0.0175));
#12735=CARTESIAN_POINT('',(0.133,0.,0.0175));
#12736=CARTESIAN_POINT('',(0.133,0.099,0.0175));
#12737=CARTESIAN_POINT('',(0.133,0.099,0.0175));
#12738=CARTESIAN_POINT('',(0.133,0.099,0.0175));
#12739=CARTESIAN_POINT('',(0.133,0.099,0.0335));
#12740=CARTESIAN_POINT('',(0.133,0.,0.0335));
#12741=CARTESIAN_POINT('',(0.133,0.,0.0335));
#12742=CARTESIAN_POINT('',(0.133,0.099,0.0335));
#12743=CARTESIAN_POINT('',(0.133,0.099,0.0335));
#12744=CARTESIAN_POINT('',(0.133,0.099,0.0335));
#12745=CARTESIAN_POINT('',(-0.133,0.099,-0.0325));
#12746=CARTESIAN_POINT('',(-0.133,0.,-0.0325));
#12747=CARTESIAN_POINT('',(-0.133,0.,-0.0325));
#12748=CARTESIAN_POINT('',(-0.133,0.,-0.0165));
#12749=CARTESIAN_POINT('',(-0.133,0.099,-0.0325));
#12750=CARTESIAN_POINT('',(-0.133,0.099,-0.0325));
#12751=CARTESIAN_POINT('',(-0.133,0.099,-0.0325));
#12752=CARTESIAN_POINT('',(-0.133,0.099,-0.0165));
#12753=CARTESIAN_POINT('',(-0.133,0.099,-0.0165));
#12754=CARTESIAN_POINT('',(-0.117,0.099,-0.0325));
#12755=CARTESIAN_POINT('',(-0.117,0.,-0.0325));
#12756=CARTESIAN_POINT('',(-0.117,0.,-0.0325));
#12757=CARTESIAN_POINT('',(-0.117,0.099,-0.0325));
#12758=CARTESIAN_POINT('',(-0.117,0.099,-0.0325));
#12759=CARTESIAN_POINT('',(-0.117,0.099,-0.0325));
#12760=CARTESIAN_POINT('',(-0.117,0.099,-0.0165));
#12761=CARTESIAN_POINT('',(-0.117,0.,-0.0165));
#12762=CARTESIAN_POINT('',(-0.117,0.,-0.0165));
#12763=CARTESIAN_POINT('',(-0.117,0.099,-0.0165));
#12764=CARTESIAN_POINT('',(-0.117,0.099,-0.0165));
#12765=CARTESIAN_POINT('',(-0.117,0.099,-0.0165));
#12766=CARTESIAN_POINT('',(-0.133,0.099,0.0175));
#12767=CARTESIAN_POINT('',(-0.133,0.,0.0175));
#12768=CARTESIAN_POINT('',(-0.133,0.,0.0175));
#12769=CARTESIAN_POINT('',(-0.133,0.,0.0335));
#12770=CARTESIAN_POINT('',(-0.133,0.099,0.0175));
#12771=CARTESIAN_POINT('',(-0.133,0.099,0.0175));
#12772=CARTESIAN_POINT('',(-0.133,0.099,0.0175));
#12773=CARTESIAN_POINT('',(-0.133,0.099,0.0335));
#12774=CARTESIAN_POINT('',(-0.133,0.099,0.0335));
#12775=CARTESIAN_POINT('',(-0.117,0.099,0.0175));
#12776=CARTESIAN_POINT('',(-0.117,0.,0.0175));
#12777=CARTESIAN_POINT('',(-0.117,0.,0.0175));
#12778=CARTESIAN_POINT('',(-0.117,0.099,0.0175));
#12779=CARTESIAN_POINT('',(-0.117,0.099,0.0175));
#12780=CARTESIAN_POINT('',(-0.117,0.099,0.0175));
#12781=CARTESIAN_POINT('',(-0.117,0.099,0.0335));
#12782=CARTESIAN_POINT('',(-0.117,0.,0.0335));
#12783=CARTESIAN_POINT('',(-0.117,0.,0.0335));
#12784=CARTESIAN_POINT('',(-0.117,0.099,0.0335));
#12785=CARTESIAN_POINT('',(-0.117,0.099,0.0335));
#12786=CARTESIAN_POINT('',(-0.117,0.099,0.0335));
#12787=CARTESIAN_POINT('',(-0.183,0.099,-0.0325));
#12788=CARTESIAN_POINT('',(-0.183,0.,-0.0325));
#12789=CARTESIAN_POINT('',(-0.183,0.,-0.0325));
#12790=CARTESIAN_POINT('',(-0.183,0.,-0.0165));
#12791=CARTESIAN_POINT('',(-0.183,0.099,-0.0325));
#12792=CARTESIAN_POINT('',(-0.183,0.099,-0.0325));
#12793=CARTESIAN_POINT('',(-0.183,0.099,-0.0325));
#12794=CARTESIAN_POINT('',(-0.183,0.099,-0.0165));
#12795=CARTESIAN_POINT('',(-0.183,0.099,-0.0165));
#12796=CARTESIAN_POINT('',(-0.167,0.099,-0.0325));
#12797=CARTESIAN_POINT('',(-0.167,0.,-0.0325));
#12798=CARTESIAN_POINT('',(-0.167,0.,-0.0325));
#12799=CARTESIAN_POINT('',(-0.167,0.099,-0.0325));
#12800=CARTESIAN_POINT('',(-0.167,0.099,-0.0325));
#12801=CARTESIAN_POINT('',(-0.167,0.099,-0.0325));
#12802=CARTESIAN_POINT('',(-0.167,0.099,-0.0165));
#12803=CARTESIAN_POINT('',(-0.167,0.,-0.0165));
#12804=CARTESIAN_POINT('',(-0.167,0.,-0.0165));
#12805=CARTESIAN_POINT('',(-0.167,0.099,-0.0165));
#12806=CARTESIAN_POINT('',(-0.167,0.099,-0.0165));
#12807=CARTESIAN_POINT('',(-0.167,0.099,-0.0165));
#12808=CARTESIAN_POINT('',(-0.183,0.099,0.0175));
#12809=CARTESIAN_POINT('',(-0.183,0.,0.0175));
#12810=CARTESIAN_POINT('',(-0.183,0.,0.0175));
#12811=CARTESIAN_POINT('',(-0.183,0.,0.0335));
#12812=CARTESIAN_POINT('',(-0.183,0.099,0.0175));
#12813=CARTESIAN_POINT('',(-0.183,0.099,0.0175));
#12814=CARTESIAN_POINT('',(-0.183,0.099,0.0175));
#12815=CARTESIAN_POINT('',(-0.183,0.099,0.0335));
#12816=CARTESIAN_POINT('',(-0.183,0.099,0.0335));
#12817=CARTESIAN_POINT('',(-0.167,0.099,0.0175));
#12818=CARTESIAN_POINT('',(-0.167,0.,0.0175));
#12819=CARTESIAN_POINT('',(-0.167,0.,0.0175));
#12820=CARTESIAN_POINT('',(-0.167,0.099,0.0175));
#12821=CARTESIAN_POINT('',(-0.167,0.099,0.0175));
#12822=CARTESIAN_POINT('',(-0.167,0.099,0.0175));
#12823=CARTESIAN_POINT('',(-0.167,0.099,0.0335));
#12824=CARTESIAN_POINT('',(-0.167,0.,0.0335));
#12825=CARTESIAN_POINT('',(-0.167,0.,0.0335));
#12826=CARTESIAN_POINT('',(-0.167,0.099,0.0335));
#12827=CARTESIAN_POINT('',(-0.167,0.099,0.0335));
#12828=CARTESIAN_POINT('',(-0.167,0.099,0.0335));
#12829=CARTESIAN_POINT('',(-0.233,0.099,-0.0325));
#12830=CARTESIAN_POINT('',(-0.233,0.,-0.0325));
#12831=CARTESIAN_POINT('',(-0.233,0.,-0.0325));
#12832=CARTESIAN_POINT('',(-0.233,0.,-0.0165));
#12833=CARTESIAN_POINT('',(-0.233,0.099,-0.0325));
#12834=CARTESIAN_POINT('',(-0.233,0.099,-0.0325));
#12835=CARTESIAN_POINT('',(-0.233,0.099,-0.0325));
#12836=CARTESIAN_POINT('',(-0.233,0.099,-0.0165));
#12837=CARTESIAN_POINT('',(-0.233,0.099,-0.0165));
#12838=CARTESIAN_POINT('',(-0.217,0.099,-0.0325));
#12839=CARTESIAN_POINT('',(-0.217,0.,-0.0325));
#12840=CARTESIAN_POINT('',(-0.217,0.,-0.0325));
#12841=CARTESIAN_POINT('',(-0.217,0.099,-0.0325));
#12842=CARTESIAN_POINT('',(-0.217,0.099,-0.0325));
#12843=CARTESIAN_POINT('',(-0.217,0.099,-0.0325));
#12844=CARTESIAN_POINT('',(-0.217,0.099,-0.0165));
#12845=CARTESIAN_POINT('',(-0.217,0.,-0.0165));
#12846=CARTESIAN_POINT('',(-0.217,0.,-0.0165));
#12847=CARTESIAN_POINT('',(-0.217,0.099,-0.0165));
#12848=CARTESIAN_POINT('',(-0.217,0.099,-0.0165));
#12849=CARTESIAN_POINT('',(-0.217,0.099,-0.0165));
#12850=CARTESIAN_POINT('',(-0.233,0.099,0.0175));
#12851=CARTESIAN_POINT('',(-0.233,0.,0.0175));
#12852=CARTESIAN_POINT('',(-0.233,0.,0.0175));
#12853=CARTESIAN_POINT('',(-0.233,0.,0.0335));
#12854=CARTESIAN_POINT('',(-0.233,0.099,0.0175));
#12855=CARTESIAN_POINT('',(-0.233,0.099,0.0175));
#12856=CARTESIAN_POINT('',(-0.233,0.099,0.0175));
#12857=CARTESIAN_POINT('',(-0.233,0.099,0.0335));
#12858=CARTESIAN_POINT('',(-0.233,0.099,0.0335));
#12859=CARTESIAN_POINT('',(-0.217,0.099,0.0175));
#12860=CARTESIAN_POINT('',(-0.217,0.,0.0175));
#12861=CARTESIAN_POINT('',(-0.217,0.,0.0175));
#12862=CARTESIAN_POINT('',(-0.217,0.099,0.0175));
#12863=CARTESIAN_POINT('',(-0.217,0.099,0.0175));
#12864=CARTESIAN_POINT('',(-0.217,0.099,0.0175));
#12865=CARTESIAN_POINT('',(-0.217,0.099,0.0335));
#12866=CARTESIAN_POINT('',(-0.217,0.,0.0335));
#12867=CARTESIAN_POINT('',(-0.217,0.,0.0335));
#12868=CARTESIAN_POINT('',(-0.217,0.099,0.0335));
#12869=CARTESIAN_POINT('',(-0.217,0.099,0.0335));
#12870=CARTESIAN_POINT('',(-0.217,0.099,0.0335));
#12871=CARTESIAN_POINT('',(0.217,0.099,-0.0165));
#12872=CARTESIAN_POINT('',(0.217,0.,-0.0165));
#12873=CARTESIAN_POINT('',(0.217,0.099,-0.0165));
#12874=CARTESIAN_POINT('',(0.217,0.099,0.0335));
#12875=CARTESIAN_POINT('',(0.217,0.,0.0335));
#12876=CARTESIAN_POINT('',(0.217,0.099,0.0335));
#12877=CARTESIAN_POINT('',(0.167,0.099,-0.0165));
#12878=CARTESIAN_POINT('',(0.167,0.,-0.0165));
#12879=CARTESIAN_POINT('',(0.167,0.099,-0.0165));
#12880=CARTESIAN_POINT('',(0.167,0.099,0.0335));
#12881=CARTESIAN_POINT('',(0.167,0.,0.0335));
#12882=CARTESIAN_POINT('',(0.167,0.099,0.0335));
#12883=CARTESIAN_POINT('',(0.117,0.099,-0.0165));
#12884=CARTESIAN_POINT('',(0.117,0.,-0.0165));
#12885=CARTESIAN_POINT('',(0.117,0.099,-0.0165));
#12886=CARTESIAN_POINT('',(0.117,0.099,0.0335));
#12887=CARTESIAN_POINT('',(0.117,0.,0.0335));
#12888=CARTESIAN_POINT('',(0.117,0.099,0.0335));
#12889=CARTESIAN_POINT('',(-0.133,0.099,-0.0165));
#12890=CARTESIAN_POINT('',(-0.133,0.,-0.0165));
#12891=CARTESIAN_POINT('',(-0.133,0.099,-0.0165));
#12892=CARTESIAN_POINT('',(-0.133,0.099,0.0335));
#12893=CARTESIAN_POINT('',(-0.133,0.,0.0335));
#12894=CARTESIAN_POINT('',(-0.133,0.099,0.0335));
#12895=CARTESIAN_POINT('',(-0.183,0.099,-0.0165));
#12896=CARTESIAN_POINT('',(-0.183,0.,-0.0165));
#12897=CARTESIAN_POINT('',(-0.183,0.099,-0.0165));
#12898=CARTESIAN_POINT('',(-0.183,0.099,0.0335));
#12899=CARTESIAN_POINT('',(-0.183,0.,0.0335));
#12900=CARTESIAN_POINT('',(-0.183,0.099,0.0335));
#12901=CARTESIAN_POINT('',(-0.233,0.099,-0.0165));
#12902=CARTESIAN_POINT('',(-0.233,0.,-0.0165));
#12903=CARTESIAN_POINT('',(-0.233,0.099,-0.0165));
#12904=CARTESIAN_POINT('',(-0.233,0.099,0.0335));
#12905=CARTESIAN_POINT('',(-0.233,0.,0.0335));
#12906=CARTESIAN_POINT('',(-0.233,0.099,0.0335));
#12907=CARTESIAN_POINT('',(0.25,0.099,-0.0675));
#12908=CARTESIAN_POINT('',(0.25,0.0745,-0.067500000000002));
#12909=CARTESIAN_POINT('',(0.1,0.0745,-0.067500000000002));
#12910=CARTESIAN_POINT('',(0.1,0.225,-0.0675));
#12911=CARTESIAN_POINT('',(0.1,0.099,-0.0675));
#12912=CARTESIAN_POINT('',(0.25,0.099,-0.0675));
#12913=CARTESIAN_POINT('',(0.,0.099,0.));
#12914=CARTESIAN_POINT('',(-0.0425,0.099,0.2925));
#12915=CARTESIAN_POINT('',(0.0425,0.099,0.2925));
#12916=CARTESIAN_POINT('',(0.,0.099,-0.0675));
#12917=CARTESIAN_POINT('',(0.,0.,0.));
#12918=CARTESIAN_POINT('',(0.100000000000005,0.,-0.1));
#12919=CARTESIAN_POINT('',(-0.1,0.,0.1));
#12920=CARTESIAN_POINT('',(-0.1,0.,0.1));
#12921=CARTESIAN_POINT('',(-0.1,0.,-0.1));
#12922=CARTESIAN_POINT('',(-0.1,0.,-0.1));
#12923=CARTESIAN_POINT('',(0.100000000000005,0.,-0.1));
#12924=CARTESIAN_POINT('',(0.100000000000005,0.,-0.1));
#12925=CARTESIAN_POINT('',(0.25,0.0745,0.0575));
#12926=CARTESIAN_POINT('',(0.25,0.0245,0.0575));
#12927=CARTESIAN_POINT('',(0.25,0.0745,0.0575));
#12928=CARTESIAN_POINT('',(0.25,0.0245,0.0575));
#12929=CARTESIAN_POINT('',(0.25,0.0245,0.0675));
#12930=CARTESIAN_POINT('',(0.25,0.0745,0.067500000000002));
#12931=CARTESIAN_POINT('',(0.25,0.0745,0.0675));
#12932=CARTESIAN_POINT('',(0.25,0.0245,-0.067500000000002));
#12933=CARTESIAN_POINT('',(0.25,0.0245,-0.0575));
#12934=CARTESIAN_POINT('',(0.25,0.0245,-0.0675));
#12935=CARTESIAN_POINT('',(0.25,0.0245,-0.0575));
#12936=CARTESIAN_POINT('',(0.25,0.0745,-0.0575));
#12937=CARTESIAN_POINT('',(0.25,0.0745,-0.0575));
#12938=CARTESIAN_POINT('',(0.25,0.0745,-0.0675));
#12939=CARTESIAN_POINT('',(0.,0.005,0.));
#12940=CARTESIAN_POINT('',(0.,0.005,0.));
#12941=CARTESIAN_POINT('',(0.,0.005,0.));
#12942=CARTESIAN_POINT('',(0.,0.005,0.));
#12943=CARTESIAN_POINT('',(0.,0.005,0.));
#12944=CARTESIAN_POINT('',(0.,0.005,0.));
#12945=CARTESIAN_POINT('',(0.,0.005,0.));
#12946=CARTESIAN_POINT('',(0.,0.005,0.));
#12947=CARTESIAN_POINT('',(0.100000000000005,0.005,-0.1));
#12948=CARTESIAN_POINT('',(0.1,0.225,0.0675));
#12949=CARTESIAN_POINT('',(-0.1,0.005,0.1));
#12950=CARTESIAN_POINT('',(-0.1,0.225,0.0675));
#12951=CARTESIAN_POINT('',(-0.1,0.005,0.1));
#12952=CARTESIAN_POINT('',(-0.1,0.225,-0.0675));
#12953=CARTESIAN_POINT('',(-0.1,0.225,-0.0675));
#12954=CARTESIAN_POINT('',(-0.1,0.225,-0.0675));
#12955=CARTESIAN_POINT('',(-0.1,0.225,-0.0675));
#12956=CARTESIAN_POINT('',(-0.1,0.225,-0.1));
#12957=CARTESIAN_POINT('',(-0.1,0.005,-0.1));
#12958=CARTESIAN_POINT('',(0.100000000000005,0.005,-0.1));
#12959=CARTESIAN_POINT('',(0.100000000000005,0.005,-0.1));
#12960=CARTESIAN_POINT('',(0.1,0.225,-0.1));
#12961=CARTESIAN_POINT('',(0.1,0.225,-0.1));
#12962=CARTESIAN_POINT('',(0.1,0.225,-0.0675));
#12963=CARTESIAN_POINT('',(0.1,0.225,-0.0675));
#12964=CARTESIAN_POINT('',(0.1,0.225,-0.0675));
#12965=CARTESIAN_POINT('',(-0.1,0.005,-0.1));
#12966=CARTESIAN_POINT('',(-0.1,0.225,-0.1));
#12967=CARTESIAN_POINT('',(0.1,0.225,-0.0675));
#12968=CARTESIAN_POINT('',(0.1,0.225,-0.0675));
#12969=CARTESIAN_POINT('',(0.1,0.225,-0.0675));
#12970=CARTESIAN_POINT('',(0.,0.225,0.));
#12971=CARTESIAN_POINT('',(-0.1,0.225,0.0675));
#12972=CARTESIAN_POINT('',(-0.0525,0.225,0.2925));
#12973=CARTESIAN_POINT('',(-0.0425,0.205,0.2925));
#12974=CARTESIAN_POINT('',(-0.0425,0.205,0.2925));
#12975=CARTESIAN_POINT('',(0.0425,0.099,0.2925));
#12976=CARTESIAN_POINT('',(0.0425,0.205,0.2925));
#12977=CARTESIAN_POINT('',(0.0425,0.205,0.2925));
#12978=CARTESIAN_POINT('',(0.,0.,0.));
#12979=CARTESIAN_POINT('',(0.233,0.05,0.));
#12980=CARTESIAN_POINT('',(0.233,0.075242424242422,0.016999999999999));
#12981=CARTESIAN_POINT('',(-0.083,0.0752424242424223,0.0169999999999991));
#12982=CARTESIAN_POINT('',(-0.067,0.0752424242424223,0.0169999999999991));
#12983=CARTESIAN_POINT('',(-0.083,0.05,0.));
#12984=CARTESIAN_POINT('',(-0.083,0.089,0.0262653061224498));
#12985=CARTESIAN_POINT('',(0.233,0.089,0.0262653061224498));
#12986=CARTESIAN_POINT('',(-0.117,0.089,0.0262653061224498));
#12987=CARTESIAN_POINT('',(-0.117,0.05,0.));
#12988=CARTESIAN_POINT('',(-0.117,0.099,0.033000000000001));
#12989=CARTESIAN_POINT('',(0.233,0.099,0.033000000000001));
#12990=CARTESIAN_POINT('',(-0.133,0.099,0.033000000000001));
#12991=CARTESIAN_POINT('',(-0.133,0.05,0.));
#12992=CARTESIAN_POINT('',(-0.133,0.089,0.0262653061224497));
#12993=CARTESIAN_POINT('',(0.233,0.089,0.0262653061224498));
#12994=CARTESIAN_POINT('',(-0.167,0.089,0.0262653061224498));
#12995=CARTESIAN_POINT('',(-0.167,0.05,0.));
#12996=CARTESIAN_POINT('',(-0.167,0.099,0.033000000000001));
#12997=CARTESIAN_POINT('',(0.233,0.099,0.033000000000001));
#12998=CARTESIAN_POINT('',(-0.183,0.099,0.033000000000001));
#12999=CARTESIAN_POINT('',(-0.183,0.05,0.));
#13000=CARTESIAN_POINT('',(-0.183,0.089,0.0262653061224497));
#13001=CARTESIAN_POINT('',(0.233,0.089,0.0262653061224498));
#13002=CARTESIAN_POINT('',(-0.217,0.089,0.0262653061224498));
#13003=CARTESIAN_POINT('',(-0.217,0.05,0.));
#13004=CARTESIAN_POINT('',(-0.217,0.099,0.033000000000001));
#13005=CARTESIAN_POINT('',(0.233,0.099,0.033000000000001));
#13006=CARTESIAN_POINT('',(-0.233,0.099,0.033000000000001));
#13007=CARTESIAN_POINT('',(-0.233,0.05,0.));
#13008=CARTESIAN_POINT('',(-0.233,0.05,0.));
#13009=CARTESIAN_POINT('',(0.233,0.05,0.));
#13010=CARTESIAN_POINT('',(0.233,0.05,0.));
#13011=CARTESIAN_POINT('',(0.233,0.05,0.));
#13012=CARTESIAN_POINT('',(0.233,0.099,0.033000000000001));
#13013=CARTESIAN_POINT('',(0.233,0.099,0.033000000000001));
#13014=CARTESIAN_POINT('',(0.217,0.099,0.033000000000001));
#13015=CARTESIAN_POINT('',(0.217,0.05,0.));
#13016=CARTESIAN_POINT('',(0.217,0.089,0.0262653061224497));
#13017=CARTESIAN_POINT('',(0.233,0.089,0.0262653061224498));
#13018=CARTESIAN_POINT('',(0.183,0.089,0.0262653061224498));
#13019=CARTESIAN_POINT('',(0.183,0.05,0.));
#13020=CARTESIAN_POINT('',(0.183,0.099,0.033000000000001));
#13021=CARTESIAN_POINT('',(0.233,0.099,0.033000000000001));
#13022=CARTESIAN_POINT('',(0.167,0.099,0.033000000000001));
#13023=CARTESIAN_POINT('',(0.167,0.05,0.));
#13024=CARTESIAN_POINT('',(0.167,0.089,0.0262653061224497));
#13025=CARTESIAN_POINT('',(0.233,0.089,0.0262653061224498));
#13026=CARTESIAN_POINT('',(0.133,0.089,0.0262653061224498));
#13027=CARTESIAN_POINT('',(0.133,0.05,0.));
#13028=CARTESIAN_POINT('',(0.133,0.099,0.033000000000001));
#13029=CARTESIAN_POINT('',(0.233,0.099,0.033000000000001));
#13030=CARTESIAN_POINT('',(0.117,0.099,0.033000000000001));
#13031=CARTESIAN_POINT('',(0.117,0.05,0.));
#13032=CARTESIAN_POINT('',(0.117,0.089,0.0262653061224497));
#13033=CARTESIAN_POINT('',(0.233,0.089,0.0262653061224498));
#13034=CARTESIAN_POINT('',(0.0829999999999999,0.089,0.0262653061224498));
#13035=CARTESIAN_POINT('',(0.0829999999999999,0.05,0.));
#13036=CARTESIAN_POINT('',(0.0829999999999999,0.099,0.033000000000001));
#13037=CARTESIAN_POINT('',(0.233,0.099,0.033000000000001));
#13038=CARTESIAN_POINT('',(0.067,0.099,0.033000000000001));
#13039=CARTESIAN_POINT('',(0.067,0.05,0.));
#13040=CARTESIAN_POINT('',(0.0669999999999999,0.089,0.0262653061224497));
#13041=CARTESIAN_POINT('',(0.233,0.089,0.0262653061224498));
#13042=CARTESIAN_POINT('',(0.0329999999999999,0.089,0.0262653061224498));
#13043=CARTESIAN_POINT('',(0.0329999999999999,0.05,0.));
#13044=CARTESIAN_POINT('',(0.0329999999999999,0.099,0.033000000000001));
#13045=CARTESIAN_POINT('',(0.233,0.099,0.033000000000001));
#13046=CARTESIAN_POINT('',(0.0169999999999999,0.099,0.033000000000001));
#13047=CARTESIAN_POINT('',(0.0169999999999999,0.05,0.));
#13048=CARTESIAN_POINT('',(0.017,0.089,0.0262653061224497));
#13049=CARTESIAN_POINT('',(0.233,0.089,0.0262653061224498));
#13050=CARTESIAN_POINT('',(-0.017,0.089,0.0262653061224498));
#13051=CARTESIAN_POINT('',(-0.017,0.05,0.));
#13052=CARTESIAN_POINT('',(-0.017,0.099,0.033000000000001));
#13053=CARTESIAN_POINT('',(0.233,0.099,0.033000000000001));
#13054=CARTESIAN_POINT('',(-0.033,0.099,0.033000000000001));
#13055=CARTESIAN_POINT('',(-0.033,0.05,0.));
#13056=CARTESIAN_POINT('',(-0.033,0.089,0.0262653061224497));
#13057=CARTESIAN_POINT('',(0.233,0.089,0.0262653061224498));
#13058=CARTESIAN_POINT('',(-0.067,0.089,0.0262653061224498));
#13059=CARTESIAN_POINT('',(-0.067,0.05,0.));
#13060=CARTESIAN_POINT('',(0.233,0.21,-0.032999999999998));
#13061=CARTESIAN_POINT('',(-0.217,0.21,-0.032999999999998));
#13062=CARTESIAN_POINT('',(-0.217,0.099,-0.032999999999998));
#13063=CARTESIAN_POINT('',(-0.217,0.21,-0.0329999999999979));
#13064=CARTESIAN_POINT('',(0.233,0.099,-0.032999999999998));
#13065=CARTESIAN_POINT('',(-0.233,0.099,-0.032999999999998));
#13066=CARTESIAN_POINT('',(-0.233,0.21,-0.032999999999998));
#13067=CARTESIAN_POINT('',(-0.233,0.21,-0.032999999999998));
#13068=CARTESIAN_POINT('',(0.233,0.21,-0.032999999999998));
#13069=CARTESIAN_POINT('',(0.233,0.21,-0.032999999999998));
#13070=CARTESIAN_POINT('',(-0.183,0.21,-0.032999999999998));
#13071=CARTESIAN_POINT('',(-0.183,0.21,-0.032999999999998));
#13072=CARTESIAN_POINT('',(-0.183,0.099,-0.032999999999998));
#13073=CARTESIAN_POINT('',(0.233,0.21,-0.032999999999998));
#13074=CARTESIAN_POINT('',(-0.167,0.21,-0.032999999999998));
#13075=CARTESIAN_POINT('',(-0.167,0.21,-0.032999999999998));
#13076=CARTESIAN_POINT('',(-0.167,0.099,-0.032999999999998));
#13077=CARTESIAN_POINT('',(0.233,0.099,-0.032999999999998));
#13078=CARTESIAN_POINT('',(0.233,0.21,-0.032999999999998));
#13079=CARTESIAN_POINT('',(-0.133,0.21,-0.032999999999998));
#13080=CARTESIAN_POINT('',(-0.133,0.21,-0.0329999999999981));
#13081=CARTESIAN_POINT('',(-0.133,0.099,-0.032999999999998));
#13082=CARTESIAN_POINT('',(0.233,0.21,-0.032999999999998));
#13083=CARTESIAN_POINT('',(-0.117,0.21,-0.0329999999999981));
#13084=CARTESIAN_POINT('',(-0.117,0.21,-0.032999999999998));
#13085=CARTESIAN_POINT('',(-0.117,0.099,-0.032999999999998));
#13086=CARTESIAN_POINT('',(0.233,0.099,-0.032999999999998));
#13087=CARTESIAN_POINT('',(0.233,0.21,-0.032999999999998));
#13088=CARTESIAN_POINT('',(-0.083,0.21,-0.032999999999998));
#13089=CARTESIAN_POINT('',(-0.083,0.21,-0.0329999999999981));
#13090=CARTESIAN_POINT('',(-0.083,0.099,-0.032999999999998));
#13091=CARTESIAN_POINT('',(0.233,0.21,-0.032999999999998));
#13092=CARTESIAN_POINT('',(-0.067,0.21,-0.032999999999998));
#13093=CARTESIAN_POINT('',(-0.067,0.21,-0.032999999999998));
#13094=CARTESIAN_POINT('',(-0.067,0.099,-0.032999999999998));
#13095=CARTESIAN_POINT('',(0.233,0.099,-0.032999999999998));
#13096=CARTESIAN_POINT('',(0.233,0.21,-0.032999999999998));
#13097=CARTESIAN_POINT('',(-0.033,0.21,-0.032999999999998));
#13098=CARTESIAN_POINT('',(-0.033,0.21,-0.032999999999998));
#13099=CARTESIAN_POINT('',(-0.033,0.099,-0.032999999999998));
#13100=CARTESIAN_POINT('',(0.233,0.21,-0.032999999999998));
#13101=CARTESIAN_POINT('',(-0.0170000000000001,0.21,-0.032999999999998));
#13102=CARTESIAN_POINT('',(-0.017,0.21,-0.032999999999998));
#13103=CARTESIAN_POINT('',(-0.017,0.099,-0.032999999999998));
#13104=CARTESIAN_POINT('',(0.233,0.099,-0.032999999999998));
#13105=CARTESIAN_POINT('',(0.233,0.21,-0.032999999999998));
#13106=CARTESIAN_POINT('',(0.0169999999999999,0.21,-0.032999999999998));
#13107=CARTESIAN_POINT('',(0.0169999999999999,0.21,-0.0329999999999981));
#13108=CARTESIAN_POINT('',(0.0169999999999999,0.099,-0.032999999999998));
#13109=CARTESIAN_POINT('',(0.233,0.21,-0.032999999999998));
#13110=CARTESIAN_POINT('',(0.0329999999999999,0.21,-0.032999999999998));
#13111=CARTESIAN_POINT('',(0.0329999999999999,0.21,-0.032999999999998));
#13112=CARTESIAN_POINT('',(0.0329999999999999,0.099,-0.032999999999998));
#13113=CARTESIAN_POINT('',(0.233,0.099,-0.032999999999998));
#13114=CARTESIAN_POINT('',(0.233,0.21,-0.032999999999998));
#13115=CARTESIAN_POINT('',(0.067,0.21,-0.032999999999998));
#13116=CARTESIAN_POINT('',(0.0669999999999999,0.21,-0.032999999999998));
#13117=CARTESIAN_POINT('',(0.067,0.099,-0.032999999999998));
#13118=CARTESIAN_POINT('',(0.233,0.21,-0.032999999999998));
#13119=CARTESIAN_POINT('',(0.083,0.21,-0.032999999999998));
#13120=CARTESIAN_POINT('',(0.0829999999999999,0.21,-0.032999999999998));
#13121=CARTESIAN_POINT('',(0.0829999999999999,0.099,-0.032999999999998));
#13122=CARTESIAN_POINT('',(0.233,0.099,-0.032999999999998));
#13123=CARTESIAN_POINT('',(0.233,0.21,-0.032999999999998));
#13124=CARTESIAN_POINT('',(0.117,0.21,-0.032999999999998));
#13125=CARTESIAN_POINT('',(0.117,0.21,-0.0329999999999981));
#13126=CARTESIAN_POINT('',(0.117,0.099,-0.032999999999998));
#13127=CARTESIAN_POINT('',(0.233,0.21,-0.032999999999998));
#13128=CARTESIAN_POINT('',(0.133,0.21,-0.0329999999999981));
#13129=CARTESIAN_POINT('',(0.133,0.21,-0.032999999999998));
#13130=CARTESIAN_POINT('',(0.133,0.099,-0.032999999999998));
#13131=CARTESIAN_POINT('',(0.233,0.099,-0.032999999999998));
#13132=CARTESIAN_POINT('',(0.233,0.21,-0.032999999999998));
#13133=CARTESIAN_POINT('',(0.167,0.21,-0.032999999999998));
#13134=CARTESIAN_POINT('',(0.167,0.21,-0.032999999999998));
#13135=CARTESIAN_POINT('',(0.167,0.099,-0.032999999999998));
#13136=CARTESIAN_POINT('',(0.233,0.21,-0.032999999999998));
#13137=CARTESIAN_POINT('',(0.183,0.21,-0.032999999999998));
#13138=CARTESIAN_POINT('',(0.183,0.21,-0.032999999999998));
#13139=CARTESIAN_POINT('',(0.183,0.099,-0.032999999999998));
#13140=CARTESIAN_POINT('',(0.233,0.099,-0.032999999999998));
#13141=CARTESIAN_POINT('',(0.233,0.099,0.033000000000001));
#13142=CARTESIAN_POINT('',(-0.217,0.099,0.033000000000001));
#13143=CARTESIAN_POINT('',(-0.217,0.21,0.0330000000000011));
#13144=CARTESIAN_POINT('',(0.233,0.21,0.033000000000001));
#13145=CARTESIAN_POINT('',(-0.233,0.21,0.033000000000001));
#13146=CARTESIAN_POINT('',(-0.233,0.099,0.033000000000001));
#13147=CARTESIAN_POINT('',(0.233,0.099,0.033000000000001));
#13148=CARTESIAN_POINT('',(-0.183,0.099,0.033000000000001));
#13149=CARTESIAN_POINT('',(-0.183,0.21,0.0330000000000011));
#13150=CARTESIAN_POINT('',(-0.167,0.099,0.033000000000001));
#13151=CARTESIAN_POINT('',(-0.167,0.21,0.0330000000000009));
#13152=CARTESIAN_POINT('',(0.233,0.21,0.033000000000001));
#13153=CARTESIAN_POINT('',(0.233,0.099,0.033000000000001));
#13154=CARTESIAN_POINT('',(-0.133,0.099,0.033000000000001));
#13155=CARTESIAN_POINT('',(-0.133,0.21,0.033000000000001));
#13156=CARTESIAN_POINT('',(-0.117,0.099,0.033000000000001));
#13157=CARTESIAN_POINT('',(-0.117,0.21,0.033000000000001));
#13158=CARTESIAN_POINT('',(0.233,0.21,0.033000000000001));
#13159=CARTESIAN_POINT('',(0.233,0.099,0.033000000000001));
#13160=CARTESIAN_POINT('',(-0.033,0.099,0.033000000000001));
#13161=CARTESIAN_POINT('',(-0.033,0.21,0.0330000000000011));
#13162=CARTESIAN_POINT('',(-0.017,0.099,0.033000000000001));
#13163=CARTESIAN_POINT('',(-0.017,0.21,0.0330000000000011));
#13164=CARTESIAN_POINT('',(0.233,0.21,0.033000000000001));
#13165=CARTESIAN_POINT('',(0.233,0.099,0.033000000000001));
#13166=CARTESIAN_POINT('',(0.0169999999999999,0.099,0.033000000000001));
#13167=CARTESIAN_POINT('',(0.017,0.21,0.033000000000001));
#13168=CARTESIAN_POINT('',(0.0329999999999999,0.099,0.033000000000001));
#13169=CARTESIAN_POINT('',(0.033,0.21,0.0330000000000011));
#13170=CARTESIAN_POINT('',(0.233,0.21,0.033000000000001));
#13171=CARTESIAN_POINT('',(0.233,0.099,0.033000000000001));
#13172=CARTESIAN_POINT('',(0.067,0.099,0.033000000000001));
#13173=CARTESIAN_POINT('',(0.0669999999999999,0.21,0.0330000000000011));
#13174=CARTESIAN_POINT('',(0.0829999999999999,0.099,0.033000000000001));
#13175=CARTESIAN_POINT('',(0.083,0.21,0.0330000000000011));
#13176=CARTESIAN_POINT('',(0.233,0.21,0.033000000000001));
#13177=CARTESIAN_POINT('',(0.233,0.099,0.033000000000001));
#13178=CARTESIAN_POINT('',(0.117,0.099,0.033000000000001));
#13179=CARTESIAN_POINT('',(0.117,0.21,0.033000000000001));
#13180=CARTESIAN_POINT('',(0.133,0.099,0.033000000000001));
#13181=CARTESIAN_POINT('',(0.133,0.21,0.033000000000001));
#13182=CARTESIAN_POINT('',(0.233,0.21,0.033000000000001));
#13183=CARTESIAN_POINT('',(0.233,0.099,0.033000000000001));
#13184=CARTESIAN_POINT('',(0.167,0.099,0.033000000000001));
#13185=CARTESIAN_POINT('',(0.167,0.21,0.0330000000000011));
#13186=CARTESIAN_POINT('',(0.183,0.099,0.033000000000001));
#13187=CARTESIAN_POINT('',(0.183,0.21,0.0330000000000009));
#13188=CARTESIAN_POINT('',(0.233,0.21,0.033000000000001));
#13189=CARTESIAN_POINT('',(0.233,0.21,0.033000000000001));
#13190=CARTESIAN_POINT('',(-0.139799999999898,0.37142713526549,-0.0602000000000284));
#13191=CARTESIAN_POINT('',(-0.22780384757729,0.219,0.027803847577295));
#13192=CARTESIAN_POINT('',(-0.126999999999903,0.054115427318733,0.123000000000029));
#13193=CARTESIAN_POINT('',(-0.22219615242271,0.219,0.027803847577295));
#13194=CARTESIAN_POINT('',(0.233,0.219,0.027803847577295));
#13195=CARTESIAN_POINT('',(0.233,0.21,0.033000000000001));
#13196=CARTESIAN_POINT('',(-0.09979999999991,0.354106627189793,-0.050200000000025));
#13197=CARTESIAN_POINT('',(-0.17780384757729,0.219,0.027803847577295));
#13198=CARTESIAN_POINT('',(-0.0869999999999144,0.0714359353944299,0.113000000000026));
#13199=CARTESIAN_POINT('',(-0.17219615242271,0.219,0.027803847577295));
#13200=CARTESIAN_POINT('',(0.233,0.219,0.027803847577295));
#13201=CARTESIAN_POINT('',(0.233,0.21,0.033000000000001));
#13202=CARTESIAN_POINT('',(-0.0597999999999213,0.336786119114097,-0.0402000000000217));
#13203=CARTESIAN_POINT('',(-0.12780384757729,0.219,0.027803847577295));
#13204=CARTESIAN_POINT('',(-0.0469999999999248,0.0887564434701259,0.103000000000023));
#13205=CARTESIAN_POINT('',(-0.12219615242271,0.219,0.027803847577295));
#13206=CARTESIAN_POINT('',(0.233,0.219,0.027803847577295));
#13207=CARTESIAN_POINT('',(0.233,0.21,0.033000000000001));
#13208=CARTESIAN_POINT('',(0.0202000000000574,0.302145102962704,-0.0202000000000156));
#13209=CARTESIAN_POINT('',(-0.02780384757729,0.219,0.027803847577295));
#13210=CARTESIAN_POINT('',(0.0330000000000539,0.123397459621518,0.0830000000000166));
#13211=CARTESIAN_POINT('',(-0.02219615242271,0.219,0.027803847577295));
#13212=CARTESIAN_POINT('',(0.233,0.219,0.027803847577295));
#13213=CARTESIAN_POINT('',(0.233,0.21,0.033000000000001));
#13214=CARTESIAN_POINT('',(0.0602000000000465,0.284824594887008,-0.0102000000000125));
#13215=CARTESIAN_POINT('',(0.0221961524227099,0.219,0.027803847577295));
#13216=CARTESIAN_POINT('',(0.0730000000000431,0.140717967697215,0.0730000000000135));
#13217=CARTESIAN_POINT('',(0.02780384757729,0.219,0.027803847577295));
#13218=CARTESIAN_POINT('',(0.233,0.219,0.027803847577295));
#13219=CARTESIAN_POINT('',(0.233,0.21,0.033000000000001));
#13220=CARTESIAN_POINT('',(0.100200000000036,0.267504086811312,-0.000200000000009343));
#13221=CARTESIAN_POINT('',(0.0721961524227099,0.219,0.027803847577295));
#13222=CARTESIAN_POINT('',(0.113000000000032,0.158038475772911,0.0630000000000104));
#13223=CARTESIAN_POINT('',(0.0778038475772899,0.219,0.027803847577295));
#13224=CARTESIAN_POINT('',(0.233,0.219,0.027803847577295));
#13225=CARTESIAN_POINT('',(0.233,0.21,0.033000000000001));
#13226=CARTESIAN_POINT('',(0.140200000000025,0.250183578735615,0.00979999999999379));
#13227=CARTESIAN_POINT('',(0.12219615242271,0.219,0.027803847577295));
#13228=CARTESIAN_POINT('',(0.153000000000021,0.175358983848607,0.0530000000000072));
#13229=CARTESIAN_POINT('',(0.12780384757729,0.219,0.027803847577295));
#13230=CARTESIAN_POINT('',(0.233,0.219,0.027803847577295));
#13231=CARTESIAN_POINT('',(0.233,0.21,0.033000000000001));
#13232=CARTESIAN_POINT('',(0.180200000000014,0.232863070659919,0.0197999999999969));
#13233=CARTESIAN_POINT('',(0.17219615242271,0.219,0.027803847577295));
#13234=CARTESIAN_POINT('',(0.193000000000011,0.192679491924304,0.0430000000000041));
#13235=CARTESIAN_POINT('',(0.17780384757729,0.219,0.027803847577295));
#13236=CARTESIAN_POINT('',(0.233,0.219,0.027803847577295));
#13237=CARTESIAN_POINT('',(0.233,0.219,0.027803847577295));
#13238=CARTESIAN_POINT('',(-0.22780384757729,0.219,0.5));
#13239=CARTESIAN_POINT('',(-0.22780384757729,0.219,0.022196152422708));
#13240=CARTESIAN_POINT('',(-0.22219615242271,0.219,0.5));
#13241=CARTESIAN_POINT('',(-0.22219615242271,0.219,0.0221961524227081));
#13242=CARTESIAN_POINT('',(0.233,0.219,0.022196152422708));
#13243=CARTESIAN_POINT('',(0.233,0.219,0.027803847577295));
#13244=CARTESIAN_POINT('',(-0.17780384757729,0.219,0.5));
#13245=CARTESIAN_POINT('',(-0.17780384757729,0.219,0.022196152422708));
#13246=CARTESIAN_POINT('',(-0.17219615242271,0.219,0.5));
#13247=CARTESIAN_POINT('',(-0.17219615242271,0.219,0.022196152422708));
#13248=CARTESIAN_POINT('',(0.233,0.219,0.022196152422708));
#13249=CARTESIAN_POINT('',(0.233,0.219,0.027803847577295));
#13250=CARTESIAN_POINT('',(-0.12780384757729,0.219,0.5));
#13251=CARTESIAN_POINT('',(-0.12780384757729,0.219,0.022196152422708));
#13252=CARTESIAN_POINT('',(-0.12219615242271,0.219,0.5));
#13253=CARTESIAN_POINT('',(-0.12219615242271,0.219,0.0221961524227079));
#13254=CARTESIAN_POINT('',(0.233,0.219,0.022196152422708));
#13255=CARTESIAN_POINT('',(0.233,0.219,0.027803847577295));
#13256=CARTESIAN_POINT('',(-0.02780384757729,0.219,0.5));
#13257=CARTESIAN_POINT('',(-0.02780384757729,0.219,0.022196152422708));
#13258=CARTESIAN_POINT('',(-0.02219615242271,0.219,0.5));
#13259=CARTESIAN_POINT('',(-0.02219615242271,0.219,0.022196152422708));
#13260=CARTESIAN_POINT('',(0.233,0.219,0.022196152422708));
#13261=CARTESIAN_POINT('',(0.233,0.219,0.027803847577295));
#13262=CARTESIAN_POINT('',(0.0221961524227099,0.219,0.5));
#13263=CARTESIAN_POINT('',(0.0221961524227099,0.219,0.022196152422708));
#13264=CARTESIAN_POINT('',(0.02780384757729,0.219,0.5));
#13265=CARTESIAN_POINT('',(0.0278038475772899,0.219,0.022196152422708));
#13266=CARTESIAN_POINT('',(0.233,0.219,0.022196152422708));
#13267=CARTESIAN_POINT('',(0.233,0.219,0.027803847577295));
#13268=CARTESIAN_POINT('',(0.0721961524227099,0.219,0.5));
#13269=CARTESIAN_POINT('',(0.0721961524227099,0.219,0.022196152422708));
#13270=CARTESIAN_POINT('',(0.0778038475772899,0.219,0.5));
#13271=CARTESIAN_POINT('',(0.0778038475772899,0.219,0.022196152422708));
#13272=CARTESIAN_POINT('',(0.233,0.219,0.022196152422708));
#13273=CARTESIAN_POINT('',(0.233,0.219,0.027803847577295));
#13274=CARTESIAN_POINT('',(0.12219615242271,0.219,0.5));
#13275=CARTESIAN_POINT('',(0.12219615242271,0.219,0.022196152422708));
#13276=CARTESIAN_POINT('',(0.12780384757729,0.219,0.5));
#13277=CARTESIAN_POINT('',(0.12780384757729,0.219,0.022196152422708));
#13278=CARTESIAN_POINT('',(0.233,0.219,0.022196152422708));
#13279=CARTESIAN_POINT('',(0.233,0.219,0.027803847577295));
#13280=CARTESIAN_POINT('',(0.17219615242271,0.219,0.5));
#13281=CARTESIAN_POINT('',(0.17219615242271,0.219,0.022196152422708));
#13282=CARTESIAN_POINT('',(0.17780384757729,0.219,0.5));
#13283=CARTESIAN_POINT('',(0.17780384757729,0.219,0.022196152422708));
#13284=CARTESIAN_POINT('',(0.233,0.219,0.022196152422708));
#13285=CARTESIAN_POINT('',(0.233,0.219,0.022196152422708));
#13286=CARTESIAN_POINT('',(-0.135643078061738,0.378627135265476,0.114356921938206));
#13287=CARTESIAN_POINT('',(-0.233,0.21,0.017000000000001));
#13288=CARTESIAN_POINT('',(-0.131156921938077,0.0613154273187432,-0.0688430780618729));
#13289=CARTESIAN_POINT('',(-0.217,0.21,0.017000000000001));
#13290=CARTESIAN_POINT('',(0.233,0.21,0.017000000000001));
#13291=CARTESIAN_POINT('',(0.233,0.219,0.022196152422708));
#13292=CARTESIAN_POINT('',(-0.0956430780617495,0.361306627189781,0.104356921938201));
#13293=CARTESIAN_POINT('',(-0.183,0.21,0.017000000000001));
#13294=CARTESIAN_POINT('',(-0.0911569219380874,0.0786359353944387,-0.0588430780618683));
#13295=CARTESIAN_POINT('',(-0.167,0.21,0.017000000000001));
#13296=CARTESIAN_POINT('',(0.233,0.21,0.017000000000001));
#13297=CARTESIAN_POINT('',(0.233,0.219,0.022196152422708));
#13298=CARTESIAN_POINT('',(-0.0556430780617599,0.343986119114085,0.0943569219381967));
#13299=CARTESIAN_POINT('',(-0.133,0.21,0.017000000000001));
#13300=CARTESIAN_POINT('',(-0.051156921938097,0.0959564434701334,-0.0488430780618642));
#13301=CARTESIAN_POINT('',(-0.117,0.21,0.017000000000001));
#13302=CARTESIAN_POINT('',(0.233,0.21,0.017000000000001));
#13303=CARTESIAN_POINT('',(0.233,0.219,0.022196152422708));
#13304=CARTESIAN_POINT('',(0.0243569219382202,0.309345102962695,0.0743569219381882));
#13305=CARTESIAN_POINT('',(-0.033,0.21,0.017000000000001));
#13306=CARTESIAN_POINT('',(0.0288430780618831,0.130597459621523,-0.0288430780618558));
#13307=CARTESIAN_POINT('',(-0.017,0.21,0.017000000000001));
#13308=CARTESIAN_POINT('',(0.233,0.21,0.017000000000001));
#13309=CARTESIAN_POINT('',(0.233,0.219,0.022196152422708));
#13310=CARTESIAN_POINT('',(0.0643569219382102,0.292024594887001,0.064356921938184));
#13311=CARTESIAN_POINT('',(0.0169999999999999,0.21,0.017000000000001));
#13312=CARTESIAN_POINT('',(0.0688430780618731,0.147917967697218,-0.0188430780618515));
#13313=CARTESIAN_POINT('',(0.0329999999999999,0.21,0.017000000000001));
#13314=CARTESIAN_POINT('',(0.233,0.21,0.017000000000001));
#13315=CARTESIAN_POINT('',(0.233,0.219,0.022196152422708));
#13316=CARTESIAN_POINT('',(0.1043569219382,0.274704086811306,0.0543569219381797));
#13317=CARTESIAN_POINT('',(0.067,0.21,0.017000000000001));
#13318=CARTESIAN_POINT('',(0.108843078061863,0.165238475772913,-0.00884307806184726));
#13319=CARTESIAN_POINT('',(0.0829999999999999,0.21,0.017000000000001));
#13320=CARTESIAN_POINT('',(0.233,0.21,0.017000000000001));
#13321=CARTESIAN_POINT('',(0.233,0.219,0.022196152422708));
#13322=CARTESIAN_POINT('',(0.14435692193819,0.257383578735611,0.0443569219381754));
#13323=CARTESIAN_POINT('',(0.117,0.21,0.017000000000001));
#13324=CARTESIAN_POINT('',(0.148843078061853,0.182558983848608,0.00115692193815704));
#13325=CARTESIAN_POINT('',(0.133,0.21,0.017000000000001));
#13326=CARTESIAN_POINT('',(0.233,0.21,0.017000000000001));
#13327=CARTESIAN_POINT('',(0.233,0.219,0.022196152422708));
#13328=CARTESIAN_POINT('',(0.18435692193818,0.240063070659916,0.0343569219381712));
#13329=CARTESIAN_POINT('',(0.167,0.21,0.017000000000001));
#13330=CARTESIAN_POINT('',(0.188843078061843,0.199879491924303,0.0111569219381613));
#13331=CARTESIAN_POINT('',(0.183,0.21,0.017000000000001));
#13332=CARTESIAN_POINT('',(0.233,0.21,0.017000000000001));
#13333=CARTESIAN_POINT('',(0.233,0.21,0.017000000000001));
#13334=CARTESIAN_POINT('',(-0.217,0.21,0.017000000000001));
#13335=CARTESIAN_POINT('',(-0.217,0.089,0.017000000000001));
#13336=CARTESIAN_POINT('',(0.233,0.089,0.017000000000001));
#13337=CARTESIAN_POINT('',(-0.233,0.089,0.017000000000001));
#13338=CARTESIAN_POINT('',(-0.233,0.21,0.017000000000001));
#13339=CARTESIAN_POINT('',(0.233,0.21,0.017000000000001));
#13340=CARTESIAN_POINT('',(-0.183,0.21,0.017000000000001));
#13341=CARTESIAN_POINT('',(-0.183,0.089,0.017000000000001));
#13342=CARTESIAN_POINT('',(-0.167,0.21,0.017000000000001));
#13343=CARTESIAN_POINT('',(-0.167,0.089,0.017000000000001));
#13344=CARTESIAN_POINT('',(0.233,0.089,0.017000000000001));
#13345=CARTESIAN_POINT('',(0.233,0.21,0.017000000000001));
#13346=CARTESIAN_POINT('',(-0.133,0.21,0.017000000000001));
#13347=CARTESIAN_POINT('',(-0.133,0.089,0.017000000000001));
#13348=CARTESIAN_POINT('',(-0.117,0.21,0.017000000000001));
#13349=CARTESIAN_POINT('',(-0.117,0.089,0.017000000000001));
#13350=CARTESIAN_POINT('',(0.233,0.089,0.017000000000001));
#13351=CARTESIAN_POINT('',(0.233,0.21,0.017000000000001));
#13352=CARTESIAN_POINT('',(-0.033,0.21,0.017000000000001));
#13353=CARTESIAN_POINT('',(-0.033,0.089,0.017000000000001));
#13354=CARTESIAN_POINT('',(-0.017,0.21,0.017000000000001));
#13355=CARTESIAN_POINT('',(-0.017,0.089,0.017000000000001));
#13356=CARTESIAN_POINT('',(0.233,0.089,0.017000000000001));
#13357=CARTESIAN_POINT('',(0.233,0.21,0.017000000000001));
#13358=CARTESIAN_POINT('',(0.0169999999999999,0.21,0.017000000000001));
#13359=CARTESIAN_POINT('',(0.017,0.089,0.017000000000001));
#13360=CARTESIAN_POINT('',(0.0329999999999999,0.21,0.017000000000001));
#13361=CARTESIAN_POINT('',(0.0329999999999999,0.089,0.017000000000001));
#13362=CARTESIAN_POINT('',(0.233,0.089,0.017000000000001));
#13363=CARTESIAN_POINT('',(0.233,0.21,0.017000000000001));
#13364=CARTESIAN_POINT('',(0.067,0.21,0.017000000000001));
#13365=CARTESIAN_POINT('',(0.0669999999999999,0.089,0.017000000000001));
#13366=CARTESIAN_POINT('',(0.0829999999999999,0.21,0.017000000000001));
#13367=CARTESIAN_POINT('',(0.0829999999999999,0.089,0.017000000000001));
#13368=CARTESIAN_POINT('',(0.233,0.089,0.017000000000001));
#13369=CARTESIAN_POINT('',(0.233,0.21,0.017000000000001));
#13370=CARTESIAN_POINT('',(0.117,0.21,0.017000000000001));
#13371=CARTESIAN_POINT('',(0.117,0.089,0.017000000000001));
#13372=CARTESIAN_POINT('',(0.133,0.21,0.017000000000001));
#13373=CARTESIAN_POINT('',(0.133,0.089,0.017000000000001));
#13374=CARTESIAN_POINT('',(0.233,0.089,0.017000000000001));
#13375=CARTESIAN_POINT('',(0.233,0.21,0.017000000000001));
#13376=CARTESIAN_POINT('',(0.167,0.21,0.017000000000001));
#13377=CARTESIAN_POINT('',(0.167,0.089,0.017000000000001));
#13378=CARTESIAN_POINT('',(0.183,0.21,0.017000000000001));
#13379=CARTESIAN_POINT('',(0.183,0.089,0.017000000000001));
#13380=CARTESIAN_POINT('',(0.233,0.089,0.017000000000001));
#13381=CARTESIAN_POINT('',(0.233,0.089,-0.016999999999999));
#13382=CARTESIAN_POINT('',(-0.217,0.089,-0.016999999999999));
#13383=CARTESIAN_POINT('',(-0.217,0.21,-0.016999999999999));
#13384=CARTESIAN_POINT('',(-0.217,0.089,-0.016999999999999));
#13385=CARTESIAN_POINT('',(0.233,0.21,-0.016999999999999));
#13386=CARTESIAN_POINT('',(-0.233,0.21,-0.016999999999999));
#13387=CARTESIAN_POINT('',(-0.233,0.089,-0.016999999999999));
#13388=CARTESIAN_POINT('',(-0.233,0.089,-0.016999999999999));
#13389=CARTESIAN_POINT('',(0.233,0.089,-0.016999999999999));
#13390=CARTESIAN_POINT('',(0.233,0.089,-0.016999999999999));
#13391=CARTESIAN_POINT('',(-0.183,0.089,-0.016999999999999));
#13392=CARTESIAN_POINT('',(-0.183,0.089,-0.016999999999999));
#13393=CARTESIAN_POINT('',(-0.183,0.21,-0.016999999999999));
#13394=CARTESIAN_POINT('',(0.233,0.089,-0.016999999999999));
#13395=CARTESIAN_POINT('',(-0.167,0.089,-0.016999999999999));
#13396=CARTESIAN_POINT('',(-0.167,0.089,-0.016999999999999));
#13397=CARTESIAN_POINT('',(-0.167,0.21,-0.0169999999999992));
#13398=CARTESIAN_POINT('',(0.233,0.21,-0.016999999999999));
#13399=CARTESIAN_POINT('',(0.233,0.089,-0.016999999999999));
#13400=CARTESIAN_POINT('',(-0.133,0.089,-0.016999999999999));
#13401=CARTESIAN_POINT('',(-0.133,0.089,-0.016999999999999));
#13402=CARTESIAN_POINT('',(-0.133,0.21,-0.0169999999999991));
#13403=CARTESIAN_POINT('',(0.233,0.089,-0.016999999999999));
#13404=CARTESIAN_POINT('',(-0.117,0.089,-0.016999999999999));
#13405=CARTESIAN_POINT('',(-0.117,0.089,-0.016999999999999));
#13406=CARTESIAN_POINT('',(-0.117,0.21,-0.016999999999999));
#13407=CARTESIAN_POINT('',(0.233,0.21,-0.016999999999999));
#13408=CARTESIAN_POINT('',(0.233,0.089,-0.016999999999999));
#13409=CARTESIAN_POINT('',(-0.083,0.089,-0.016999999999999));
#13410=CARTESIAN_POINT('',(-0.083,0.089,-0.016999999999999));
#13411=CARTESIAN_POINT('',(-0.083,0.21,-0.0169999999999991));
#13412=CARTESIAN_POINT('',(0.233,0.089,-0.016999999999999));
#13413=CARTESIAN_POINT('',(-0.067,0.089,-0.016999999999999));
#13414=CARTESIAN_POINT('',(-0.067,0.089,-0.016999999999999));
#13415=CARTESIAN_POINT('',(-0.067,0.21,-0.0169999999999991));
#13416=CARTESIAN_POINT('',(0.233,0.21,-0.016999999999999));
#13417=CARTESIAN_POINT('',(0.233,0.089,-0.016999999999999));
#13418=CARTESIAN_POINT('',(-0.033,0.089,-0.016999999999999));
#13419=CARTESIAN_POINT('',(-0.033,0.089,-0.016999999999999));
#13420=CARTESIAN_POINT('',(-0.033,0.21,-0.0169999999999992));
#13421=CARTESIAN_POINT('',(0.233,0.089,-0.016999999999999));
#13422=CARTESIAN_POINT('',(-0.017,0.089,-0.016999999999999));
#13423=CARTESIAN_POINT('',(-0.017,0.089,-0.016999999999999));
#13424=CARTESIAN_POINT('',(-0.0170000000000001,0.21,-0.0169999999999991));
#13425=CARTESIAN_POINT('',(0.233,0.21,-0.016999999999999));
#13426=CARTESIAN_POINT('',(0.233,0.089,-0.016999999999999));
#13427=CARTESIAN_POINT('',(0.0169999999999999,0.089,-0.016999999999999));
#13428=CARTESIAN_POINT('',(0.017,0.089,-0.016999999999999));
#13429=CARTESIAN_POINT('',(0.017,0.21,-0.016999999999999));
#13430=CARTESIAN_POINT('',(0.233,0.089,-0.016999999999999));
#13431=CARTESIAN_POINT('',(0.0329999999999999,0.089,-0.016999999999999));
#13432=CARTESIAN_POINT('',(0.0329999999999999,0.089,-0.016999999999999));
#13433=CARTESIAN_POINT('',(0.0329999999999999,0.21,-0.0169999999999991));
#13434=CARTESIAN_POINT('',(0.233,0.21,-0.016999999999999));
#13435=CARTESIAN_POINT('',(0.233,0.089,-0.016999999999999));
#13436=CARTESIAN_POINT('',(0.067,0.089,-0.016999999999999));
#13437=CARTESIAN_POINT('',(0.0669999999999999,0.089,-0.016999999999999));
#13438=CARTESIAN_POINT('',(0.067,0.21,-0.0169999999999992));
#13439=CARTESIAN_POINT('',(0.233,0.089,-0.016999999999999));
#13440=CARTESIAN_POINT('',(0.0829999999999999,0.089,-0.016999999999999));
#13441=CARTESIAN_POINT('',(0.0829999999999999,0.089,-0.016999999999999));
#13442=CARTESIAN_POINT('',(0.0829999999999999,0.21,-0.016999999999999));
#13443=CARTESIAN_POINT('',(0.233,0.21,-0.016999999999999));
#13444=CARTESIAN_POINT('',(0.233,0.089,-0.016999999999999));
#13445=CARTESIAN_POINT('',(0.117,0.089,-0.016999999999999));
#13446=CARTESIAN_POINT('',(0.117,0.089,-0.016999999999999));
#13447=CARTESIAN_POINT('',(0.117,0.21,-0.0169999999999991));
#13448=CARTESIAN_POINT('',(0.233,0.089,-0.016999999999999));
#13449=CARTESIAN_POINT('',(0.133,0.089,-0.016999999999999));
#13450=CARTESIAN_POINT('',(0.133,0.089,-0.016999999999999));
#13451=CARTESIAN_POINT('',(0.133,0.21,-0.0169999999999991));
#13452=CARTESIAN_POINT('',(0.233,0.21,-0.016999999999999));
#13453=CARTESIAN_POINT('',(0.233,0.089,-0.016999999999999));
#13454=CARTESIAN_POINT('',(0.167,0.089,-0.016999999999999));
#13455=CARTESIAN_POINT('',(0.167,0.089,-0.016999999999999));
#13456=CARTESIAN_POINT('',(0.167,0.21,-0.016999999999999));
#13457=CARTESIAN_POINT('',(0.233,0.089,-0.016999999999999));
#13458=CARTESIAN_POINT('',(0.183,0.089,-0.016999999999999));
#13459=CARTESIAN_POINT('',(0.183,0.089,-0.016999999999999));
#13460=CARTESIAN_POINT('',(0.183,0.21,-0.0169999999999992));
#13461=CARTESIAN_POINT('',(0.233,0.21,-0.016999999999999));
#13462=CARTESIAN_POINT('',(0.233,0.21,-0.016999999999999));
#13463=CARTESIAN_POINT('',(-0.139799999999898,0.37142713526549,-0.110200000000028));
#13464=CARTESIAN_POINT('',(-0.22780384757729,0.219,-0.022196152422705));
#13465=CARTESIAN_POINT('',(-0.126999999999903,0.054115427318733,0.0730000000000291));
#13466=CARTESIAN_POINT('',(-0.22219615242271,0.219,-0.022196152422705));
#13467=CARTESIAN_POINT('',(0.233,0.219,-0.022196152422705));
#13468=CARTESIAN_POINT('',(0.233,0.21,-0.016999999999999));
#13469=CARTESIAN_POINT('',(-0.09979999999991,0.354106627189793,-0.100200000000025));
#13470=CARTESIAN_POINT('',(-0.17780384757729,0.219,-0.022196152422705));
#13471=CARTESIAN_POINT('',(-0.0869999999999144,0.0714359353944298,0.0630000000000256));
#13472=CARTESIAN_POINT('',(-0.17219615242271,0.219,-0.022196152422705));
#13473=CARTESIAN_POINT('',(0.233,0.219,-0.022196152422705));
#13474=CARTESIAN_POINT('',(0.233,0.21,-0.016999999999999));
#13475=CARTESIAN_POINT('',(-0.0597999999999213,0.336786119114097,-0.0902000000000217));
#13476=CARTESIAN_POINT('',(-0.12780384757729,0.219,-0.022196152422705));
#13477=CARTESIAN_POINT('',(-0.0469999999999247,0.0887564434701259,0.0530000000000227));
#13478=CARTESIAN_POINT('',(-0.12219615242271,0.219,-0.022196152422705));
#13479=CARTESIAN_POINT('',(0.233,0.219,-0.022196152422705));
#13480=CARTESIAN_POINT('',(0.233,0.21,-0.016999999999999));
#13481=CARTESIAN_POINT('',(-0.019799999999932,0.319465611038401,-0.0802000000000186));
#13482=CARTESIAN_POINT('',(-0.07780384757729,0.219,-0.022196152422705));
#13483=CARTESIAN_POINT('',(-0.00699999999993528,0.106076951545822,0.0430000000000197));
#13484=CARTESIAN_POINT('',(-0.07219615242271,0.219,-0.022196152422705));
#13485=CARTESIAN_POINT('',(0.233,0.219,-0.022196152422705));
#13486=CARTESIAN_POINT('',(0.233,0.21,-0.016999999999999));
#13487=CARTESIAN_POINT('',(0.0202000000000573,0.302145102962704,-0.0702000000000156));
#13488=CARTESIAN_POINT('',(-0.02780384757729,0.219,-0.022196152422705));
#13489=CARTESIAN_POINT('',(0.0330000000000539,0.123397459621518,0.0330000000000166));
#13490=CARTESIAN_POINT('',(-0.02219615242271,0.219,-0.022196152422705));
#13491=CARTESIAN_POINT('',(0.233,0.219,-0.022196152422705));
#13492=CARTESIAN_POINT('',(0.233,0.21,-0.016999999999999));
#13493=CARTESIAN_POINT('',(0.0602000000000465,0.284824594887008,-0.0602000000000124));
#13494=CARTESIAN_POINT('',(0.0221961524227099,0.219,-0.022196152422705));
#13495=CARTESIAN_POINT('',(0.0730000000000431,0.140717967697215,0.0230000000000135));
#13496=CARTESIAN_POINT('',(0.02780384757729,0.219,-0.022196152422705));
#13497=CARTESIAN_POINT('',(0.233,0.219,-0.022196152422705));
#13498=CARTESIAN_POINT('',(0.233,0.21,-0.016999999999999));
#13499=CARTESIAN_POINT('',(0.100200000000036,0.267504086811312,-0.0502000000000093));
#13500=CARTESIAN_POINT('',(0.0721961524227099,0.219,-0.022196152422705));
#13501=CARTESIAN_POINT('',(0.113000000000032,0.158038475772911,0.0130000000000104));
#13502=CARTESIAN_POINT('',(0.0778038475772899,0.219,-0.022196152422705));
#13503=CARTESIAN_POINT('',(0.233,0.219,-0.022196152422705));
#13504=CARTESIAN_POINT('',(0.233,0.21,-0.016999999999999));
#13505=CARTESIAN_POINT('',(0.140200000000025,0.250183578735615,-0.0402000000000062));
#13506=CARTESIAN_POINT('',(0.12219615242271,0.219,-0.022196152422705));
#13507=CARTESIAN_POINT('',(0.153000000000021,0.175358983848607,0.00300000000000722));
#13508=CARTESIAN_POINT('',(0.12780384757729,0.219,-0.022196152422705));
#13509=CARTESIAN_POINT('',(0.233,0.219,-0.022196152422705));
#13510=CARTESIAN_POINT('',(0.233,0.21,-0.016999999999999));
#13511=CARTESIAN_POINT('',(0.180200000000014,0.232863070659919,-0.0302000000000031));
#13512=CARTESIAN_POINT('',(0.17219615242271,0.219,-0.022196152422705));
#13513=CARTESIAN_POINT('',(0.193000000000011,0.192679491924304,-0.0069999999999959));
#13514=CARTESIAN_POINT('',(0.17780384757729,0.219,-0.022196152422705));
#13515=CARTESIAN_POINT('',(0.233,0.219,-0.022196152422705));
#13516=CARTESIAN_POINT('',(0.233,0.219,-0.022196152422705));
#13517=CARTESIAN_POINT('',(-0.22780384757729,0.219,0.5));
#13518=CARTESIAN_POINT('',(-0.22780384757729,0.219,-0.027803847577292));
#13519=CARTESIAN_POINT('',(-0.22219615242271,0.219,0.5));
#13520=CARTESIAN_POINT('',(-0.22219615242271,0.219,-0.027803847577292));
#13521=CARTESIAN_POINT('',(0.233,0.219,-0.027803847577292));
#13522=CARTESIAN_POINT('',(0.233,0.219,-0.022196152422705));
#13523=CARTESIAN_POINT('',(-0.17780384757729,0.219,0.5));
#13524=CARTESIAN_POINT('',(-0.17780384757729,0.219,-0.027803847577292));
#13525=CARTESIAN_POINT('',(-0.17219615242271,0.219,0.5));
#13526=CARTESIAN_POINT('',(-0.17219615242271,0.219,-0.027803847577292));
#13527=CARTESIAN_POINT('',(0.233,0.219,-0.027803847577292));
#13528=CARTESIAN_POINT('',(0.233,0.219,-0.022196152422705));
#13529=CARTESIAN_POINT('',(-0.12780384757729,0.219,0.5));
#13530=CARTESIAN_POINT('',(-0.12780384757729,0.219,-0.027803847577292));
#13531=CARTESIAN_POINT('',(-0.12219615242271,0.219,0.5));
#13532=CARTESIAN_POINT('',(-0.12219615242271,0.219,-0.0278038475772921));
#13533=CARTESIAN_POINT('',(0.233,0.219,-0.027803847577292));
#13534=CARTESIAN_POINT('',(0.233,0.219,-0.022196152422705));
#13535=CARTESIAN_POINT('',(-0.07780384757729,0.219,0.5));
#13536=CARTESIAN_POINT('',(-0.0778038475772901,0.219,-0.027803847577292));
#13537=CARTESIAN_POINT('',(-0.07219615242271,0.219,0.5));
#13538=CARTESIAN_POINT('',(-0.07219615242271,0.219,-0.027803847577292));
#13539=CARTESIAN_POINT('',(0.233,0.219,-0.027803847577292));
#13540=CARTESIAN_POINT('',(0.233,0.219,-0.022196152422705));
#13541=CARTESIAN_POINT('',(-0.02780384757729,0.219,0.5));
#13542=CARTESIAN_POINT('',(-0.0278038475772901,0.219,-0.027803847577292));
#13543=CARTESIAN_POINT('',(-0.02219615242271,0.219,0.5));
#13544=CARTESIAN_POINT('',(-0.02219615242271,0.219,-0.027803847577292));
#13545=CARTESIAN_POINT('',(0.233,0.219,-0.027803847577292));
#13546=CARTESIAN_POINT('',(0.233,0.219,-0.022196152422705));
#13547=CARTESIAN_POINT('',(0.0221961524227099,0.219,0.5));
#13548=CARTESIAN_POINT('',(0.0221961524227099,0.219,-0.027803847577292));
#13549=CARTESIAN_POINT('',(0.02780384757729,0.219,0.5));
#13550=CARTESIAN_POINT('',(0.0278038475772899,0.219,-0.027803847577292));
#13551=CARTESIAN_POINT('',(0.233,0.219,-0.027803847577292));
#13552=CARTESIAN_POINT('',(0.233,0.219,-0.022196152422705));
#13553=CARTESIAN_POINT('',(0.0721961524227099,0.219,0.5));
#13554=CARTESIAN_POINT('',(0.0721961524227099,0.219,-0.027803847577292));
#13555=CARTESIAN_POINT('',(0.0778038475772899,0.219,0.5));
#13556=CARTESIAN_POINT('',(0.07780384757729,0.219,-0.027803847577292));
#13557=CARTESIAN_POINT('',(0.233,0.219,-0.027803847577292));
#13558=CARTESIAN_POINT('',(0.233,0.219,-0.022196152422705));
#13559=CARTESIAN_POINT('',(0.12219615242271,0.219,0.5));
#13560=CARTESIAN_POINT('',(0.12219615242271,0.219,-0.027803847577292));
#13561=CARTESIAN_POINT('',(0.12780384757729,0.219,0.5));
#13562=CARTESIAN_POINT('',(0.12780384757729,0.219,-0.0278038475772921));
#13563=CARTESIAN_POINT('',(0.233,0.219,-0.027803847577292));
#13564=CARTESIAN_POINT('',(0.233,0.219,-0.022196152422705));
#13565=CARTESIAN_POINT('',(0.17219615242271,0.219,0.5));
#13566=CARTESIAN_POINT('',(0.17219615242271,0.219,-0.027803847577292));
#13567=CARTESIAN_POINT('',(0.17780384757729,0.219,0.5));
#13568=CARTESIAN_POINT('',(0.17780384757729,0.219,-0.027803847577292));
#13569=CARTESIAN_POINT('',(0.233,0.219,-0.027803847577292));
#13570=CARTESIAN_POINT('',(0.233,0.219,-0.027803847577292));
#13571=CARTESIAN_POINT('',(-0.135643078061731,0.378627135265488,0.0643569219381952));
#13572=CARTESIAN_POINT('',(-0.13115692193807,0.0613154273187311,-0.118843078061862));
#13573=CARTESIAN_POINT('',(0.233,0.219,-0.027803847577292));
#13574=CARTESIAN_POINT('',(-0.0956430780617432,0.361306627189792,0.0543569219381917));
#13575=CARTESIAN_POINT('',(-0.0911569219380812,0.078635935394428,-0.108843078061859));
#13576=CARTESIAN_POINT('',(0.233,0.219,-0.027803847577292));
#13577=CARTESIAN_POINT('',(-0.0556430780617544,0.343986119114095,0.0443569219381884));
#13578=CARTESIAN_POINT('',(-0.0511569219380916,0.095956443470124,-0.0988430780618561));
#13579=CARTESIAN_POINT('',(0.233,0.219,-0.027803847577292));
#13580=CARTESIAN_POINT('',(-0.0156430780617652,0.326665611038399,0.0343569219381853));
#13581=CARTESIAN_POINT('',(-0.0111569219381022,0.11327695154582,-0.088843078061853));
#13582=CARTESIAN_POINT('',(0.233,0.219,-0.027803847577292));
#13583=CARTESIAN_POINT('',(0.0243569219382242,0.309345102962702,0.0243569219381823));
#13584=CARTESIAN_POINT('',(0.028843078061887,0.130597459621516,-0.0788430780618499));
#13585=CARTESIAN_POINT('',(0.233,0.219,-0.027803847577292));
#13586=CARTESIAN_POINT('',(0.0643569219382134,0.292024594887006,0.0143569219381791));
#13587=CARTESIAN_POINT('',(0.0688430780618762,0.147917967697213,-0.0688430780618468));
#13588=CARTESIAN_POINT('',(0.233,0.219,-0.027803847577292));
#13589=CARTESIAN_POINT('',(0.104356921938203,0.27470408681131,0.00435692193817604));
#13590=CARTESIAN_POINT('',(0.108843078061866,0.165238475772909,-0.0588430780618437));
#13591=CARTESIAN_POINT('',(0.233,0.219,-0.027803847577292));
#13592=CARTESIAN_POINT('',(0.144356921938192,0.257383578735613,-0.0056430780618271));
#13593=CARTESIAN_POINT('',(0.148843078061855,0.182558983848605,-0.0488430780618405));
#13594=CARTESIAN_POINT('',(0.233,0.219,-0.027803847577292));
#13595=CARTESIAN_POINT('',(0.184356921938181,0.240063070659917,-0.0156430780618302));
#13596=CARTESIAN_POINT('',(0.188843078061844,0.199879491924302,-0.0388430780618374));
#13597=CARTESIAN_POINT('',(0.233,0.21,-0.032999999999998));
#13598=CARTESIAN_POINT('',(0.217,0.21,-0.032999999999998));
#13599=CARTESIAN_POINT('',(0.217,0.21,-0.032999999999998));
#13600=CARTESIAN_POINT('',(0.217,0.099,-0.032999999999998));
#13601=CARTESIAN_POINT('',(0.233,0.21,-0.032999999999998));
#13602=CARTESIAN_POINT('',(0.233,0.21,-0.032999999999998));
#13603=CARTESIAN_POINT('',(0.233,0.21,-0.032999999999998));
#13604=CARTESIAN_POINT('',(0.233,0.099,-0.032999999999998));
#13605=CARTESIAN_POINT('',(0.233,0.099,-0.032999999999998));
#13606=CARTESIAN_POINT('',(0.233,0.099,-0.032999999999998));
#13607=CARTESIAN_POINT('',(-0.217,0.099,-0.032999999999998));
#13608=CARTESIAN_POINT('',(-0.217,0.089,-0.0262653061224474));
#13609=CARTESIAN_POINT('',(0.233,0.089,-0.0262653061224474));
#13610=CARTESIAN_POINT('',(-0.183,0.089,-0.0262653061224473));
#13611=CARTESIAN_POINT('',(-0.183,0.099,-0.032999999999998));
#13612=CARTESIAN_POINT('',(-0.167,0.099,-0.032999999999998));
#13613=CARTESIAN_POINT('',(-0.167,0.089,-0.0262653061224474));
#13614=CARTESIAN_POINT('',(0.233,0.089,-0.0262653061224474));
#13615=CARTESIAN_POINT('',(-0.133,0.089,-0.0262653061224473));
#13616=CARTESIAN_POINT('',(-0.133,0.099,-0.032999999999998));
#13617=CARTESIAN_POINT('',(-0.117,0.099,-0.032999999999998));
#13618=CARTESIAN_POINT('',(-0.117,0.089,-0.0262653061224474));
#13619=CARTESIAN_POINT('',(0.233,0.089,-0.0262653061224474));
#13620=CARTESIAN_POINT('',(-0.083,0.089,-0.0262653061224473));
#13621=CARTESIAN_POINT('',(-0.083,0.099,-0.032999999999998));
#13622=CARTESIAN_POINT('',(-0.067,0.099,-0.032999999999998));
#13623=CARTESIAN_POINT('',(-0.067,0.089,-0.0262653061224474));
#13624=CARTESIAN_POINT('',(0.233,0.089,-0.0262653061224474));
#13625=CARTESIAN_POINT('',(-0.033,0.089,-0.0262653061224473));
#13626=CARTESIAN_POINT('',(-0.033,0.099,-0.032999999999998));
#13627=CARTESIAN_POINT('',(-0.017,0.099,-0.032999999999998));
#13628=CARTESIAN_POINT('',(-0.017,0.089,-0.0262653061224474));
#13629=CARTESIAN_POINT('',(0.233,0.089,-0.0262653061224474));
#13630=CARTESIAN_POINT('',(0.017,0.089,-0.0262653061224473));
#13631=CARTESIAN_POINT('',(0.0169999999999999,0.099,-0.032999999999998));
#13632=CARTESIAN_POINT('',(0.0329999999999999,0.099,-0.032999999999998));
#13633=CARTESIAN_POINT('',(0.0329999999999999,0.089,-0.0262653061224474));
#13634=CARTESIAN_POINT('',(0.233,0.089,-0.0262653061224474));
#13635=CARTESIAN_POINT('',(0.0669999999999999,0.089,-0.0262653061224473));
#13636=CARTESIAN_POINT('',(0.067,0.099,-0.032999999999998));
#13637=CARTESIAN_POINT('',(0.0829999999999999,0.099,-0.032999999999998));
#13638=CARTESIAN_POINT('',(0.0829999999999999,0.089,-0.0262653061224474));
#13639=CARTESIAN_POINT('',(0.233,0.089,-0.0262653061224474));
#13640=CARTESIAN_POINT('',(0.117,0.089,-0.0262653061224473));
#13641=CARTESIAN_POINT('',(0.117,0.099,-0.032999999999998));
#13642=CARTESIAN_POINT('',(0.133,0.099,-0.032999999999998));
#13643=CARTESIAN_POINT('',(0.133,0.089,-0.0262653061224474));
#13644=CARTESIAN_POINT('',(0.233,0.089,-0.0262653061224474));
#13645=CARTESIAN_POINT('',(0.167,0.089,-0.0262653061224473));
#13646=CARTESIAN_POINT('',(0.167,0.099,-0.032999999999998));
#13647=CARTESIAN_POINT('',(0.183,0.099,-0.032999999999998));
#13648=CARTESIAN_POINT('',(0.183,0.089,-0.0262653061224474));
#13649=CARTESIAN_POINT('',(0.233,0.089,-0.0262653061224474));
#13650=CARTESIAN_POINT('',(0.217,0.089,-0.0262653061224473));
#13651=CARTESIAN_POINT('',(0.217,0.099,-0.032999999999998));
#13652=CARTESIAN_POINT('',(0.233,0.099,-0.032999999999998));
#13653=CARTESIAN_POINT('',(-0.233,0.099,-0.032999999999998));
#13654=CARTESIAN_POINT('',(0.233,0.099,0.033000000000001));
#13655=CARTESIAN_POINT('',(0.217,0.099,0.033000000000001));
#13656=CARTESIAN_POINT('',(0.217,0.21,0.0330000000000011));
#13657=CARTESIAN_POINT('',(0.233,0.099,0.033000000000001));
#13658=CARTESIAN_POINT('',(0.233,0.21,0.033000000000001));
#13659=CARTESIAN_POINT('',(0.233,0.21,0.033000000000001));
#13660=CARTESIAN_POINT('',(0.233,0.21,0.033000000000001));
#13661=CARTESIAN_POINT('',(0.220200000000003,0.215542562584223,0.0298));
#13662=CARTESIAN_POINT('',(0.22219615242271,0.219,0.027803847577295));
#13663=CARTESIAN_POINT('',(0.233,0.21,0.033000000000001));
#13664=CARTESIAN_POINT('',(0.22780384757729,0.219,0.027803847577295));
#13665=CARTESIAN_POINT('',(0.233,0.219,0.027803847577295));
#13666=CARTESIAN_POINT('',(0.233,0.219,0.027803847577295));
#13667=CARTESIAN_POINT('',(0.22219615242271,0.219,0.5));
#13668=CARTESIAN_POINT('',(0.22219615242271,0.219,0.022196152422708));
#13669=CARTESIAN_POINT('',(0.22780384757729,0.219,0.5));
#13670=CARTESIAN_POINT('',(0.22780384757729,0.219,0.022196152422708));
#13671=CARTESIAN_POINT('',(0.233,0.219,0.022196152422708));
#13672=CARTESIAN_POINT('',(0.233,0.219,0.022196152422708));
#13673=CARTESIAN_POINT('',(0.22435692193817,0.222742562584221,0.0243569219381669));
#13674=CARTESIAN_POINT('',(0.217,0.21,0.017000000000001));
#13675=CARTESIAN_POINT('',(0.228843078061833,0.217199999999998,0.0211569219381655));
#13676=CARTESIAN_POINT('',(0.233,0.21,0.0170000000000009));
#13677=CARTESIAN_POINT('',(0.233,0.21,0.017000000000001));
#13678=CARTESIAN_POINT('',(0.233,0.21,0.017000000000001));
#13679=CARTESIAN_POINT('',(0.217,0.21,0.017000000000001));
#13680=CARTESIAN_POINT('',(0.217,0.089,0.017000000000001));
#13681=CARTESIAN_POINT('',(0.233,0.21,0.017000000000001));
#13682=CARTESIAN_POINT('',(0.233,0.089,0.017000000000001));
#13683=CARTESIAN_POINT('',(0.233,0.089,0.017000000000001));
#13684=CARTESIAN_POINT('',(0.233,0.089,0.017000000000001));
#13685=CARTESIAN_POINT('',(0.233,0.089,-0.016999999999999));
#13686=CARTESIAN_POINT('',(0.233,0.089,-0.016999999999999));
#13687=CARTESIAN_POINT('',(0.217,0.089,-0.016999999999999));
#13688=CARTESIAN_POINT('',(0.217,0.089,0.5));
#13689=CARTESIAN_POINT('',(0.183,0.089,0.5));
#13690=CARTESIAN_POINT('',(0.167,0.089,0.5));
#13691=CARTESIAN_POINT('',(0.133,0.089,0.5));
#13692=CARTESIAN_POINT('',(0.117,0.089,0.5));
#13693=CARTESIAN_POINT('',(0.0829999999999999,0.089,0.5));
#13694=CARTESIAN_POINT('',(0.0669999999999999,0.089,0.5));
#13695=CARTESIAN_POINT('',(0.0329999999999999,0.089,0.5));
#13696=CARTESIAN_POINT('',(0.017,0.089,0.5));
#13697=CARTESIAN_POINT('',(-0.017,0.089,0.5));
#13698=CARTESIAN_POINT('',(-0.033,0.089,0.5));
#13699=CARTESIAN_POINT('',(-0.067,0.089,0.5));
#13700=CARTESIAN_POINT('',(-0.083,0.089,0.5));
#13701=CARTESIAN_POINT('',(-0.117,0.089,0.5));
#13702=CARTESIAN_POINT('',(-0.133,0.089,0.5));
#13703=CARTESIAN_POINT('',(-0.167,0.089,0.5));
#13704=CARTESIAN_POINT('',(-0.183,0.089,0.5));
#13705=CARTESIAN_POINT('',(-0.217,0.089,0.5));
#13706=CARTESIAN_POINT('',(-0.233,0.089,0.017000000000001));
#13707=CARTESIAN_POINT('',(-0.217,0.089,0.5));
#13708=CARTESIAN_POINT('',(-0.183,0.089,0.5));
#13709=CARTESIAN_POINT('',(-0.167,0.089,0.5));
#13710=CARTESIAN_POINT('',(-0.133,0.089,0.5));
#13711=CARTESIAN_POINT('',(-0.117,0.089,0.5));
#13712=CARTESIAN_POINT('',(-0.083,0.089,0.5));
#13713=CARTESIAN_POINT('',(-0.083,0.0890000000000001,0.016999999999999));
#13714=CARTESIAN_POINT('',(0.233,0.089,0.017000000000001));
#13715=CARTESIAN_POINT('',(-0.067,0.0890000000000001,0.016999999999999));
#13716=CARTESIAN_POINT('',(-0.067,0.089,0.5));
#13717=CARTESIAN_POINT('',(-0.033,0.089,0.5));
#13718=CARTESIAN_POINT('',(-0.017,0.089,0.5));
#13719=CARTESIAN_POINT('',(0.017,0.089,0.5));
#13720=CARTESIAN_POINT('',(0.0329999999999999,0.089,0.5));
#13721=CARTESIAN_POINT('',(0.0669999999999999,0.089,0.5));
#13722=CARTESIAN_POINT('',(0.0829999999999999,0.089,0.5));
#13723=CARTESIAN_POINT('',(0.117,0.089,0.5));
#13724=CARTESIAN_POINT('',(0.133,0.089,0.5));
#13725=CARTESIAN_POINT('',(0.167,0.089,0.5));
#13726=CARTESIAN_POINT('',(0.183,0.089,0.5));
#13727=CARTESIAN_POINT('',(0.217,0.089,0.5));
#13728=CARTESIAN_POINT('',(0.233,0.089,0.017000000000001));
#13729=CARTESIAN_POINT('',(0.233,0.089,-0.016999999999999));
#13730=CARTESIAN_POINT('',(0.217,0.089,-0.016999999999999));
#13731=CARTESIAN_POINT('',(0.217,0.21,-0.016999999999999));
#13732=CARTESIAN_POINT('',(0.233,0.089,-0.016999999999999));
#13733=CARTESIAN_POINT('',(0.233,0.21,-0.016999999999999));
#13734=CARTESIAN_POINT('',(0.233,0.21,-0.016999999999999));
#13735=CARTESIAN_POINT('',(0.233,0.21,-0.016999999999999));
#13736=CARTESIAN_POINT('',(0.220200000000003,0.215542562584223,-0.0202));
#13737=CARTESIAN_POINT('',(0.22219615242271,0.219,-0.022196152422705));
#13738=CARTESIAN_POINT('',(0.233,0.21,-0.016999999999999));
#13739=CARTESIAN_POINT('',(0.22780384757729,0.219,-0.022196152422705));
#13740=CARTESIAN_POINT('',(0.233,0.219,-0.022196152422705));
#13741=CARTESIAN_POINT('',(0.233,0.219,-0.022196152422705));
#13742=CARTESIAN_POINT('',(0.22219615242271,0.219,0.5));
#13743=CARTESIAN_POINT('',(0.22219615242271,0.219,-0.027803847577292));
#13744=CARTESIAN_POINT('',(0.22780384757729,0.219,0.5));
#13745=CARTESIAN_POINT('',(0.22780384757729,0.219,-0.027803847577292));
#13746=CARTESIAN_POINT('',(0.233,0.219,-0.027803847577292));
#13747=CARTESIAN_POINT('',(0.233,0.219,-0.027803847577292));
#13748=CARTESIAN_POINT('',(0.22435692193817,0.222742562584221,-0.0256430780618333));
#13749=CARTESIAN_POINT('',(0.228843078061833,0.217199999999998,-0.0288430780618343));
#13750=CARTESIAN_POINT('',(0.233,0.,0.));
#13751=CARTESIAN_POINT('',(0.233,0.21,0.));
#13752=CARTESIAN_POINT('',(0.233,0.21,0.));
#13753=CARTESIAN_POINT('',(-0.233,0.,0.));
#13754=CARTESIAN_POINT('',(-0.233,0.21,0.));
#13755=CARTESIAN_POINT('',(-0.233,0.21,0.));
#13756=CARTESIAN_POINT('',(-0.22780384757729,0.219,0.5));
#13757=CARTESIAN_POINT('',(-0.22780384757729,0.219,0.5));
#13758=CARTESIAN_POINT('',(0.233,0.21,0.5));
#13759=CARTESIAN_POINT('',(0.233,0.21,0.5));
#13760=CARTESIAN_POINT('',(0.183,0.21,0.5));
#13761=CARTESIAN_POINT('',(0.183,0.21,0.5));
#13762=CARTESIAN_POINT('',(0.22219615242271,0.219,0.5));
#13763=CARTESIAN_POINT('',(0.217,0.21,0.5));
#13764=CARTESIAN_POINT('',(0.217,0.21,0.5));
#13765=CARTESIAN_POINT('',(0.183,0.089,0.5));
#13766=CARTESIAN_POINT('',(0.133,0.21,0.5));
#13767=CARTESIAN_POINT('',(0.133,0.21,0.5));
#13768=CARTESIAN_POINT('',(0.17219615242271,0.219,0.5));
#13769=CARTESIAN_POINT('',(0.167,0.21,0.5));
#13770=CARTESIAN_POINT('',(0.167,0.21,0.5));
#13771=CARTESIAN_POINT('',(0.133,0.089,0.5));
#13772=CARTESIAN_POINT('',(0.0829999999999999,0.21,0.5));
#13773=CARTESIAN_POINT('',(0.0829999999999999,0.21,0.5));
#13774=CARTESIAN_POINT('',(0.12219615242271,0.219,0.5));
#13775=CARTESIAN_POINT('',(0.117,0.21,0.5));
#13776=CARTESIAN_POINT('',(0.117,0.21,0.5));
#13777=CARTESIAN_POINT('',(0.0829999999999999,0.089,0.5));
#13778=CARTESIAN_POINT('',(0.0329999999999999,0.21,0.5));
#13779=CARTESIAN_POINT('',(0.0329999999999999,0.21,0.5));
#13780=CARTESIAN_POINT('',(0.0721961524227099,0.219,0.5));
#13781=CARTESIAN_POINT('',(0.0669999999999999,0.21,0.5));
#13782=CARTESIAN_POINT('',(0.0669999999999999,0.21,0.5));
#13783=CARTESIAN_POINT('',(0.0329999999999999,0.089,0.5));
#13784=CARTESIAN_POINT('',(-0.017,0.21,0.5));
#13785=CARTESIAN_POINT('',(-0.017,0.21,0.5));
#13786=CARTESIAN_POINT('',(0.0221961524227099,0.219,0.5));
#13787=CARTESIAN_POINT('',(0.017,0.21,0.5));
#13788=CARTESIAN_POINT('',(0.017,0.21,0.5));
#13789=CARTESIAN_POINT('',(-0.017,0.089,0.5));
#13790=CARTESIAN_POINT('',(-0.067,0.21,0.5));
#13791=CARTESIAN_POINT('',(-0.067,0.21,0.5));
#13792=CARTESIAN_POINT('',(-0.02780384757729,0.219,0.5));
#13793=CARTESIAN_POINT('',(-0.033,0.21,0.5));
#13794=CARTESIAN_POINT('',(-0.033,0.21,0.5));
#13795=CARTESIAN_POINT('',(-0.067,0.089,0.5));
#13796=CARTESIAN_POINT('',(-0.117,0.21,0.5));
#13797=CARTESIAN_POINT('',(-0.117,0.21,0.5));
#13798=CARTESIAN_POINT('',(-0.07780384757729,0.219,0.5));
#13799=CARTESIAN_POINT('',(-0.083,0.21,0.5));
#13800=CARTESIAN_POINT('',(-0.083,0.21,0.5));
#13801=CARTESIAN_POINT('',(-0.117,0.089,0.5));
#13802=CARTESIAN_POINT('',(-0.167,0.21,0.5));
#13803=CARTESIAN_POINT('',(-0.167,0.21,0.5));
#13804=CARTESIAN_POINT('',(-0.12780384757729,0.219,0.5));
#13805=CARTESIAN_POINT('',(-0.133,0.21,0.5));
#13806=CARTESIAN_POINT('',(-0.133,0.21,0.5));
#13807=CARTESIAN_POINT('',(-0.167,0.089,0.5));
#13808=CARTESIAN_POINT('',(-0.217,0.21,0.5));
#13809=CARTESIAN_POINT('',(-0.217,0.21,0.5));
#13810=CARTESIAN_POINT('',(-0.17780384757729,0.219,0.5));
#13811=CARTESIAN_POINT('',(-0.183,0.21,0.5));
#13812=CARTESIAN_POINT('',(-0.183,0.21,0.5));
#13813=CARTESIAN_POINT('',(-0.217,0.089,0.5));
#13814=CARTESIAN_POINT('',(0.217,0.21,0.5));
#13815=CARTESIAN_POINT('',(0.217,0.21,0.5));
#13816=CARTESIAN_POINT('',(0.183,0.089,0.5));
#13817=CARTESIAN_POINT('',(0.183,0.21,0.5));
#13818=CARTESIAN_POINT('',(0.22219615242271,0.219,0.5));
#13819=CARTESIAN_POINT('',(0.183,0.21,0.5));
#13820=CARTESIAN_POINT('',(0.167,0.21,0.5));
#13821=CARTESIAN_POINT('',(0.167,0.21,0.5));
#13822=CARTESIAN_POINT('',(0.133,0.089,0.5));
#13823=CARTESIAN_POINT('',(0.133,0.21,0.5));
#13824=CARTESIAN_POINT('',(0.17219615242271,0.219,0.5));
#13825=CARTESIAN_POINT('',(0.133,0.21,0.5));
#13826=CARTESIAN_POINT('',(0.117,0.21,0.5));
#13827=CARTESIAN_POINT('',(0.117,0.21,0.5));
#13828=CARTESIAN_POINT('',(0.0829999999999999,0.089,0.5));
#13829=CARTESIAN_POINT('',(0.0829999999999999,0.21,0.5));
#13830=CARTESIAN_POINT('',(0.12219615242271,0.219,0.5));
#13831=CARTESIAN_POINT('',(0.0829999999999999,0.21,0.5));
#13832=CARTESIAN_POINT('',(0.0669999999999999,0.21,0.5));
#13833=CARTESIAN_POINT('',(0.0669999999999999,0.21,0.5));
#13834=CARTESIAN_POINT('',(0.0329999999999999,0.089,0.5));
#13835=CARTESIAN_POINT('',(0.0329999999999999,0.21,0.5));
#13836=CARTESIAN_POINT('',(0.0721961524227099,0.219,0.5));
#13837=CARTESIAN_POINT('',(0.0329999999999999,0.21,0.5));
#13838=CARTESIAN_POINT('',(0.017,0.21,0.5));
#13839=CARTESIAN_POINT('',(0.017,0.21,0.5));
#13840=CARTESIAN_POINT('',(-0.017,0.089,0.5));
#13841=CARTESIAN_POINT('',(-0.017,0.21,0.5));
#13842=CARTESIAN_POINT('',(0.0221961524227099,0.219,0.5));
#13843=CARTESIAN_POINT('',(-0.017,0.21,0.5));
#13844=CARTESIAN_POINT('',(-0.033,0.21,0.5));
#13845=CARTESIAN_POINT('',(-0.033,0.21,0.5));
#13846=CARTESIAN_POINT('',(-0.02780384757729,0.219,0.5));
#13847=CARTESIAN_POINT('',(-0.117,0.089,0.5));
#13848=CARTESIAN_POINT('',(-0.117,0.21,0.5));
#13849=CARTESIAN_POINT('',(-0.117,0.21,0.5));
#13850=CARTESIAN_POINT('',(-0.133,0.21,0.5));
#13851=CARTESIAN_POINT('',(-0.133,0.21,0.5));
#13852=CARTESIAN_POINT('',(-0.167,0.089,0.5));
#13853=CARTESIAN_POINT('',(-0.167,0.21,0.5));
#13854=CARTESIAN_POINT('',(-0.12780384757729,0.219,0.5));
#13855=CARTESIAN_POINT('',(-0.167,0.21,0.5));
#13856=CARTESIAN_POINT('',(-0.217,0.089,0.5));
#13857=CARTESIAN_POINT('',(-0.217,0.21,0.5));
#13858=CARTESIAN_POINT('',(-0.183,0.21,0.5));
#13859=CARTESIAN_POINT('',(-0.183,0.21,0.5));
#13860=CARTESIAN_POINT('',(-0.217,0.21,0.5));
#13861=CARTESIAN_POINT('',(-0.17780384757729,0.219,0.5));
#13862=CARTESIAN_POINT('',(-0.067,0.,0.));
#13863=CARTESIAN_POINT('',(-0.067,-1.,0.016999999999999));
#13864=CARTESIAN_POINT('',(-0.083,0.,0.));
#13865=CARTESIAN_POINT('',(-0.083,-1.,0.016999999999999));
#13866=CARTESIAN_POINT('',(-0.083,-1.,0.016999999999999));
#13867=CARTESIAN_POINT('',(0.,0.,0.));
#13868=CARTESIAN_POINT('',(0.233,0.,0.066));
#13869=CARTESIAN_POINT('',(0.217,0.,0.066));
#13870=CARTESIAN_POINT('',(0.217,3.030088246176E-18,0.066));
#13871=CARTESIAN_POINT('',(0.217,0.01,0.0555930905438934));
#13872=CARTESIAN_POINT('',(0.233,0.,0.066));
#13873=CARTESIAN_POINT('',(0.233,0.,0.066));
#13874=CARTESIAN_POINT('',(0.233,0.,0.066));
#13875=CARTESIAN_POINT('',(0.233,0.0634194044623617,-8.53702498020082E-18));
#13876=CARTESIAN_POINT('',(0.233,0.0634194044623617,-8.53702498020082E-18));
#13877=CARTESIAN_POINT('',(-0.233,0.0634194044623617,-8.53702498020082E-18));
#13878=CARTESIAN_POINT('',(-0.233,0.,0.066));
#13879=CARTESIAN_POINT('',(-0.233,0.,0.066));
#13880=CARTESIAN_POINT('',(0.233,0.,0.066));
#13881=CARTESIAN_POINT('',(-0.217,3.030088246176E-18,0.066));
#13882=CARTESIAN_POINT('',(-0.217,0.,0.066));
#13883=CARTESIAN_POINT('',(-0.217,0.01,0.0555930905438934));
#13884=CARTESIAN_POINT('',(0.233,0.0099999999999999,0.0555930905438935));
#13885=CARTESIAN_POINT('',(-0.183,0.01,0.0555930905438934));
#13886=CARTESIAN_POINT('',(-0.183,0.,0.066));
#13887=CARTESIAN_POINT('',(-0.183,3.030088246176E-18,0.066));
#13888=CARTESIAN_POINT('',(0.233,0.,0.066));
#13889=CARTESIAN_POINT('',(-0.167,3.030088246176E-18,0.066));
#13890=CARTESIAN_POINT('',(-0.167,0.,0.066));
#13891=CARTESIAN_POINT('',(-0.167,0.01,0.0555930905438934));
#13892=CARTESIAN_POINT('',(0.233,0.00999999999999991,0.0555930905438935));
#13893=CARTESIAN_POINT('',(-0.133,0.01,0.0555930905438934));
#13894=CARTESIAN_POINT('',(-0.133,0.,0.066));
#13895=CARTESIAN_POINT('',(-0.133,3.030088246176E-18,0.066));
#13896=CARTESIAN_POINT('',(0.233,0.,0.066));
#13897=CARTESIAN_POINT('',(-0.117,3.030088246176E-18,0.066));
#13898=CARTESIAN_POINT('',(-0.117,0.,0.066));
#13899=CARTESIAN_POINT('',(-0.117,0.01,0.0555930905438934));
#13900=CARTESIAN_POINT('',(0.233,0.00999999999999992,0.0555930905438935));
#13901=CARTESIAN_POINT('',(-0.083,0.01,0.0555930905438934));
#13902=CARTESIAN_POINT('',(-0.083,0.,0.066));
#13903=CARTESIAN_POINT('',(-0.083,0.,0.066));
#13904=CARTESIAN_POINT('',(0.233,0.,0.066));
#13905=CARTESIAN_POINT('',(-0.067,0.,0.066));
#13906=CARTESIAN_POINT('',(-0.067,0.,0.066));
#13907=CARTESIAN_POINT('',(-0.067,0.01,0.0555930905438934));
#13908=CARTESIAN_POINT('',(0.233,0.00999999999999993,0.0555930905438935));
#13909=CARTESIAN_POINT('',(-0.033,0.01,0.0555930905438934));
#13910=CARTESIAN_POINT('',(-0.033,0.,0.066));
#13911=CARTESIAN_POINT('',(-0.033,3.030088246176E-18,0.066));
#13912=CARTESIAN_POINT('',(0.233,0.,0.066));
#13913=CARTESIAN_POINT('',(-0.017,3.030088246176E-18,0.066));
#13914=CARTESIAN_POINT('',(-0.017,0.,0.066));
#13915=CARTESIAN_POINT('',(-0.017,0.01,0.0555930905438934));
#13916=CARTESIAN_POINT('',(0.233,0.00999999999999995,0.0555930905438935));
#13917=CARTESIAN_POINT('',(0.017,0.01,0.0555930905438934));
#13918=CARTESIAN_POINT('',(0.0169999999999999,0.,0.066));
#13919=CARTESIAN_POINT('',(0.0169999999999999,3.030088246176E-18,0.066));
#13920=CARTESIAN_POINT('',(0.233,0.,0.066));
#13921=CARTESIAN_POINT('',(0.0329999999999999,3.030088246176E-18,0.066));
#13922=CARTESIAN_POINT('',(0.0329999999999999,0.,0.066));
#13923=CARTESIAN_POINT('',(0.0329999999999999,0.01,0.0555930905438934));
#13924=CARTESIAN_POINT('',(0.233,0.00999999999999996,0.0555930905438935));
#13925=CARTESIAN_POINT('',(0.0669999999999999,0.01,0.0555930905438934));
#13926=CARTESIAN_POINT('',(0.067,0.,0.066));
#13927=CARTESIAN_POINT('',(0.067,3.030088246176E-18,0.066));
#13928=CARTESIAN_POINT('',(0.233,0.,0.066));
#13929=CARTESIAN_POINT('',(0.0829999999999999,3.030088246176E-18,0.066));
#13930=CARTESIAN_POINT('',(0.0829999999999999,0.,0.066));
#13931=CARTESIAN_POINT('',(0.0829999999999999,0.01,0.0555930905438934));
#13932=CARTESIAN_POINT('',(0.233,0.00999999999999997,0.0555930905438934));
#13933=CARTESIAN_POINT('',(0.117,0.01,0.0555930905438934));
#13934=CARTESIAN_POINT('',(0.117,0.,0.066));
#13935=CARTESIAN_POINT('',(0.117,3.030088246176E-18,0.066));
#13936=CARTESIAN_POINT('',(0.233,0.,0.066));
#13937=CARTESIAN_POINT('',(0.133,3.030088246176E-18,0.066));
#13938=CARTESIAN_POINT('',(0.133,0.,0.066));
#13939=CARTESIAN_POINT('',(0.133,0.01,0.0555930905438934));
#13940=CARTESIAN_POINT('',(0.233,0.00999999999999998,0.0555930905438934));
#13941=CARTESIAN_POINT('',(0.167,0.01,0.0555930905438934));
#13942=CARTESIAN_POINT('',(0.167,0.,0.066));
#13943=CARTESIAN_POINT('',(0.167,3.030088246176E-18,0.066));
#13944=CARTESIAN_POINT('',(0.233,0.,0.066));
#13945=CARTESIAN_POINT('',(0.183,3.030088246176E-18,0.066));
#13946=CARTESIAN_POINT('',(0.183,0.,0.066));
#13947=CARTESIAN_POINT('',(0.183,0.01,0.0555930905438934));
#13948=CARTESIAN_POINT('',(0.233,0.01,0.0555930905438934));
#13949=CARTESIAN_POINT('',(0.233,0.0317097022311828,0.032999999999998));
#13950=CARTESIAN_POINT('',(-0.083,0.0317097022311829,0.032999999999998));
#13951=CARTESIAN_POINT('',(-0.067,0.0317097022311829,0.032999999999998));
#13952=CARTESIAN_POINT('',(-0.083,0.,0.066));
#13953=CARTESIAN_POINT('',(-0.083,0.0470841033129661,0.0169999999999991));
#13954=CARTESIAN_POINT('',(0.233,0.0470841033129664,0.016999999999999));
#13955=CARTESIAN_POINT('',(-0.067,0.0470841033129661,0.0169999999999991));
#13956=CARTESIAN_POINT('',(-0.067,0.,0.066));
#13957=CARTESIAN_POINT('',(0.233,0.,-0.066));
#13958=CARTESIAN_POINT('',(0.217,0.,-0.066));
#13959=CARTESIAN_POINT('',(0.217,0.,-0.066));
#13960=CARTESIAN_POINT('',(0.217,0.,-0.115));
#13961=CARTESIAN_POINT('',(0.233,0.,-0.066));
#13962=CARTESIAN_POINT('',(0.233,0.,-0.066));
#13963=CARTESIAN_POINT('',(0.233,0.,-0.066));
#13964=CARTESIAN_POINT('',(0.233,0.,-0.115));
#13965=CARTESIAN_POINT('',(0.233,0.,-0.115));
#13966=CARTESIAN_POINT('',(0.233,0.,-0.066));
#13967=CARTESIAN_POINT('',(0.183,0.,-0.066));
#13968=CARTESIAN_POINT('',(0.183,0.,-0.115));
#13969=CARTESIAN_POINT('',(0.183,0.,-0.066));
#13970=CARTESIAN_POINT('',(0.233,0.,-0.115));
#13971=CARTESIAN_POINT('',(0.167,0.,-0.115));
#13972=CARTESIAN_POINT('',(0.167,0.,-0.066));
#13973=CARTESIAN_POINT('',(0.167,0.,-0.066));
#13974=CARTESIAN_POINT('',(0.233,0.,-0.066));
#13975=CARTESIAN_POINT('',(0.233,0.,-0.066));
#13976=CARTESIAN_POINT('',(0.133,0.,-0.066));
#13977=CARTESIAN_POINT('',(0.133,0.,-0.115));
#13978=CARTESIAN_POINT('',(0.133,0.,-0.066));
#13979=CARTESIAN_POINT('',(0.233,0.,-0.115));
#13980=CARTESIAN_POINT('',(0.117,0.,-0.115));
#13981=CARTESIAN_POINT('',(0.117,0.,-0.066));
#13982=CARTESIAN_POINT('',(0.117,0.,-0.066));
#13983=CARTESIAN_POINT('',(0.233,0.,-0.066));
#13984=CARTESIAN_POINT('',(0.233,0.,-0.066));
#13985=CARTESIAN_POINT('',(0.0829999999999999,0.,-0.066));
#13986=CARTESIAN_POINT('',(0.0829999999999999,0.,-0.115));
#13987=CARTESIAN_POINT('',(0.0829999999999999,0.,-0.066));
#13988=CARTESIAN_POINT('',(0.233,0.,-0.115));
#13989=CARTESIAN_POINT('',(0.067,0.,-0.115));
#13990=CARTESIAN_POINT('',(0.067,0.,-0.066));
#13991=CARTESIAN_POINT('',(0.067,0.,-0.066));
#13992=CARTESIAN_POINT('',(0.233,0.,-0.066));
#13993=CARTESIAN_POINT('',(0.233,0.,-0.066));
#13994=CARTESIAN_POINT('',(0.0329999999999999,0.,-0.066));
#13995=CARTESIAN_POINT('',(0.0329999999999999,0.,-0.115));
#13996=CARTESIAN_POINT('',(0.0329999999999999,0.,-0.066));
#13997=CARTESIAN_POINT('',(0.233,0.,-0.115));
#13998=CARTESIAN_POINT('',(0.0169999999999999,0.,-0.115));
#13999=CARTESIAN_POINT('',(0.0169999999999999,0.,-0.066));
#14000=CARTESIAN_POINT('',(0.0169999999999999,0.,-0.066));
#14001=CARTESIAN_POINT('',(0.233,0.,-0.066));
#14002=CARTESIAN_POINT('',(0.233,0.,-0.066));
#14003=CARTESIAN_POINT('',(-0.017,0.,-0.066));
#14004=CARTESIAN_POINT('',(-0.017,0.,-0.115));
#14005=CARTESIAN_POINT('',(-0.017,0.,-0.066));
#14006=CARTESIAN_POINT('',(0.233,0.,-0.115));
#14007=CARTESIAN_POINT('',(-0.033,0.,-0.115));
#14008=CARTESIAN_POINT('',(-0.033,0.,-0.066));
#14009=CARTESIAN_POINT('',(-0.033,0.,-0.066));
#14010=CARTESIAN_POINT('',(0.233,0.,-0.066));
#14011=CARTESIAN_POINT('',(0.233,0.,-0.066));
#14012=CARTESIAN_POINT('',(-0.067,0.,-0.066));
#14013=CARTESIAN_POINT('',(-0.067,0.,-0.115));
#14014=CARTESIAN_POINT('',(-0.067,0.,-0.066));
#14015=CARTESIAN_POINT('',(0.233,0.,-0.115));
#14016=CARTESIAN_POINT('',(-0.083,0.,-0.115));
#14017=CARTESIAN_POINT('',(-0.083,0.,-0.066));
#14018=CARTESIAN_POINT('',(-0.083,0.,-0.066));
#14019=CARTESIAN_POINT('',(0.233,0.,-0.066));
#14020=CARTESIAN_POINT('',(0.233,0.,-0.066));
#14021=CARTESIAN_POINT('',(-0.117,0.,-0.066));
#14022=CARTESIAN_POINT('',(-0.117,0.,-0.115));
#14023=CARTESIAN_POINT('',(-0.117,0.,-0.066));
#14024=CARTESIAN_POINT('',(0.233,0.,-0.115));
#14025=CARTESIAN_POINT('',(-0.133,0.,-0.115));
#14026=CARTESIAN_POINT('',(-0.133,0.,-0.066));
#14027=CARTESIAN_POINT('',(-0.133,0.,-0.066));
#14028=CARTESIAN_POINT('',(0.233,0.,-0.066));
#14029=CARTESIAN_POINT('',(0.233,0.,-0.066));
#14030=CARTESIAN_POINT('',(-0.167,0.,-0.066));
#14031=CARTESIAN_POINT('',(-0.167,0.,-0.115));
#14032=CARTESIAN_POINT('',(-0.167,0.,-0.066));
#14033=CARTESIAN_POINT('',(0.233,0.,-0.115));
#14034=CARTESIAN_POINT('',(-0.183,0.,-0.115));
#14035=CARTESIAN_POINT('',(-0.183,0.,-0.066));
#14036=CARTESIAN_POINT('',(-0.183,0.,-0.066));
#14037=CARTESIAN_POINT('',(0.233,0.,-0.066));
#14038=CARTESIAN_POINT('',(0.233,0.,-0.115));
#14039=CARTESIAN_POINT('',(0.217,0.,-0.115));
#14040=CARTESIAN_POINT('',(0.217,-0.016,-0.115));
#14041=CARTESIAN_POINT('',(0.233,0.,-0.115));
#14042=CARTESIAN_POINT('',(0.233,-0.016,-0.115));
#14043=CARTESIAN_POINT('',(0.233,-0.016,-0.115));
#14044=CARTESIAN_POINT('',(0.233,0.,-0.115));
#14045=CARTESIAN_POINT('',(0.183,0.,-0.115));
#14046=CARTESIAN_POINT('',(0.183,-0.016,-0.115));
#14047=CARTESIAN_POINT('',(0.233,-0.016,-0.115));
#14048=CARTESIAN_POINT('',(0.167,-0.016,-0.115));
#14049=CARTESIAN_POINT('',(0.167,0.,-0.115));
#14050=CARTESIAN_POINT('',(0.233,0.,-0.115));
#14051=CARTESIAN_POINT('',(0.133,0.,-0.115));
#14052=CARTESIAN_POINT('',(0.133,-0.016,-0.115));
#14053=CARTESIAN_POINT('',(0.233,-0.016,-0.115));
#14054=CARTESIAN_POINT('',(0.117,-0.016,-0.115));
#14055=CARTESIAN_POINT('',(0.117,0.,-0.115));
#14056=CARTESIAN_POINT('',(0.233,0.,-0.115));
#14057=CARTESIAN_POINT('',(0.0829999999999999,0.,-0.115));
#14058=CARTESIAN_POINT('',(0.0829999999999999,-0.016,-0.115));
#14059=CARTESIAN_POINT('',(0.233,-0.016,-0.115));
#14060=CARTESIAN_POINT('',(0.067,-0.016,-0.115));
#14061=CARTESIAN_POINT('',(0.067,0.,-0.115));
#14062=CARTESIAN_POINT('',(0.233,0.,-0.115));
#14063=CARTESIAN_POINT('',(0.0329999999999999,0.,-0.115));
#14064=CARTESIAN_POINT('',(0.0329999999999999,-0.016,-0.115));
#14065=CARTESIAN_POINT('',(0.233,-0.016,-0.115));
#14066=CARTESIAN_POINT('',(0.0169999999999999,-0.016,-0.115));
#14067=CARTESIAN_POINT('',(0.0169999999999999,0.,-0.115));
#14068=CARTESIAN_POINT('',(0.233,0.,-0.115));
#14069=CARTESIAN_POINT('',(-0.017,0.,-0.115));
#14070=CARTESIAN_POINT('',(-0.017,-0.016,-0.115));
#14071=CARTESIAN_POINT('',(0.233,-0.016,-0.115));
#14072=CARTESIAN_POINT('',(-0.033,-0.016,-0.115));
#14073=CARTESIAN_POINT('',(-0.033,0.,-0.115));
#14074=CARTESIAN_POINT('',(0.233,0.,-0.115));
#14075=CARTESIAN_POINT('',(-0.067,0.,-0.115));
#14076=CARTESIAN_POINT('',(-0.067,-0.016,-0.115));
#14077=CARTESIAN_POINT('',(0.233,-0.016,-0.115));
#14078=CARTESIAN_POINT('',(-0.083,-0.016,-0.115));
#14079=CARTESIAN_POINT('',(-0.083,0.,-0.115));
#14080=CARTESIAN_POINT('',(0.233,0.,-0.115));
#14081=CARTESIAN_POINT('',(-0.117,0.,-0.115));
#14082=CARTESIAN_POINT('',(-0.117,-0.016,-0.115));
#14083=CARTESIAN_POINT('',(0.233,-0.016,-0.115));
#14084=CARTESIAN_POINT('',(-0.133,-0.016,-0.115));
#14085=CARTESIAN_POINT('',(-0.133,0.,-0.115));
#14086=CARTESIAN_POINT('',(0.233,0.,-0.115));
#14087=CARTESIAN_POINT('',(-0.167,0.,-0.115));
#14088=CARTESIAN_POINT('',(-0.167,-0.016,-0.115));
#14089=CARTESIAN_POINT('',(0.233,-0.016,-0.115));
#14090=CARTESIAN_POINT('',(-0.183,-0.016,-0.115));
#14091=CARTESIAN_POINT('',(-0.183,0.,-0.115));
#14092=CARTESIAN_POINT('',(0.233,-0.016,-0.115));
#14093=CARTESIAN_POINT('',(0.217,-0.016,-0.115));
#14094=CARTESIAN_POINT('',(0.217,-0.016,-0.0403238075793815));
#14095=CARTESIAN_POINT('',(0.233,-0.016,-0.115));
#14096=CARTESIAN_POINT('',(0.233,-0.016,-0.0403238075793815));
#14097=CARTESIAN_POINT('',(0.233,-0.016,-0.0403238075793815));
#14098=CARTESIAN_POINT('',(0.233,-0.016,-0.115));
#14099=CARTESIAN_POINT('',(0.183,-0.016,-0.115));
#14100=CARTESIAN_POINT('',(0.183,-0.016,-0.0403238075793815));
#14101=CARTESIAN_POINT('',(0.233,-0.016,-0.0403238075793815));
#14102=CARTESIAN_POINT('',(0.167,-0.016,-0.0403238075793815));
#14103=CARTESIAN_POINT('',(0.167,-0.016,-0.115));
#14104=CARTESIAN_POINT('',(0.233,-0.016,-0.115));
#14105=CARTESIAN_POINT('',(0.133,-0.016,-0.115));
#14106=CARTESIAN_POINT('',(0.133,-0.016,-0.0403238075793815));
#14107=CARTESIAN_POINT('',(0.233,-0.016,-0.0403238075793815));
#14108=CARTESIAN_POINT('',(0.117,-0.016,-0.0403238075793815));
#14109=CARTESIAN_POINT('',(0.117,-0.016,-0.115));
#14110=CARTESIAN_POINT('',(0.233,-0.016,-0.115));
#14111=CARTESIAN_POINT('',(0.0829999999999999,-0.016,-0.115));
#14112=CARTESIAN_POINT('',(0.0829999999999999,-0.016,-0.0403238075793815));
#14113=CARTESIAN_POINT('',(0.233,-0.016,-0.0403238075793815));
#14114=CARTESIAN_POINT('',(0.067,-0.016,-0.0403238075793815));
#14115=CARTESIAN_POINT('',(0.067,-0.016,-0.115));
#14116=CARTESIAN_POINT('',(0.233,-0.016,-0.115));
#14117=CARTESIAN_POINT('',(0.0329999999999999,-0.016,-0.115));
#14118=CARTESIAN_POINT('',(0.0329999999999999,-0.016,-0.0403238075793815));
#14119=CARTESIAN_POINT('',(0.233,-0.016,-0.0403238075793815));
#14120=CARTESIAN_POINT('',(0.0169999999999999,-0.016,-0.0403238075793815));
#14121=CARTESIAN_POINT('',(0.0169999999999999,-0.016,-0.115));
#14122=CARTESIAN_POINT('',(0.233,-0.016,-0.115));
#14123=CARTESIAN_POINT('',(-0.017,-0.016,-0.115));
#14124=CARTESIAN_POINT('',(-0.017,-0.016,-0.0403238075793815));
#14125=CARTESIAN_POINT('',(0.233,-0.016,-0.0403238075793815));
#14126=CARTESIAN_POINT('',(-0.033,-0.016,-0.0403238075793815));
#14127=CARTESIAN_POINT('',(-0.033,-0.016,-0.115));
#14128=CARTESIAN_POINT('',(0.233,-0.016,-0.115));
#14129=CARTESIAN_POINT('',(-0.067,-0.016,-0.115));
#14130=CARTESIAN_POINT('',(-0.067,-0.016,-0.0403238075793815));
#14131=CARTESIAN_POINT('',(0.233,-0.016,-0.0403238075793815));
#14132=CARTESIAN_POINT('',(-0.083,-0.016,-0.0403238075793815));
#14133=CARTESIAN_POINT('',(-0.083,-0.016,-0.115));
#14134=CARTESIAN_POINT('',(0.233,-0.016,-0.115));
#14135=CARTESIAN_POINT('',(-0.117,-0.016,-0.115));
#14136=CARTESIAN_POINT('',(-0.117,-0.016,-0.0403238075793815));
#14137=CARTESIAN_POINT('',(0.233,-0.016,-0.0403238075793815));
#14138=CARTESIAN_POINT('',(-0.133,-0.016,-0.0403238075793815));
#14139=CARTESIAN_POINT('',(-0.133,-0.016,-0.115));
#14140=CARTESIAN_POINT('',(0.233,-0.016,-0.115));
#14141=CARTESIAN_POINT('',(-0.167,-0.016,-0.115));
#14142=CARTESIAN_POINT('',(-0.167,-0.016,-0.0403238075793815));
#14143=CARTESIAN_POINT('',(0.233,-0.016,-0.0403238075793815));
#14144=CARTESIAN_POINT('',(-0.183,-0.016,-0.0403238075793815));
#14145=CARTESIAN_POINT('',(-0.183,-0.016,-0.115));
#14146=CARTESIAN_POINT('',(0.233,0.0090000000000005,-0.0403238075793815));
#14147=CARTESIAN_POINT('',(0.217,0.0090000000000005,-0.0403238075793815));
#14148=CARTESIAN_POINT('',(0.217,-1.0671281225251E-17,-0.017));
#14149=CARTESIAN_POINT('',(0.233,0.0090000000000005,-0.0403238075793815));
#14150=CARTESIAN_POINT('',(0.233,-1.28055374703012E-17,-0.017));
#14151=CARTESIAN_POINT('',(0.233,-1.28055374703012E-17,-0.017));
#14152=CARTESIAN_POINT('',(0.233,0.0090000000000005,-0.0403238075793815));
#14153=CARTESIAN_POINT('',(0.183,0.0090000000000005,-0.0403238075793815));
#14154=CARTESIAN_POINT('',(0.183,-1.0671281225251E-17,-0.017));
#14155=CARTESIAN_POINT('',(0.233,-1.28055374703012E-17,-0.017));
#14156=CARTESIAN_POINT('',(0.167,-1.0671281225251E-17,-0.017));
#14157=CARTESIAN_POINT('',(0.167,0.0090000000000005,-0.0403238075793815));
#14158=CARTESIAN_POINT('',(0.233,0.0090000000000005,-0.0403238075793815));
#14159=CARTESIAN_POINT('',(0.133,0.0090000000000005,-0.0403238075793815));
#14160=CARTESIAN_POINT('',(0.133,-1.0671281225251E-17,-0.017));
#14161=CARTESIAN_POINT('',(0.233,-1.28055374703012E-17,-0.017));
#14162=CARTESIAN_POINT('',(0.117,-1.0671281225251E-17,-0.017));
#14163=CARTESIAN_POINT('',(0.117,0.0090000000000005,-0.0403238075793815));
#14164=CARTESIAN_POINT('',(0.233,0.0090000000000005,-0.0403238075793815));
#14165=CARTESIAN_POINT('',(0.0829999999999999,0.0090000000000005,-0.0403238075793815));
#14166=CARTESIAN_POINT('',(0.0829999999999999,-1.0671281225251E-17,-0.017));
#14167=CARTESIAN_POINT('',(0.233,-1.28055374703012E-17,-0.017));
#14168=CARTESIAN_POINT('',(0.067,-1.0671281225251E-17,-0.017));
#14169=CARTESIAN_POINT('',(0.067,0.0090000000000005,-0.0403238075793815));
#14170=CARTESIAN_POINT('',(0.233,0.0090000000000005,-0.0403238075793815));
#14171=CARTESIAN_POINT('',(0.0329999999999999,0.0090000000000005,-0.0403238075793815));
#14172=CARTESIAN_POINT('',(0.0329999999999999,-1.0671281225251E-17,-0.017));
#14173=CARTESIAN_POINT('',(0.233,-1.28055374703012E-17,-0.017));
#14174=CARTESIAN_POINT('',(0.0169999999999999,-1.0671281225251E-17,-0.017));
#14175=CARTESIAN_POINT('',(0.0169999999999999,0.0090000000000005,-0.0403238075793815));
#14176=CARTESIAN_POINT('',(0.233,0.0090000000000005,-0.0403238075793815));
#14177=CARTESIAN_POINT('',(-0.017,0.0090000000000005,-0.0403238075793815));
#14178=CARTESIAN_POINT('',(-0.017,-1.0671281225251E-17,-0.017));
#14179=CARTESIAN_POINT('',(0.233,-1.28055374703012E-17,-0.017));
#14180=CARTESIAN_POINT('',(-0.033,-1.0671281225251E-17,-0.017));
#14181=CARTESIAN_POINT('',(-0.033,0.0090000000000005,-0.0403238075793815));
#14182=CARTESIAN_POINT('',(0.233,0.0090000000000005,-0.0403238075793815));
#14183=CARTESIAN_POINT('',(-0.067,0.0090000000000005,-0.0403238075793815));
#14184=CARTESIAN_POINT('',(-0.067,-1.0671281225251E-17,-0.017));
#14185=CARTESIAN_POINT('',(0.233,-1.28055374703012E-17,-0.017));
#14186=CARTESIAN_POINT('',(-0.083,-1.0671281225251E-17,-0.017));
#14187=CARTESIAN_POINT('',(-0.083,0.0090000000000005,-0.0403238075793815));
#14188=CARTESIAN_POINT('',(0.233,0.0090000000000005,-0.0403238075793815));
#14189=CARTESIAN_POINT('',(-0.117,0.0090000000000005,-0.0403238075793815));
#14190=CARTESIAN_POINT('',(-0.117,-1.0671281225251E-17,-0.017));
#14191=CARTESIAN_POINT('',(0.233,-1.28055374703012E-17,-0.017));
#14192=CARTESIAN_POINT('',(-0.133,-1.0671281225251E-17,-0.017));
#14193=CARTESIAN_POINT('',(-0.133,0.0090000000000005,-0.0403238075793815));
#14194=CARTESIAN_POINT('',(0.233,0.0090000000000005,-0.0403238075793815));
#14195=CARTESIAN_POINT('',(-0.167,0.0090000000000005,-0.0403238075793815));
#14196=CARTESIAN_POINT('',(-0.167,-1.0671281225251E-17,-0.017));
#14197=CARTESIAN_POINT('',(0.233,-1.28055374703012E-17,-0.017));
#14198=CARTESIAN_POINT('',(-0.183,-1.0671281225251E-17,-0.017));
#14199=CARTESIAN_POINT('',(-0.183,0.0090000000000005,-0.0403238075793815));
#14200=CARTESIAN_POINT('',(0.233,-8.67361737988404E-18,-0.017));
#14201=CARTESIAN_POINT('',(0.217,-8.67361737988404E-18,-0.017));
#14202=CARTESIAN_POINT('',(0.217,0.01,-0.017));
#14203=CARTESIAN_POINT('',(0.233,-8.67361737988404E-18,-0.017));
#14204=CARTESIAN_POINT('',(0.233,0.01,-0.017));
#14205=CARTESIAN_POINT('',(0.233,0.01,-0.017));
#14206=CARTESIAN_POINT('',(0.233,-8.67361737988404E-18,-0.017));
#14207=CARTESIAN_POINT('',(0.183,-8.67361737988404E-18,-0.017));
#14208=CARTESIAN_POINT('',(0.183,0.01,-0.017));
#14209=CARTESIAN_POINT('',(0.233,0.01,-0.017));
#14210=CARTESIAN_POINT('',(0.167,0.01,-0.017));
#14211=CARTESIAN_POINT('',(0.167,-8.67361737988404E-18,-0.017));
#14212=CARTESIAN_POINT('',(0.233,-8.67361737988404E-18,-0.017));
#14213=CARTESIAN_POINT('',(0.133,-8.67361737988404E-18,-0.017));
#14214=CARTESIAN_POINT('',(0.133,0.01,-0.017));
#14215=CARTESIAN_POINT('',(0.233,0.01,-0.017));
#14216=CARTESIAN_POINT('',(0.117,0.01,-0.017));
#14217=CARTESIAN_POINT('',(0.117,-8.67361737988404E-18,-0.017));
#14218=CARTESIAN_POINT('',(0.233,-8.67361737988404E-18,-0.017));
#14219=CARTESIAN_POINT('',(0.0829999999999999,-8.67361737988404E-18,-0.017));
#14220=CARTESIAN_POINT('',(0.0829999999999999,0.01,-0.017));
#14221=CARTESIAN_POINT('',(0.233,0.01,-0.017));
#14222=CARTESIAN_POINT('',(0.0669999999999999,0.01,-0.017));
#14223=CARTESIAN_POINT('',(0.067,-8.67361737988404E-18,-0.017));
#14224=CARTESIAN_POINT('',(0.233,-8.67361737988404E-18,-0.017));
#14225=CARTESIAN_POINT('',(0.0329999999999999,-8.67361737988404E-18,-0.017));
#14226=CARTESIAN_POINT('',(0.0329999999999999,0.01,-0.017));
#14227=CARTESIAN_POINT('',(0.233,0.01,-0.017));
#14228=CARTESIAN_POINT('',(0.017,0.01,-0.017));
#14229=CARTESIAN_POINT('',(0.0169999999999999,-8.67361737988404E-18,-0.017));
#14230=CARTESIAN_POINT('',(0.233,-8.67361737988404E-18,-0.017));
#14231=CARTESIAN_POINT('',(-0.017,-8.67361737988404E-18,-0.017));
#14232=CARTESIAN_POINT('',(-0.017,0.01,-0.017));
#14233=CARTESIAN_POINT('',(0.233,0.01,-0.017));
#14234=CARTESIAN_POINT('',(-0.033,0.01,-0.017));
#14235=CARTESIAN_POINT('',(-0.033,-8.67361737988404E-18,-0.017));
#14236=CARTESIAN_POINT('',(0.233,-8.67361737988404E-18,-0.017));
#14237=CARTESIAN_POINT('',(-0.067,-8.67361737988404E-18,-0.017));
#14238=CARTESIAN_POINT('',(-0.067,0.01,-0.017));
#14239=CARTESIAN_POINT('',(0.233,0.01,-0.017));
#14240=CARTESIAN_POINT('',(-0.083,0.01,-0.017));
#14241=CARTESIAN_POINT('',(-0.083,-8.67361737988404E-18,-0.017));
#14242=CARTESIAN_POINT('',(0.233,-8.67361737988404E-18,-0.017));
#14243=CARTESIAN_POINT('',(-0.117,-8.67361737988404E-18,-0.017));
#14244=CARTESIAN_POINT('',(-0.117,0.01,-0.017));
#14245=CARTESIAN_POINT('',(0.233,0.01,-0.017));
#14246=CARTESIAN_POINT('',(-0.133,0.01,-0.017));
#14247=CARTESIAN_POINT('',(-0.133,-8.67361737988404E-18,-0.017));
#14248=CARTESIAN_POINT('',(0.233,-8.67361737988404E-18,-0.017));
#14249=CARTESIAN_POINT('',(-0.167,-8.67361737988404E-18,-0.017));
#14250=CARTESIAN_POINT('',(-0.167,0.01,-0.017));
#14251=CARTESIAN_POINT('',(0.233,0.01,-0.017));
#14252=CARTESIAN_POINT('',(-0.183,0.01,-0.017));
#14253=CARTESIAN_POINT('',(-0.183,-8.67361737988404E-18,-0.017));
#14254=CARTESIAN_POINT('',(0.233,0.01,0.017));
#14255=CARTESIAN_POINT('',(0.217,0.01,0.017));
#14256=CARTESIAN_POINT('',(0.217,0.01,0.017));
#14257=CARTESIAN_POINT('',(0.217,-8.53702498020082E-18,0.017));
#14258=CARTESIAN_POINT('',(0.233,0.01,0.017));
#14259=CARTESIAN_POINT('',(0.233,0.01,0.017));
#14260=CARTESIAN_POINT('',(0.233,0.01,0.017));
#14261=CARTESIAN_POINT('',(0.233,-8.53702498020082E-18,0.017));
#14262=CARTESIAN_POINT('',(0.233,-8.53702498020082E-18,0.017));
#14263=CARTESIAN_POINT('',(0.233,0.01,0.017));
#14264=CARTESIAN_POINT('',(0.183,0.01,0.017));
#14265=CARTESIAN_POINT('',(0.183,-8.53702498020082E-18,0.017));
#14266=CARTESIAN_POINT('',(0.183,0.01,0.017));
#14267=CARTESIAN_POINT('',(0.233,-8.53702498020082E-18,0.017));
#14268=CARTESIAN_POINT('',(0.167,-8.53702498020082E-18,0.017));
#14269=CARTESIAN_POINT('',(0.167,0.01,0.017));
#14270=CARTESIAN_POINT('',(0.167,0.01,0.017));
#14271=CARTESIAN_POINT('',(0.233,0.01,0.017));
#14272=CARTESIAN_POINT('',(0.233,0.01,0.017));
#14273=CARTESIAN_POINT('',(0.133,0.01,0.017));
#14274=CARTESIAN_POINT('',(0.133,-8.53702498020082E-18,0.017));
#14275=CARTESIAN_POINT('',(0.133,0.01,0.017));
#14276=CARTESIAN_POINT('',(0.233,-8.53702498020082E-18,0.017));
#14277=CARTESIAN_POINT('',(0.117,-8.53702498020082E-18,0.017));
#14278=CARTESIAN_POINT('',(0.117,0.01,0.017));
#14279=CARTESIAN_POINT('',(0.117,0.01,0.017));
#14280=CARTESIAN_POINT('',(0.233,0.01,0.017));
#14281=CARTESIAN_POINT('',(0.233,0.01,0.017));
#14282=CARTESIAN_POINT('',(0.0829999999999999,0.01,0.017));
#14283=CARTESIAN_POINT('',(0.0829999999999999,-8.53702498020082E-18,0.017));
#14284=CARTESIAN_POINT('',(0.0829999999999999,0.01,0.017));
#14285=CARTESIAN_POINT('',(0.233,-8.53702498020082E-18,0.017));
#14286=CARTESIAN_POINT('',(0.067,-8.53702498020082E-18,0.017));
#14287=CARTESIAN_POINT('',(0.067,0.01,0.017));
#14288=CARTESIAN_POINT('',(0.0669999999999999,0.01,0.017));
#14289=CARTESIAN_POINT('',(0.233,0.01,0.017));
#14290=CARTESIAN_POINT('',(0.233,0.01,0.017));
#14291=CARTESIAN_POINT('',(0.0329999999999999,0.01,0.017));
#14292=CARTESIAN_POINT('',(0.0329999999999999,-8.53702498020082E-18,0.017));
#14293=CARTESIAN_POINT('',(0.0329999999999999,0.01,0.017));
#14294=CARTESIAN_POINT('',(0.233,-8.53702498020082E-18,0.017));
#14295=CARTESIAN_POINT('',(0.0169999999999999,-8.53702498020082E-18,0.017));
#14296=CARTESIAN_POINT('',(0.0169999999999999,0.01,0.017));
#14297=CARTESIAN_POINT('',(0.017,0.01,0.017));
#14298=CARTESIAN_POINT('',(0.233,0.01,0.017));
#14299=CARTESIAN_POINT('',(0.233,0.01,0.017));
#14300=CARTESIAN_POINT('',(-0.017,0.01,0.017));
#14301=CARTESIAN_POINT('',(-0.017,-8.53702498020082E-18,0.017));
#14302=CARTESIAN_POINT('',(-0.017,0.01,0.017));
#14303=CARTESIAN_POINT('',(0.233,-8.53702498020082E-18,0.017));
#14304=CARTESIAN_POINT('',(-0.033,-8.53702498020082E-18,0.017));
#14305=CARTESIAN_POINT('',(-0.033,0.01,0.017));
#14306=CARTESIAN_POINT('',(-0.033,0.01,0.017));
#14307=CARTESIAN_POINT('',(0.233,0.01,0.017));
#14308=CARTESIAN_POINT('',(0.233,0.01,0.017));
#14309=CARTESIAN_POINT('',(-0.117,0.01,0.017));
#14310=CARTESIAN_POINT('',(-0.117,-8.53702498020082E-18,0.017));
#14311=CARTESIAN_POINT('',(-0.117,0.01,0.017));
#14312=CARTESIAN_POINT('',(0.233,-8.53702498020082E-18,0.017));
#14313=CARTESIAN_POINT('',(-0.133,-8.53702498020082E-18,0.017));
#14314=CARTESIAN_POINT('',(-0.133,0.01,0.017));
#14315=CARTESIAN_POINT('',(-0.133,0.01,0.017));
#14316=CARTESIAN_POINT('',(0.233,0.01,0.017));
#14317=CARTESIAN_POINT('',(0.233,0.01,0.017));
#14318=CARTESIAN_POINT('',(-0.167,0.01,0.017));
#14319=CARTESIAN_POINT('',(-0.167,-8.53702498020082E-18,0.017));
#14320=CARTESIAN_POINT('',(-0.167,0.01,0.017));
#14321=CARTESIAN_POINT('',(0.233,-8.53702498020082E-18,0.017));
#14322=CARTESIAN_POINT('',(-0.183,-8.53702498020082E-18,0.017));
#14323=CARTESIAN_POINT('',(-0.183,0.01,0.017));
#14324=CARTESIAN_POINT('',(-0.183,0.01,0.017));
#14325=CARTESIAN_POINT('',(0.233,0.01,0.017));
#14326=CARTESIAN_POINT('',(0.233,0.00900000000000052,0.0403238075793816));
#14327=CARTESIAN_POINT('',(0.217,0.00900000000000052,0.0403238075793816));
#14328=CARTESIAN_POINT('',(0.217,-0.016,0.0403238075793815));
#14329=CARTESIAN_POINT('',(0.233,0.00900000000000052,0.0403238075793816));
#14330=CARTESIAN_POINT('',(0.233,-0.016,0.0403238075793815));
#14331=CARTESIAN_POINT('',(0.233,-0.016,0.0403238075793815));
#14332=CARTESIAN_POINT('',(0.233,0.00900000000000052,0.0403238075793816));
#14333=CARTESIAN_POINT('',(0.183,0.00900000000000052,0.0403238075793816));
#14334=CARTESIAN_POINT('',(0.183,-0.016,0.0403238075793815));
#14335=CARTESIAN_POINT('',(0.233,-0.016,0.0403238075793815));
#14336=CARTESIAN_POINT('',(0.167,-0.016,0.0403238075793815));
#14337=CARTESIAN_POINT('',(0.167,0.00900000000000052,0.0403238075793816));
#14338=CARTESIAN_POINT('',(0.233,0.00900000000000052,0.0403238075793816));
#14339=CARTESIAN_POINT('',(0.133,0.00900000000000052,0.0403238075793816));
#14340=CARTESIAN_POINT('',(0.133,-0.016,0.0403238075793815));
#14341=CARTESIAN_POINT('',(0.233,-0.016,0.0403238075793815));
#14342=CARTESIAN_POINT('',(0.117,-0.016,0.0403238075793815));
#14343=CARTESIAN_POINT('',(0.117,0.00900000000000052,0.0403238075793816));
#14344=CARTESIAN_POINT('',(0.233,0.00900000000000052,0.0403238075793816));
#14345=CARTESIAN_POINT('',(0.0829999999999999,0.00900000000000052,0.0403238075793816));
#14346=CARTESIAN_POINT('',(0.0829999999999999,-0.016,0.0403238075793815));
#14347=CARTESIAN_POINT('',(0.233,-0.016,0.0403238075793815));
#14348=CARTESIAN_POINT('',(0.067,-0.016,0.0403238075793815));
#14349=CARTESIAN_POINT('',(0.067,0.00900000000000052,0.0403238075793816));
#14350=CARTESIAN_POINT('',(0.233,0.00900000000000052,0.0403238075793816));
#14351=CARTESIAN_POINT('',(0.0329999999999999,0.00900000000000052,0.0403238075793816));
#14352=CARTESIAN_POINT('',(0.0329999999999999,-0.016,0.0403238075793815));
#14353=CARTESIAN_POINT('',(0.233,-0.016,0.0403238075793815));
#14354=CARTESIAN_POINT('',(0.0169999999999999,-0.016,0.0403238075793815));
#14355=CARTESIAN_POINT('',(0.0169999999999999,0.00900000000000052,0.0403238075793816));
#14356=CARTESIAN_POINT('',(0.233,0.00900000000000052,0.0403238075793816));
#14357=CARTESIAN_POINT('',(-0.017,0.00900000000000052,0.0403238075793816));
#14358=CARTESIAN_POINT('',(-0.017,-0.016,0.0403238075793815));
#14359=CARTESIAN_POINT('',(0.233,-0.016,0.0403238075793815));
#14360=CARTESIAN_POINT('',(-0.033,-0.016,0.0403238075793815));
#14361=CARTESIAN_POINT('',(-0.033,0.00900000000000052,0.0403238075793816));
#14362=CARTESIAN_POINT('',(0.233,0.00900000000000052,0.0403238075793816));
#14363=CARTESIAN_POINT('',(-0.117,0.00900000000000052,0.0403238075793816));
#14364=CARTESIAN_POINT('',(-0.117,-0.016,0.0403238075793815));
#14365=CARTESIAN_POINT('',(0.233,-0.016,0.0403238075793815));
#14366=CARTESIAN_POINT('',(-0.133,-0.016,0.0403238075793815));
#14367=CARTESIAN_POINT('',(-0.133,0.00900000000000052,0.0403238075793816));
#14368=CARTESIAN_POINT('',(0.233,0.00900000000000052,0.0403238075793816));
#14369=CARTESIAN_POINT('',(-0.167,0.00900000000000052,0.0403238075793816));
#14370=CARTESIAN_POINT('',(-0.167,-0.016,0.0403238075793815));
#14371=CARTESIAN_POINT('',(0.233,-0.016,0.0403238075793815));
#14372=CARTESIAN_POINT('',(-0.183,-0.016,0.0403238075793815));
#14373=CARTESIAN_POINT('',(-0.183,0.00900000000000052,0.0403238075793816));
#14374=CARTESIAN_POINT('',(0.233,-0.016,0.0403238075793815));
#14375=CARTESIAN_POINT('',(0.217,-0.016,0.0403238075793815));
#14376=CARTESIAN_POINT('',(0.217,-0.016,0.115));
#14377=CARTESIAN_POINT('',(0.233,-0.016,0.0403238075793815));
#14378=CARTESIAN_POINT('',(0.233,-0.016,0.115));
#14379=CARTESIAN_POINT('',(0.233,-0.016,0.115));
#14380=CARTESIAN_POINT('',(0.233,-0.016,0.0403238075793815));
#14381=CARTESIAN_POINT('',(0.183,-0.016,0.0403238075793815));
#14382=CARTESIAN_POINT('',(0.183,-0.016,0.115));
#14383=CARTESIAN_POINT('',(0.233,-0.016,0.115));
#14384=CARTESIAN_POINT('',(0.167,-0.016,0.115));
#14385=CARTESIAN_POINT('',(0.167,-0.016,0.0403238075793815));
#14386=CARTESIAN_POINT('',(0.233,-0.016,0.0403238075793815));
#14387=CARTESIAN_POINT('',(0.133,-0.016,0.0403238075793815));
#14388=CARTESIAN_POINT('',(0.133,-0.016,0.115));
#14389=CARTESIAN_POINT('',(0.233,-0.016,0.115));
#14390=CARTESIAN_POINT('',(0.117,-0.016,0.115));
#14391=CARTESIAN_POINT('',(0.117,-0.016,0.0403238075793815));
#14392=CARTESIAN_POINT('',(0.233,-0.016,0.0403238075793815));
#14393=CARTESIAN_POINT('',(0.0829999999999999,-0.016,0.0403238075793815));
#14394=CARTESIAN_POINT('',(0.0829999999999999,-0.016,0.115));
#14395=CARTESIAN_POINT('',(0.233,-0.016,0.115));
#14396=CARTESIAN_POINT('',(0.067,-0.016,0.115));
#14397=CARTESIAN_POINT('',(0.067,-0.016,0.0403238075793815));
#14398=CARTESIAN_POINT('',(0.233,-0.016,0.0403238075793815));
#14399=CARTESIAN_POINT('',(0.0329999999999999,-0.016,0.0403238075793815));
#14400=CARTESIAN_POINT('',(0.0329999999999999,-0.016,0.115));
#14401=CARTESIAN_POINT('',(0.233,-0.016,0.115));
#14402=CARTESIAN_POINT('',(0.0169999999999999,-0.016,0.115));
#14403=CARTESIAN_POINT('',(0.0169999999999999,-0.016,0.0403238075793815));
#14404=CARTESIAN_POINT('',(0.233,-0.016,0.0403238075793815));
#14405=CARTESIAN_POINT('',(-0.017,-0.016,0.0403238075793815));
#14406=CARTESIAN_POINT('',(-0.017,-0.016,0.115));
#14407=CARTESIAN_POINT('',(0.233,-0.016,0.115));
#14408=CARTESIAN_POINT('',(-0.033,-0.016,0.115));
#14409=CARTESIAN_POINT('',(-0.033,-0.016,0.0403238075793815));
#14410=CARTESIAN_POINT('',(0.233,-0.016,0.0403238075793815));
#14411=CARTESIAN_POINT('',(-0.117,-0.016,0.0403238075793815));
#14412=CARTESIAN_POINT('',(-0.117,-0.016,0.115));
#14413=CARTESIAN_POINT('',(0.233,-0.016,0.115));
#14414=CARTESIAN_POINT('',(-0.133,-0.016,0.115));
#14415=CARTESIAN_POINT('',(-0.133,-0.016,0.0403238075793815));
#14416=CARTESIAN_POINT('',(0.233,-0.016,0.0403238075793815));
#14417=CARTESIAN_POINT('',(-0.167,-0.016,0.0403238075793815));
#14418=CARTESIAN_POINT('',(-0.167,-0.016,0.115));
#14419=CARTESIAN_POINT('',(0.233,-0.016,0.115));
#14420=CARTESIAN_POINT('',(-0.183,-0.016,0.115));
#14421=CARTESIAN_POINT('',(-0.183,-0.016,0.0403238075793815));
#14422=CARTESIAN_POINT('',(0.233,-0.016,0.115));
#14423=CARTESIAN_POINT('',(0.217,-0.016,0.115));
#14424=CARTESIAN_POINT('',(0.217,0.,0.115));
#14425=CARTESIAN_POINT('',(0.233,-0.016,0.115));
#14426=CARTESIAN_POINT('',(0.233,0.,0.115));
#14427=CARTESIAN_POINT('',(0.233,0.,0.115));
#14428=CARTESIAN_POINT('',(0.233,-0.016,0.115));
#14429=CARTESIAN_POINT('',(0.183,-0.016,0.115));
#14430=CARTESIAN_POINT('',(0.183,0.,0.115));
#14431=CARTESIAN_POINT('',(0.233,0.,0.115));
#14432=CARTESIAN_POINT('',(0.167,0.,0.115));
#14433=CARTESIAN_POINT('',(0.167,-0.016,0.115));
#14434=CARTESIAN_POINT('',(0.233,-0.016,0.115));
#14435=CARTESIAN_POINT('',(0.133,-0.016,0.115));
#14436=CARTESIAN_POINT('',(0.133,0.,0.115));
#14437=CARTESIAN_POINT('',(0.233,0.,0.115));
#14438=CARTESIAN_POINT('',(0.117,0.,0.115));
#14439=CARTESIAN_POINT('',(0.117,-0.016,0.115));
#14440=CARTESIAN_POINT('',(0.233,-0.016,0.115));
#14441=CARTESIAN_POINT('',(0.0829999999999999,-0.016,0.115));
#14442=CARTESIAN_POINT('',(0.0829999999999999,0.,0.115));
#14443=CARTESIAN_POINT('',(0.233,0.,0.115));
#14444=CARTESIAN_POINT('',(0.067,0.,0.115));
#14445=CARTESIAN_POINT('',(0.067,-0.016,0.115));
#14446=CARTESIAN_POINT('',(0.233,-0.016,0.115));
#14447=CARTESIAN_POINT('',(0.0329999999999999,-0.016,0.115));
#14448=CARTESIAN_POINT('',(0.0329999999999999,0.,0.115));
#14449=CARTESIAN_POINT('',(0.233,0.,0.115));
#14450=CARTESIAN_POINT('',(0.0169999999999999,0.,0.115));
#14451=CARTESIAN_POINT('',(0.0169999999999999,-0.016,0.115));
#14452=CARTESIAN_POINT('',(0.233,-0.016,0.115));
#14453=CARTESIAN_POINT('',(-0.017,-0.016,0.115));
#14454=CARTESIAN_POINT('',(-0.017,0.,0.115));
#14455=CARTESIAN_POINT('',(0.233,0.,0.115));
#14456=CARTESIAN_POINT('',(-0.033,0.,0.115));
#14457=CARTESIAN_POINT('',(-0.033,-0.016,0.115));
#14458=CARTESIAN_POINT('',(0.233,-0.016,0.115));
#14459=CARTESIAN_POINT('',(-0.117,-0.016,0.115));
#14460=CARTESIAN_POINT('',(-0.117,0.,0.115));
#14461=CARTESIAN_POINT('',(0.233,0.,0.115));
#14462=CARTESIAN_POINT('',(-0.133,0.,0.115));
#14463=CARTESIAN_POINT('',(-0.133,-0.016,0.115));
#14464=CARTESIAN_POINT('',(0.233,-0.016,0.115));
#14465=CARTESIAN_POINT('',(-0.167,-0.016,0.115));
#14466=CARTESIAN_POINT('',(-0.167,0.,0.115));
#14467=CARTESIAN_POINT('',(0.233,0.,0.115));
#14468=CARTESIAN_POINT('',(-0.183,0.,0.115));
#14469=CARTESIAN_POINT('',(-0.183,-0.016,0.115));
#14470=CARTESIAN_POINT('',(0.233,0.,0.115));
#14471=CARTESIAN_POINT('',(0.217,0.,0.115));
#14472=CARTESIAN_POINT('',(0.233,0.,0.115));
#14473=CARTESIAN_POINT('',(0.233,0.,0.115));
#14474=CARTESIAN_POINT('',(0.183,0.,0.115));
#14475=CARTESIAN_POINT('',(0.167,0.,0.115));
#14476=CARTESIAN_POINT('',(0.233,0.,0.115));
#14477=CARTESIAN_POINT('',(0.133,0.,0.115));
#14478=CARTESIAN_POINT('',(0.117,0.,0.115));
#14479=CARTESIAN_POINT('',(0.233,0.,0.115));
#14480=CARTESIAN_POINT('',(0.0829999999999999,0.,0.115));
#14481=CARTESIAN_POINT('',(0.067,0.,0.115));
#14482=CARTESIAN_POINT('',(0.233,0.,0.115));
#14483=CARTESIAN_POINT('',(0.0329999999999999,0.,0.115));
#14484=CARTESIAN_POINT('',(0.0169999999999999,0.,0.115));
#14485=CARTESIAN_POINT('',(0.233,0.,0.115));
#14486=CARTESIAN_POINT('',(-0.017,0.,0.115));
#14487=CARTESIAN_POINT('',(-0.033,0.,0.115));
#14488=CARTESIAN_POINT('',(0.233,0.,0.115));
#14489=CARTESIAN_POINT('',(-0.117,0.,0.115));
#14490=CARTESIAN_POINT('',(-0.133,0.,0.115));
#14491=CARTESIAN_POINT('',(0.233,0.,0.115));
#14492=CARTESIAN_POINT('',(-0.167,0.,0.115));
#14493=CARTESIAN_POINT('',(-0.183,0.,0.115));
#14494=CARTESIAN_POINT('',(0.233,0.,-0.066));
#14495=CARTESIAN_POINT('',(-0.217,0.,-0.066));
#14496=CARTESIAN_POINT('',(-0.217,0.,-0.115));
#14497=CARTESIAN_POINT('',(-0.217,0.,-0.066));
#14498=CARTESIAN_POINT('',(0.233,0.,-0.115));
#14499=CARTESIAN_POINT('',(-0.233,0.,-0.115));
#14500=CARTESIAN_POINT('',(-0.233,0.,-0.066));
#14501=CARTESIAN_POINT('',(-0.233,0.,-0.066));
#14502=CARTESIAN_POINT('',(0.233,0.,-0.066));
#14503=CARTESIAN_POINT('',(0.233,0.,-0.115));
#14504=CARTESIAN_POINT('',(-0.217,0.,-0.115));
#14505=CARTESIAN_POINT('',(-0.217,-0.016,-0.115));
#14506=CARTESIAN_POINT('',(0.233,-0.016,-0.115));
#14507=CARTESIAN_POINT('',(-0.233,-0.016,-0.115));
#14508=CARTESIAN_POINT('',(-0.233,0.,-0.115));
#14509=CARTESIAN_POINT('',(0.233,-0.016,-0.115));
#14510=CARTESIAN_POINT('',(-0.217,-0.016,-0.115));
#14511=CARTESIAN_POINT('',(-0.217,-0.016,-0.0403238075793815));
#14512=CARTESIAN_POINT('',(0.233,-0.016,-0.0403238075793815));
#14513=CARTESIAN_POINT('',(-0.233,-0.016,-0.0403238075793815));
#14514=CARTESIAN_POINT('',(-0.233,-0.016,-0.115));
#14515=CARTESIAN_POINT('',(0.233,0.0090000000000005,-0.0403238075793815));
#14516=CARTESIAN_POINT('',(-0.217,0.0090000000000005,-0.0403238075793815));
#14517=CARTESIAN_POINT('',(-0.217,-1.0671281225251E-17,-0.017));
#14518=CARTESIAN_POINT('',(0.233,-1.28055374703012E-17,-0.017));
#14519=CARTESIAN_POINT('',(-0.233,-1.28055374703012E-17,-0.017));
#14520=CARTESIAN_POINT('',(-0.233,0.0090000000000005,-0.0403238075793815));
#14521=CARTESIAN_POINT('',(0.233,-8.67361737988404E-18,-0.017));
#14522=CARTESIAN_POINT('',(-0.217,-8.67361737988404E-18,-0.017));
#14523=CARTESIAN_POINT('',(-0.217,0.01,-0.017));
#14524=CARTESIAN_POINT('',(0.233,0.01,-0.017));
#14525=CARTESIAN_POINT('',(-0.233,0.01,-0.017));
#14526=CARTESIAN_POINT('',(-0.233,-8.67361737988404E-18,-0.017));
#14527=CARTESIAN_POINT('',(0.233,0.01,-0.017));
#14528=CARTESIAN_POINT('',(-0.217,0.01,0.5));
#14529=CARTESIAN_POINT('',(-0.217,0.0100000000000001,-0.0555930905438933));
#14530=CARTESIAN_POINT('',(0.233,0.00999999999999991,-0.0555930905438935));
#14531=CARTESIAN_POINT('',(-0.183,0.01,-0.0555930905438934));
#14532=CARTESIAN_POINT('',(-0.183,0.01,0.5));
#14533=CARTESIAN_POINT('',(-0.167,0.01,0.5));
#14534=CARTESIAN_POINT('',(-0.167,0.0100000000000001,-0.0555930905438933));
#14535=CARTESIAN_POINT('',(0.233,0.00999999999999991,-0.0555930905438935));
#14536=CARTESIAN_POINT('',(-0.133,0.01,-0.0555930905438935));
#14537=CARTESIAN_POINT('',(-0.133,0.01,0.5));
#14538=CARTESIAN_POINT('',(-0.117,0.01,0.5));
#14539=CARTESIAN_POINT('',(-0.117,0.0100000000000001,-0.0555930905438933));
#14540=CARTESIAN_POINT('',(0.233,0.00999999999999993,-0.0555930905438935));
#14541=CARTESIAN_POINT('',(-0.083,0.01,-0.0555930905438934));
#14542=CARTESIAN_POINT('',(-0.083,0.01,0.5));
#14543=CARTESIAN_POINT('',(-0.067,0.01,0.5));
#14544=CARTESIAN_POINT('',(-0.067,0.0100000000000001,-0.0555930905438933));
#14545=CARTESIAN_POINT('',(0.233,0.00999999999999993,-0.0555930905438935));
#14546=CARTESIAN_POINT('',(-0.033,0.01,-0.0555930905438935));
#14547=CARTESIAN_POINT('',(-0.033,0.01,0.5));
#14548=CARTESIAN_POINT('',(-0.017,0.01,0.5));
#14549=CARTESIAN_POINT('',(-0.017,0.0100000000000001,-0.0555930905438933));
#14550=CARTESIAN_POINT('',(0.233,0.00999999999999995,-0.0555930905438935));
#14551=CARTESIAN_POINT('',(0.017,0.01,-0.0555930905438934));
#14552=CARTESIAN_POINT('',(0.017,0.01,0.5));
#14553=CARTESIAN_POINT('',(0.0329999999999999,0.01,0.5));
#14554=CARTESIAN_POINT('',(0.0329999999999999,0.0100000000000001,-0.0555930905438933));
#14555=CARTESIAN_POINT('',(0.233,0.00999999999999997,-0.0555930905438935));
#14556=CARTESIAN_POINT('',(0.0669999999999999,0.01,-0.0555930905438934));
#14557=CARTESIAN_POINT('',(0.0669999999999999,0.01,0.5));
#14558=CARTESIAN_POINT('',(0.0829999999999999,0.01,0.5));
#14559=CARTESIAN_POINT('',(0.0829999999999999,0.0100000000000001,-0.0555930905438933));
#14560=CARTESIAN_POINT('',(0.233,0.00999999999999998,-0.0555930905438935));
#14561=CARTESIAN_POINT('',(0.117,0.01,-0.0555930905438934));
#14562=CARTESIAN_POINT('',(0.117,0.01,0.5));
#14563=CARTESIAN_POINT('',(0.133,0.01,0.5));
#14564=CARTESIAN_POINT('',(0.133,0.0100000000000001,-0.0555930905438933));
#14565=CARTESIAN_POINT('',(0.233,0.00999999999999999,-0.0555930905438934));
#14566=CARTESIAN_POINT('',(0.167,0.01,-0.0555930905438934));
#14567=CARTESIAN_POINT('',(0.167,0.01,0.5));
#14568=CARTESIAN_POINT('',(0.183,0.01,0.5));
#14569=CARTESIAN_POINT('',(0.183,0.0100000000000001,-0.0555930905438933));
#14570=CARTESIAN_POINT('',(0.233,0.01,-0.0555930905438934));
#14571=CARTESIAN_POINT('',(0.217,0.01,-0.0555930905438935));
#14572=CARTESIAN_POINT('',(0.217,0.01,0.5));
#14573=CARTESIAN_POINT('',(0.233,0.01,-0.017));
#14574=CARTESIAN_POINT('',(0.217,0.01,0.5));
#14575=CARTESIAN_POINT('',(0.183,0.01,0.5));
#14576=CARTESIAN_POINT('',(0.167,0.01,0.5));
#14577=CARTESIAN_POINT('',(0.133,0.01,0.5));
#14578=CARTESIAN_POINT('',(0.117,0.01,0.5));
#14579=CARTESIAN_POINT('',(0.0829999999999999,0.01,0.5));
#14580=CARTESIAN_POINT('',(0.0669999999999999,0.01,0.5));
#14581=CARTESIAN_POINT('',(0.0329999999999999,0.01,0.5));
#14582=CARTESIAN_POINT('',(0.017,0.01,0.5));
#14583=CARTESIAN_POINT('',(-0.017,0.01,0.5));
#14584=CARTESIAN_POINT('',(-0.033,0.01,0.5));
#14585=CARTESIAN_POINT('',(-0.067,0.01,0.5));
#14586=CARTESIAN_POINT('',(-0.067,0.01,0.032999999999998));
#14587=CARTESIAN_POINT('',(-0.067,0.01,0.5));
#14588=CARTESIAN_POINT('',(-0.067,0.01,0.016999999999999));
#14589=CARTESIAN_POINT('',(0.233,0.01,0.017));
#14590=CARTESIAN_POINT('',(-0.083,0.01,0.016999999999999));
#14591=CARTESIAN_POINT('',(-0.083,0.01,0.5));
#14592=CARTESIAN_POINT('',(-0.083,0.01,0.032999999999998));
#14593=CARTESIAN_POINT('',(-0.083,0.01,0.5));
#14594=CARTESIAN_POINT('',(-0.117,0.01,0.5));
#14595=CARTESIAN_POINT('',(-0.133,0.01,0.5));
#14596=CARTESIAN_POINT('',(-0.167,0.01,0.5));
#14597=CARTESIAN_POINT('',(-0.183,0.01,0.5));
#14598=CARTESIAN_POINT('',(-0.217,0.01,0.5));
#14599=CARTESIAN_POINT('',(-0.217,0.01,0.017));
#14600=CARTESIAN_POINT('',(0.233,0.01,0.017));
#14601=CARTESIAN_POINT('',(-0.233,0.01,0.017));
#14602=CARTESIAN_POINT('',(-0.233,0.01,-0.017));
#14603=CARTESIAN_POINT('',(0.233,0.01,0.017));
#14604=CARTESIAN_POINT('',(-0.217,0.01,0.017));
#14605=CARTESIAN_POINT('',(-0.217,-8.53702498020082E-18,0.017));
#14606=CARTESIAN_POINT('',(0.233,-8.53702498020082E-18,0.017));
#14607=CARTESIAN_POINT('',(-0.233,-8.53702498020082E-18,0.017));
#14608=CARTESIAN_POINT('',(-0.233,0.01,0.017));
#14609=CARTESIAN_POINT('',(0.233,0.00900000000000052,0.0403238075793816));
#14610=CARTESIAN_POINT('',(-0.217,0.00900000000000052,0.0403238075793816));
#14611=CARTESIAN_POINT('',(-0.217,-0.016,0.0403238075793815));
#14612=CARTESIAN_POINT('',(0.233,-0.016,0.0403238075793815));
#14613=CARTESIAN_POINT('',(-0.233,-0.016,0.0403238075793815));
#14614=CARTESIAN_POINT('',(-0.233,0.00900000000000052,0.0403238075793816));
#14615=CARTESIAN_POINT('',(0.233,-0.016,0.0403238075793815));
#14616=CARTESIAN_POINT('',(-0.217,-0.016,0.0403238075793815));
#14617=CARTESIAN_POINT('',(-0.217,-0.016,0.115));
#14618=CARTESIAN_POINT('',(0.233,-0.016,0.115));
#14619=CARTESIAN_POINT('',(-0.233,-0.016,0.115));
#14620=CARTESIAN_POINT('',(-0.233,-0.016,0.0403238075793815));
#14621=CARTESIAN_POINT('',(0.233,-0.016,0.115));
#14622=CARTESIAN_POINT('',(-0.217,-0.016,0.115));
#14623=CARTESIAN_POINT('',(-0.217,0.,0.115));
#14624=CARTESIAN_POINT('',(0.233,0.,0.115));
#14625=CARTESIAN_POINT('',(-0.233,0.,0.115));
#14626=CARTESIAN_POINT('',(-0.233,-0.016,0.115));
#14627=CARTESIAN_POINT('',(0.233,0.,0.115));
#14628=CARTESIAN_POINT('',(-0.217,0.,0.115));
#14629=CARTESIAN_POINT('',(-0.233,0.,0.115));
#14630=CARTESIAN_POINT('',(0.233,0.0634194044623617,0.));
#14631=CARTESIAN_POINT('',(0.217,0.0634194044623617,0.));
#14632=CARTESIAN_POINT('',(0.183,0.0634194044623617,0.));
#14633=CARTESIAN_POINT('',(0.167,0.0634194044623617,0.));
#14634=CARTESIAN_POINT('',(0.133,0.0634194044623617,0.));
#14635=CARTESIAN_POINT('',(0.117,0.0634194044623617,0.));
#14636=CARTESIAN_POINT('',(0.0829999999999999,0.0634194044623617,0.));
#14637=CARTESIAN_POINT('',(0.067,0.0634194044623617,0.));
#14638=CARTESIAN_POINT('',(0.0329999999999999,0.0634194044623617,0.));
#14639=CARTESIAN_POINT('',(0.0169999999999999,0.0634194044623617,0.));
#14640=CARTESIAN_POINT('',(-0.017,0.0634194044623617,0.));
#14641=CARTESIAN_POINT('',(-0.033,0.0634194044623617,0.));
#14642=CARTESIAN_POINT('',(-0.067,0.0634194044623617,0.));
#14643=CARTESIAN_POINT('',(-0.083,0.0634194044623617,0.));
#14644=CARTESIAN_POINT('',(-0.117,0.0634194044623617,0.));
#14645=CARTESIAN_POINT('',(-0.133,0.0634194044623617,0.));
#14646=CARTESIAN_POINT('',(-0.167,0.0634194044623617,0.));
#14647=CARTESIAN_POINT('',(-0.183,0.0634194044623617,0.));
#14648=CARTESIAN_POINT('',(-0.217,0.0634194044623617,0.));
#14649=CARTESIAN_POINT('',(-0.233,0.0634194044623617,0.));
#14650=CARTESIAN_POINT('',(0.233,0.0634194044623617,0.));
#14651=CARTESIAN_POINT('',(0.233,0.0090000000000005,-0.0403238075793815));
#14652=CARTESIAN_POINT('',(-0.233,0.0090000000000005,-0.0403238075793815));
#14653=CARTESIAN_POINT('',(-0.217,-0.44609430648634,0.5));
#14654=CARTESIAN_POINT('',(-0.183,0.01,0.5));
#14655=CARTESIAN_POINT('',(-0.167,-0.44445605508514,0.5));
#14656=CARTESIAN_POINT('',(-0.133,0.01,0.5));
#14657=CARTESIAN_POINT('',(-0.117,-0.44445605508514,0.5));
#14658=CARTESIAN_POINT('',(-0.083,0.01,0.5));
#14659=CARTESIAN_POINT('',(-0.067,-0.44445605508514,0.5));
#14660=CARTESIAN_POINT('',(-0.033,0.01,0.5));
#14661=CARTESIAN_POINT('',(-0.017,-0.44445605508514,0.5));
#14662=CARTESIAN_POINT('',(0.017,0.01,0.5));
#14663=CARTESIAN_POINT('',(0.0329999999999999,-0.44445605508514,0.5));
#14664=CARTESIAN_POINT('',(0.0669999999999999,0.01,0.5));
#14665=CARTESIAN_POINT('',(0.0829999999999999,-0.44445605508514,0.5));
#14666=CARTESIAN_POINT('',(0.117,0.01,0.5));
#14667=CARTESIAN_POINT('',(0.133,-0.44445605508514,0.5));
#14668=CARTESIAN_POINT('',(0.167,0.01,0.5));
#14669=CARTESIAN_POINT('',(0.183,-0.44445605508514,0.5));
#14670=CARTESIAN_POINT('',(0.217,0.01,0.5));
#14671=CARTESIAN_POINT('',(-0.217,-0.44609430648634,0.5));
#14672=CARTESIAN_POINT('',(-0.183,0.01,0.5));
#14673=CARTESIAN_POINT('',(-0.167,-0.44445605508514,0.5));
#14674=CARTESIAN_POINT('',(-0.133,0.01,0.5));
#14675=CARTESIAN_POINT('',(-0.117,-0.44445605508514,0.5));
#14676=CARTESIAN_POINT('',(-0.083,0.01,0.5));
#14677=CARTESIAN_POINT('',(-0.083,0.38870989344571,0.032999999999998));
#14678=CARTESIAN_POINT('',(-0.083,0.,0.032999999999998));
#14679=CARTESIAN_POINT('',(-0.083,0.,0.032999999999998));
#14680=CARTESIAN_POINT('',(-0.067,-0.44445605508514,0.5));
#14681=CARTESIAN_POINT('',(-0.067,0.,0.032999999999998));
#14682=CARTESIAN_POINT('',(-0.067,0.,0.032999999999998));
#14683=CARTESIAN_POINT('',(-0.067,-0.44445605508514,0.032999999999998));
#14684=CARTESIAN_POINT('',(-0.033,0.01,0.5));
#14685=CARTESIAN_POINT('',(-0.017,-0.44445605508514,0.5));
#14686=CARTESIAN_POINT('',(0.017,0.01,0.5));
#14687=CARTESIAN_POINT('',(0.0329999999999999,-0.44445605508514,0.5));
#14688=CARTESIAN_POINT('',(0.0669999999999999,0.01,0.5));
#14689=CARTESIAN_POINT('',(0.0829999999999999,-0.44445605508514,0.5));
#14690=CARTESIAN_POINT('',(0.117,0.01,0.5));
#14691=CARTESIAN_POINT('',(0.133,-0.44445605508514,0.5));
#14692=CARTESIAN_POINT('',(0.167,0.01,0.5));
#14693=CARTESIAN_POINT('',(0.217,0.01,0.5));
#14694=CARTESIAN_POINT('',(0.183,-0.44445605508514,0.5));
#14695=CARTESIAN_POINT('',(-0.083,-1.,0.016999999999999));
#14696=CARTESIAN_POINT('',(-0.067,-1.,0.016999999999999));
#14697=CARTESIAN_POINT('',(-0.083,-1.,0.016999999999999));
#14698=CARTESIAN_POINT('',(-0.083,0.38870989344571,0.032999999999998));
#14699=CARTESIAN_POINT('',(-0.067,0.38870989344571,0.032999999999998));
#14700=CARTESIAN_POINT('',(-0.083,0.,0.032999999999998));
#14701=CARTESIAN_POINT('',(-0.083,0.38870989344571,0.032999999999998));
#14702=CARTESIAN_POINT('',(-0.083,0.,0.032999999999998));
#14703=CARTESIAN_POINT('',(-0.083,0.,0.));
#14704=CARTESIAN_POINT('',(-0.067,0.,0.));
#14705=CARTESIAN_POINT('',(0.,0.,0.));
#14706=CARTESIAN_POINT('',(0.1,0.229,0.065));
#14707=CARTESIAN_POINT('',(-0.1,0.229,0.065));
#14708=CARTESIAN_POINT('',(-0.1,0.229,0.065));
#14709=CARTESIAN_POINT('',(-0.1,0.108999999999994,0.065));
#14710=CARTESIAN_POINT('',(0.1,0.108999999999994,0.065));
#14711=CARTESIAN_POINT('',(0.1,0.108999999999994,0.065));
#14712=CARTESIAN_POINT('',(0.1,0.229,0.065));
#14713=CARTESIAN_POINT('',(0.1,0.229,0.065));
#14714=CARTESIAN_POINT('',(0.1,0.229,0.065));
#14715=CARTESIAN_POINT('',(-0.0325,0.199,0.065));
#14716=CARTESIAN_POINT('',(-0.0325,0.199,0.065));
#14717=CARTESIAN_POINT('',(-0.0325,0.1465,0.065));
#14718=CARTESIAN_POINT('',(0.0325,0.199,0.065));
#14719=CARTESIAN_POINT('',(0.0325,0.199,0.065));
#14720=CARTESIAN_POINT('',(0.0325,0.1465,0.065));
#14721=CARTESIAN_POINT('',(0.0325,0.1465,0.065));
#14722=CARTESIAN_POINT('',(0.0049999999999998,0.119,0.065));
#14723=CARTESIAN_POINT('',(0.00499999999999981,0.119,0.065));
#14724=CARTESIAN_POINT('',(-0.0050000000000002,0.119,0.065));
#14725=CARTESIAN_POINT('',(-0.00500000000000019,0.119,0.065));
#14726=CARTESIAN_POINT('',(-0.0325,0.1465,0.065));
#14727=CARTESIAN_POINT('',(0.1,0.259,-0.115));
#14728=CARTESIAN_POINT('',(-0.1,0.259,-0.115));
#14729=CARTESIAN_POINT('',(-0.1,0.259,-0.115));
#14730=CARTESIAN_POINT('',(-0.1,0.259,0.115));
#14731=CARTESIAN_POINT('',(0.1,0.259,0.115));
#14732=CARTESIAN_POINT('',(0.1,0.259,0.115));
#14733=CARTESIAN_POINT('',(0.1,0.259,-0.115));
#14734=CARTESIAN_POINT('',(0.1,0.259,-0.115));
#14735=CARTESIAN_POINT('',(0.1,0.259,-0.115));
#14736=CARTESIAN_POINT('',(0.1,0.259,0.115));
#14737=CARTESIAN_POINT('',(-0.1,0.259,0.115));
#14738=CARTESIAN_POINT('',(-0.1,0.229,0.115));
#14739=CARTESIAN_POINT('',(0.1,0.229,0.115));
#14740=CARTESIAN_POINT('',(0.1,0.229,0.115));
#14741=CARTESIAN_POINT('',(0.1,0.259,0.115));
#14742=CARTESIAN_POINT('',(0.1,0.229,0.115));
#14743=CARTESIAN_POINT('',(-0.1,0.229,0.115));
#14744=CARTESIAN_POINT('',(0.1,0.229,0.115));
#14745=CARTESIAN_POINT('',(0.1,0.108999999999994,0.0550000000000052));
#14746=CARTESIAN_POINT('',(-0.1,0.108999999999994,0.0550000000000052));
#14747=CARTESIAN_POINT('',(-0.1,0.098999999999999,0.0550000000000052));
#14748=CARTESIAN_POINT('',(0.1,0.098999999999999,0.0550000000000052));
#14749=CARTESIAN_POINT('',(0.1,0.098999999999999,0.0550000000000052));
#14750=CARTESIAN_POINT('',(0.1,0.108999999999994,0.0550000000000052));
#14751=CARTESIAN_POINT('',(0.1,0.098999999999999,0.0550000000000052));
#14752=CARTESIAN_POINT('',(-0.1,0.098999999999999,0.0550000000000052));
#14753=CARTESIAN_POINT('',(-0.1,0.098999999999999,0.0499999999999931));
#14754=CARTESIAN_POINT('',(0.1,0.098999999999999,0.0499999999999931));
#14755=CARTESIAN_POINT('',(0.1,0.098999999999999,0.0499999999999931));
#14756=CARTESIAN_POINT('',(0.1,0.098999999999999,0.0550000000000052));
#14757=CARTESIAN_POINT('',(0.1,0.108999999999992,0.0499999999999931));
#14758=CARTESIAN_POINT('',(-0.1,0.108999999999992,0.0499999999999931));
#14759=CARTESIAN_POINT('',(-0.1,0.108999999999992,0.04));
#14760=CARTESIAN_POINT('',(0.1,0.108999999999992,0.04));
#14761=CARTESIAN_POINT('',(0.1,0.108999999999992,0.04));
#14762=CARTESIAN_POINT('',(0.1,0.108999999999992,0.0499999999999931));
#14763=CARTESIAN_POINT('',(0.1,0.108999999999992,0.04));
#14764=CARTESIAN_POINT('',(-0.1,0.108999999999992,0.04));
#14765=CARTESIAN_POINT('',(-0.1,0.119,0.04));
#14766=CARTESIAN_POINT('',(0.1,0.119,0.04));
#14767=CARTESIAN_POINT('',(0.1,0.119,0.04));
#14768=CARTESIAN_POINT('',(0.1,0.108999999999992,0.04));
#14769=CARTESIAN_POINT('',(0.1,0.119,0.04));
#14770=CARTESIAN_POINT('',(-0.1,0.119,0.04));
#14771=CARTESIAN_POINT('',(-0.1,0.12530282831008,0.033));
#14772=CARTESIAN_POINT('',(0.1,0.12530282831008,0.033));
#14773=CARTESIAN_POINT('',(0.1,0.12530282831008,0.033));
#14774=CARTESIAN_POINT('',(0.1,0.119,0.04));
#14775=CARTESIAN_POINT('',(0.1,0.12530282831008,0.033));
#14776=CARTESIAN_POINT('',(-0.1,0.12530282831008,0.033));
#14777=CARTESIAN_POINT('',(-0.1,0.14730282831008,0.033));
#14778=CARTESIAN_POINT('',(0.1,0.14730282831008,0.033));
#14779=CARTESIAN_POINT('',(0.1,0.14730282831008,0.033));
#14780=CARTESIAN_POINT('',(0.1,0.12530282831008,0.033));
#14781=CARTESIAN_POINT('',(0.1,0.14730282831008,0.033));
#14782=CARTESIAN_POINT('',(-0.1,0.14730282831008,0.033));
#14783=CARTESIAN_POINT('',(-0.1,0.15507711591389,0.04));
#14784=CARTESIAN_POINT('',(0.1,0.15507711591389,0.04));
#14785=CARTESIAN_POINT('',(0.1,0.15507711591389,0.04));
#14786=CARTESIAN_POINT('',(0.1,0.14730282831008,0.033));
#14787=CARTESIAN_POINT('',(0.1,0.15507711591389,0.04));
#14788=CARTESIAN_POINT('',(-0.1,0.15507711591389,0.04));
#14789=CARTESIAN_POINT('',(-0.1,0.229,0.04));
#14790=CARTESIAN_POINT('',(0.1,0.229,0.04));
#14791=CARTESIAN_POINT('',(0.1,0.229,0.04));
#14792=CARTESIAN_POINT('',(0.1,0.15507711591389,0.04));
#14793=CARTESIAN_POINT('',(0.1,0.229,0.04));
#14794=CARTESIAN_POINT('',(-0.1,0.229,0.04));
#14795=CARTESIAN_POINT('',(-0.1,0.229,0.015000000000001));
#14796=CARTESIAN_POINT('',(0.1,0.229,0.015000000000001));
#14797=CARTESIAN_POINT('',(0.1,0.229,0.015000000000001));
#14798=CARTESIAN_POINT('',(0.1,0.229,0.04));
#14799=CARTESIAN_POINT('',(0.1,0.229,0.015000000000001));
#14800=CARTESIAN_POINT('',(-0.1,0.229,0.015000000000001));
#14801=CARTESIAN_POINT('',(-0.1,0.108999999999994,0.015000000000001));
#14802=CARTESIAN_POINT('',(0.1,0.108999999999994,0.015000000000001));
#14803=CARTESIAN_POINT('',(0.1,0.108999999999994,0.015000000000001));
#14804=CARTESIAN_POINT('',(0.1,0.229,0.015000000000001));
#14805=CARTESIAN_POINT('',(0.1,0.108999999999994,0.0050000000000062));
#14806=CARTESIAN_POINT('',(-0.1,0.108999999999994,0.0050000000000062));
#14807=CARTESIAN_POINT('',(-0.1,0.098999999999999,0.00500000000000622));
#14808=CARTESIAN_POINT('',(0.1,0.098999999999999,0.00500000000000622));
#14809=CARTESIAN_POINT('',(0.1,0.098999999999999,0.00500000000000622));
#14810=CARTESIAN_POINT('',(0.1,0.108999999999994,0.0050000000000062));
#14811=CARTESIAN_POINT('',(0.1,0.098999999999999,0.00500000000000622));
#14812=CARTESIAN_POINT('',(-0.1,0.098999999999999,0.00500000000000622));
#14813=CARTESIAN_POINT('',(-0.1,0.098999999999999,-0.00500000000000622));
#14814=CARTESIAN_POINT('',(0.1,0.098999999999999,-0.00500000000000622));
#14815=CARTESIAN_POINT('',(0.1,0.098999999999999,-0.00500000000000622));
#14816=CARTESIAN_POINT('',(0.1,0.098999999999999,0.00500000000000622));
#14817=CARTESIAN_POINT('',(0.1,0.108999999999994,-0.00500000000000622));
#14818=CARTESIAN_POINT('',(-0.1,0.108999999999994,-0.00500000000000622));
#14819=CARTESIAN_POINT('',(-0.1,0.108999999999994,-0.015000000000001));
#14820=CARTESIAN_POINT('',(0.1,0.108999999999994,-0.015000000000001));
#14821=CARTESIAN_POINT('',(0.1,0.108999999999994,-0.015000000000001));
#14822=CARTESIAN_POINT('',(0.1,0.108999999999994,-0.00500000000000622));
#14823=CARTESIAN_POINT('',(0.1,0.108999999999994,-0.015000000000001));
#14824=CARTESIAN_POINT('',(-0.1,0.108999999999994,-0.015000000000001));
#14825=CARTESIAN_POINT('',(-0.1,0.229,-0.015000000000001));
#14826=CARTESIAN_POINT('',(0.1,0.229,-0.015000000000001));
#14827=CARTESIAN_POINT('',(0.1,0.229,-0.015000000000001));
#14828=CARTESIAN_POINT('',(0.1,0.108999999999994,-0.015000000000001));
#14829=CARTESIAN_POINT('',(0.1,0.229,-0.015000000000001));
#14830=CARTESIAN_POINT('',(-0.1,0.229,-0.015000000000001));
#14831=CARTESIAN_POINT('',(-0.1,0.229,-0.04));
#14832=CARTESIAN_POINT('',(0.1,0.229,-0.04));
#14833=CARTESIAN_POINT('',(0.1,0.229,-0.04));
#14834=CARTESIAN_POINT('',(0.1,0.229,-0.015000000000001));
#14835=CARTESIAN_POINT('',(0.1,0.229,-0.04));
#14836=CARTESIAN_POINT('',(-0.1,0.229,-0.04));
#14837=CARTESIAN_POINT('',(-0.1,0.15507711591389,-0.04));
#14838=CARTESIAN_POINT('',(0.1,0.15507711591389,-0.04));
#14839=CARTESIAN_POINT('',(0.1,0.15507711591389,-0.04));
#14840=CARTESIAN_POINT('',(0.1,0.229,-0.04));
#14841=CARTESIAN_POINT('',(0.1,0.15507711591389,-0.04));
#14842=CARTESIAN_POINT('',(-0.1,0.15507711591389,-0.04));
#14843=CARTESIAN_POINT('',(-0.1,0.14730282831008,-0.033));
#14844=CARTESIAN_POINT('',(0.1,0.14730282831008,-0.033));
#14845=CARTESIAN_POINT('',(0.1,0.14730282831008,-0.033));
#14846=CARTESIAN_POINT('',(0.1,0.15507711591389,-0.04));
#14847=CARTESIAN_POINT('',(0.1,0.14730282831008,-0.033));
#14848=CARTESIAN_POINT('',(-0.1,0.14730282831008,-0.033));
#14849=CARTESIAN_POINT('',(-0.1,0.12530282831008,-0.033));
#14850=CARTESIAN_POINT('',(0.1,0.12530282831008,-0.033));
#14851=CARTESIAN_POINT('',(0.1,0.12530282831008,-0.033));
#14852=CARTESIAN_POINT('',(0.1,0.14730282831008,-0.033));
#14853=CARTESIAN_POINT('',(0.1,0.12530282831008,-0.033));
#14854=CARTESIAN_POINT('',(-0.1,0.12530282831008,-0.033));
#14855=CARTESIAN_POINT('',(-0.1,0.119,-0.04));
#14856=CARTESIAN_POINT('',(0.1,0.119,-0.04));
#14857=CARTESIAN_POINT('',(0.1,0.119,-0.04));
#14858=CARTESIAN_POINT('',(0.1,0.12530282831008,-0.033));
#14859=CARTESIAN_POINT('',(0.1,0.119,-0.04));
#14860=CARTESIAN_POINT('',(-0.1,0.119,-0.04));
#14861=CARTESIAN_POINT('',(-0.1,0.108999999999992,-0.04));
#14862=CARTESIAN_POINT('',(0.1,0.108999999999992,-0.04));
#14863=CARTESIAN_POINT('',(0.1,0.108999999999992,-0.04));
#14864=CARTESIAN_POINT('',(0.1,0.119,-0.04));
#14865=CARTESIAN_POINT('',(0.1,0.108999999999992,-0.0499999999999931));
#14866=CARTESIAN_POINT('',(-0.1,0.108999999999992,-0.0499999999999931));
#14867=CARTESIAN_POINT('',(-0.1,0.098999999999999,-0.0499999999999931));
#14868=CARTESIAN_POINT('',(0.1,0.098999999999999,-0.0499999999999931));
#14869=CARTESIAN_POINT('',(0.1,0.098999999999999,-0.0499999999999931));
#14870=CARTESIAN_POINT('',(0.1,0.108999999999992,-0.0499999999999931));
#14871=CARTESIAN_POINT('',(0.1,0.098999999999999,-0.0499999999999931));
#14872=CARTESIAN_POINT('',(-0.1,0.098999999999999,-0.0499999999999931));
#14873=CARTESIAN_POINT('',(-0.1,0.098999999999999,-0.0550000000000052));
#14874=CARTESIAN_POINT('',(0.1,0.098999999999999,-0.0550000000000052));
#14875=CARTESIAN_POINT('',(0.1,0.098999999999999,-0.0550000000000052));
#14876=CARTESIAN_POINT('',(0.1,0.098999999999999,-0.0499999999999931));
#14877=CARTESIAN_POINT('',(0.1,0.108999999999994,-0.0550000000000052));
#14878=CARTESIAN_POINT('',(-0.1,0.108999999999994,-0.0550000000000052));
#14879=CARTESIAN_POINT('',(-0.1,0.108999999999994,-0.065));
#14880=CARTESIAN_POINT('',(0.1,0.108999999999994,-0.065));
#14881=CARTESIAN_POINT('',(0.1,0.108999999999994,-0.065));
#14882=CARTESIAN_POINT('',(0.1,0.108999999999994,-0.0550000000000052));
#14883=CARTESIAN_POINT('',(0.1,0.108999999999994,-0.065));
#14884=CARTESIAN_POINT('',(-0.1,0.108999999999994,-0.065));
#14885=CARTESIAN_POINT('',(-0.1,0.229,-0.065));
#14886=CARTESIAN_POINT('',(0.1,0.229,-0.065));
#14887=CARTESIAN_POINT('',(0.1,0.229,-0.065));
#14888=CARTESIAN_POINT('',(0.1,0.108999999999994,-0.065));
#14889=CARTESIAN_POINT('',(0.1,0.229,-0.065));
#14890=CARTESIAN_POINT('',(-0.1,0.229,-0.065));
#14891=CARTESIAN_POINT('',(-0.1,0.229,-0.115));
#14892=CARTESIAN_POINT('',(0.1,0.229,-0.115));
#14893=CARTESIAN_POINT('',(0.1,0.229,-0.115));
#14894=CARTESIAN_POINT('',(0.1,0.229,-0.065));
#14895=CARTESIAN_POINT('',(0.1,0.229,-0.115));
#14896=CARTESIAN_POINT('',(-0.1,0.229,-0.115));
#14897=CARTESIAN_POINT('',(0.1,0.229,-0.115));
#14898=CARTESIAN_POINT('',(0.1,0.108999999999994,0.0550000000000052));
#14899=CARTESIAN_POINT('',(-0.1,0.108999999999994,0.0550000000000052));
#14900=CARTESIAN_POINT('',(-0.0325,0.199,0.175));
#14901=CARTESIAN_POINT('',(-0.0325,0.1465,0.175));
#14902=CARTESIAN_POINT('',(-0.0325,0.1465,0.175));
#14903=CARTESIAN_POINT('',(-0.0325,0.199,0.175));
#14904=CARTESIAN_POINT('',(-0.0325,0.199,0.175));
#14905=CARTESIAN_POINT('',(-0.0325,0.199,0.175));
#14906=CARTESIAN_POINT('',(-0.0325,0.1465,0.175));
#14907=CARTESIAN_POINT('',(-0.0050000000000002,0.119,0.175));
#14908=CARTESIAN_POINT('',(-0.0050000000000002,0.119,0.175));
#14909=CARTESIAN_POINT('',(-0.0325,0.1465,0.175));
#14910=CARTESIAN_POINT('',(-0.0050000000000002,0.119,0.175));
#14911=CARTESIAN_POINT('',(0.0049999999999998,0.119,0.175));
#14912=CARTESIAN_POINT('',(0.0049999999999998,0.119,0.175));
#14913=CARTESIAN_POINT('',(-0.0050000000000002,0.119,0.175));
#14914=CARTESIAN_POINT('',(0.0049999999999998,0.119,0.175));
#14915=CARTESIAN_POINT('',(0.0325,0.1465,0.175));
#14916=CARTESIAN_POINT('',(0.0325,0.1465,0.175));
#14917=CARTESIAN_POINT('',(0.0049999999999998,0.119,0.175));
#14918=CARTESIAN_POINT('',(0.0325,0.1465,0.175));
#14919=CARTESIAN_POINT('',(0.0325,0.199,0.175));
#14920=CARTESIAN_POINT('',(0.0325,0.199,0.175));
#14921=CARTESIAN_POINT('',(0.0325,0.1465,0.175));
#14922=CARTESIAN_POINT('',(0.0325,0.199,0.175));
#14923=CARTESIAN_POINT('',(0.0325,0.199,0.175));
#14924=CARTESIAN_POINT('',(0.,0.,0.175));
#14925=CARTESIAN_POINT('',(0.,0.,0.));
#14926=MECHANICAL_DESIGN_GEOMETRIC_PRESENTATION_REPRESENTATION('',(#9379,
#9380,#9381,#9382),#14927);
#14927=(
GEOMETRIC_REPRESENTATION_CONTEXT(3)
GLOBAL_UNCERTAINTY_ASSIGNED_CONTEXT((#14932))
GLOBAL_UNIT_ASSIGNED_CONTEXT((#14939,#14938,#14937))
REPRESENTATION_CONTEXT('FTSH-110-01-L-DV-007-K-P-TR',
'TOP_LEVEL_ASSEMBLY_PART')
);
#14928=(
GEOMETRIC_REPRESENTATION_CONTEXT(3)
GLOBAL_UNCERTAINTY_ASSIGNED_CONTEXT((#14933))
GLOBAL_UNIT_ASSIGNED_CONTEXT((#14939,#14938,#14937))
REPRESENTATION_CONTEXT('FTSH-110-01-L-DV-007-K-P-TR_body',
'COMPONENT_PART')
);
#14929=(
GEOMETRIC_REPRESENTATION_CONTEXT(3)
GLOBAL_UNCERTAINTY_ASSIGNED_CONTEXT((#14934))
GLOBAL_UNIT_ASSIGNED_CONTEXT((#14939,#14938,#14937))
REPRESENTATION_CONTEXT('FTSH-110-01-L-DV-007-K-P-TR_pins1',
'COMPONENT_PART')
);
#14930=(
GEOMETRIC_REPRESENTATION_CONTEXT(3)
GLOBAL_UNCERTAINTY_ASSIGNED_CONTEXT((#14935))
GLOBAL_UNIT_ASSIGNED_CONTEXT((#14939,#14938,#14937))
REPRESENTATION_CONTEXT('FTSH-110-01-L-DV-007-K-P-TR_pins2',
'COMPONENT_PART')
);
#14931=(
GEOMETRIC_REPRESENTATION_CONTEXT(3)
GLOBAL_UNCERTAINTY_ASSIGNED_CONTEXT((#14936))
GLOBAL_UNIT_ASSIGNED_CONTEXT((#14939,#14938,#14937))
REPRESENTATION_CONTEXT('FTSH-110-01-L-DV-007-K-P-TR_pp_pad',
'COMPONENT_PART')
);
#14932=UNCERTAINTY_MEASURE_WITH_UNIT(LENGTH_MEASURE(3.93700787401575E-7),
#14939,'DISTANCE_ACCURACY_VALUE','Maximum Tolerance applied to model');
#14933=UNCERTAINTY_MEASURE_WITH_UNIT(LENGTH_MEASURE(3.93700787401575E-7),
#14939,'DISTANCE_ACCURACY_VALUE','Maximum Tolerance applied to model');
#14934=UNCERTAINTY_MEASURE_WITH_UNIT(LENGTH_MEASURE(3.93700787401575E-7),
#14939,'DISTANCE_ACCURACY_VALUE','Maximum Tolerance applied to model');
#14935=UNCERTAINTY_MEASURE_WITH_UNIT(LENGTH_MEASURE(3.93700787401575E-7),
#14939,'DISTANCE_ACCURACY_VALUE','Maximum Tolerance applied to model');
#14936=UNCERTAINTY_MEASURE_WITH_UNIT(LENGTH_MEASURE(3.93700787401575E-7),
#14939,'DISTANCE_ACCURACY_VALUE','Maximum Tolerance applied to model');
#14937=(
NAMED_UNIT(*)
SI_UNIT($,.STERADIAN.)
SOLID_ANGLE_UNIT()
);
#14938=(
NAMED_UNIT(*)
PLANE_ANGLE_UNIT()
SI_UNIT($,.RADIAN.)
);
#14939=(
CONVERSION_BASED_UNIT('INCH',#14941)
LENGTH_UNIT()
NAMED_UNIT(#14940)
);
#14940=DIMENSIONAL_EXPONENTS(1.,0.,0.,0.,0.,0.,0.);
#14941=LENGTH_MEASURE_WITH_UNIT(LENGTH_MEASURE(25.4),#14942);
#14942=(
LENGTH_UNIT()
NAMED_UNIT(*)
SI_UNIT(.MILLI.,.METRE.)
);
#14943=PRODUCT_DEFINITION_SHAPE('','',#14952);
#14944=PRODUCT_DEFINITION_SHAPE('','',#14953);
#14945=PRODUCT_DEFINITION_SHAPE(' ','NAUO PRDDFN',#97);
#14946=PRODUCT_DEFINITION_SHAPE('','',#14954);
#14947=PRODUCT_DEFINITION_SHAPE(' ','NAUO PRDDFN',#98);
#14948=PRODUCT_DEFINITION_SHAPE('','',#14955);
#14949=PRODUCT_DEFINITION_SHAPE(' ','NAUO PRDDFN',#99);
#14950=PRODUCT_DEFINITION_SHAPE('','',#14956);
#14951=PRODUCT_DEFINITION_SHAPE(' ','NAUO PRDDFN',#100);
#14952=PRODUCT_DEFINITION('','',#14962,#14957);
#14953=PRODUCT_DEFINITION('','',#14963,#14958);
#14954=PRODUCT_DEFINITION('','',#14964,#14959);
#14955=PRODUCT_DEFINITION('','',#14965,#14960);
#14956=PRODUCT_DEFINITION('','',#14966,#14961);
#14957=PRODUCT_DEFINITION_CONTEXT('',#14988,'design');
#14958=PRODUCT_DEFINITION_CONTEXT('',#14988,'design');
#14959=PRODUCT_DEFINITION_CONTEXT('',#14988,'design');
#14960=PRODUCT_DEFINITION_CONTEXT('',#14988,'design');
#14961=PRODUCT_DEFINITION_CONTEXT('',#14988,'design');
#14962=PRODUCT_DEFINITION_FORMATION_WITH_SPECIFIED_SOURCE('','',#14972,
 .NOT_KNOWN.);
#14963=PRODUCT_DEFINITION_FORMATION_WITH_SPECIFIED_SOURCE('','',#14973,
 .NOT_KNOWN.);
#14964=PRODUCT_DEFINITION_FORMATION_WITH_SPECIFIED_SOURCE('','',#14974,
 .NOT_KNOWN.);
#14965=PRODUCT_DEFINITION_FORMATION_WITH_SPECIFIED_SOURCE('','',#14975,
 .NOT_KNOWN.);
#14966=PRODUCT_DEFINITION_FORMATION_WITH_SPECIFIED_SOURCE('','',#14976,
 .NOT_KNOWN.);
#14967=PRODUCT_RELATED_PRODUCT_CATEGORY('','',(#14972));
#14968=PRODUCT_RELATED_PRODUCT_CATEGORY('','',(#14973));
#14969=PRODUCT_RELATED_PRODUCT_CATEGORY('','',(#14974));
#14970=PRODUCT_RELATED_PRODUCT_CATEGORY('','',(#14975));
#14971=PRODUCT_RELATED_PRODUCT_CATEGORY('','',(#14976));
#14972=PRODUCT('FTSH-110-01-L-DV-007-K-P-TR',
'FTSH-110-01-L-DV-007-K-P-TR','FTSH-110-01-L-DV-007-K-P-TR',(#14982));
#14973=PRODUCT('FTSH-110-01-L-DV-007-K-P-TR_body',
'FTSH-110-01-L-DV-007-K-P-TR_body','FTSH-110-01-L-DV-007-K-P-TR_body',(#14983));
#14974=PRODUCT('FTSH-110-01-L-DV-007-K-P-TR_pins1',
'FTSH-110-01-L-DV-007-K-P-TR_pins1','FTSH-110-01-L-DV-007-K-P-TR_pins1',
(#14984));
#14975=PRODUCT('FTSH-110-01-L-DV-007-K-P-TR_pins2',
'FTSH-110-01-L-DV-007-K-P-TR_pins2','FTSH-110-01-L-DV-007-K-P-TR_pins2',
(#14985));
#14976=PRODUCT('FTSH-110-01-L-DV-007-K-P-TR_pp_pad',
'FTSH-110-01-L-DV-007-K-P-TR_pp_pad',
'FTSH-110-01-L-DV-007-K-P-TR_pp_pad',(#14986));
#14977=PRODUCT_CATEGORY('','');
#14978=PRODUCT_CATEGORY('','');
#14979=PRODUCT_CATEGORY('','');
#14980=PRODUCT_CATEGORY('','');
#14981=PRODUCT_CATEGORY('','');
#14982=PRODUCT_CONTEXT('',#14988,'mechanical');
#14983=PRODUCT_CONTEXT('',#14988,'mechanical');
#14984=PRODUCT_CONTEXT('',#14988,'mechanical');
#14985=PRODUCT_CONTEXT('',#14988,'mechanical');
#14986=PRODUCT_CONTEXT('',#14988,'mechanical');
#14987=APPLICATION_PROTOCOL_DEFINITION('international standard',
'automotive_design',2010,#14988);
#14988=APPLICATION_CONTEXT(
'core data for automotive mechanical design processes');
ENDSEC;
END-ISO-10303-21;
